t,Species,Antibiotic,rho_abx,rho_path,prev,label
2019,Acinetobacter baumannii,Colistin,0.6842105263157895,0.20449438202247192,0.11724137931034483,0
2019,Acinetobacter bereziniae,Ampicillin sulbactam,0.5210843373493976,0.5103244837758112,0.2413793103448276,0
2019,Acinetobacter bereziniae,Levofloxacin,0.4323308270676692,0.3392330383480826,0.2689655172413793,1
2019,Acinetobacter calcoaceticus,Ampicillin sulbactam,0.42771084337349397,0.4551282051282051,0.2413793103448276,1
2019,Acinetobacter calcoaceticus,Ciprofloxacin,0.47474747474747475,0.4519230769230769,0.2,1
2019,Acinetobacter calcoaceticus,Colistin,0.39849624060150374,0.16987179487179488,0.11724137931034483,0
2019,Acinetobacter calcoaceticus,Gentamicin,0.47315436241610737,0.4519230769230769,0.2206896551724138,1
2019,Acinetobacter calcoaceticus,Imipenem,0.5567375886524822,0.5032051282051282,0.2206896551724138,1
2019,Acinetobacter dijkshoorniae,Colistin,0.6240601503759399,0.21012658227848102,0.11724137931034483,0
2019,Acinetobacter johnsonii,Colistin,0.6390977443609023,0.2135678391959799,0.11724137931034483,0
2019,Acinetobacter johnsonii,Levofloxacin,0.4774436090225564,0.31909547738693467,0.2689655172413793,0
2019,Acinetobacter junii,Ampicillin sulbactam,0.5873493975903614,0.5131578947368421,0.2413793103448276,0
2019,Acinetobacter junii,Levofloxacin,0.47368421052631576,0.33157894736842103,0.2689655172413793,0
2019,Acinetobacter lwoffii,Ciprofloxacin,0.5791245791245792,0.5073746312684366,0.2,0
2019,Acinetobacter lwoffii,Colistin,0.5263157894736842,0.20648967551622419,0.11724137931034483,0
2019,Acinetobacter lwoffii,Gentamicin,0.5302013422818792,0.46607669616519176,0.2206896551724138,1
2019,Acinetobacter lwoffii,Levofloxacin,0.39097744360902253,0.30678466076696165,0.2689655172413793,0
2019,Acinetobacter nosocomialis,Ampicillin sulbactam,0.6234939759036144,0.46621621621621623,0.2413793103448276,0
2019,Acinetobacter nosocomialis,Colistin,0.6240601503759399,0.18693693693693694,0.11724137931034483,0
2019,Acinetobacter pitii,Ampicillin sulbactam,0.6234939759036144,0.46621621621621623,0.2413793103448276,1
2019,Acinetobacter pitii,Colistin,0.6240601503759399,0.18693693693693694,0.11724137931034483,0
2019,Acinetobacter radioresistens,Cefepime,0.7073863636363636,0.631979695431472,0.2620689655172414,0
2019,Acinetobacter radioresistens,Colistin,0.6015037593984962,0.20304568527918782,0.11724137931034483,0
2019,Acinetobacter radioresistens,Levofloxacin,0.4924812030075188,0.33248730964467005,0.2689655172413793,1
2019,Acinetobacter spp,Colistin,0.5338345864661654,0.21779141104294478,0.11724137931034483,0
2019,Acinetobacter spp,Gentamicin,0.5469798657718121,0.5,0.2206896551724138,1
2019,Acinetobacter spp,Levofloxacin,0.37969924812030076,0.3098159509202454,0.2689655172413793,1
2019,Acinetobacter ursingii,Ampicillin sulbactam,0.5,0.49404761904761907,0.2413793103448276,1
2019,Acinetobacter ursingii,Ciprofloxacin,0.5723905723905723,0.5059523809523809,0.2,1
2019,Acinetobacter ursingii,Colistin,0.5263157894736842,0.20833333333333334,0.11724137931034483,0
2019,Acinetobacter ursingii,Levofloxacin,0.42857142857142855,0.3392857142857143,0.2689655172413793,0
2019,Citrobacter braakii,Amikacin,0.4658385093167702,0.45317220543806647,0.2482758620689655,0
2019,Citrobacter braakii,Cefepime,0.5227272727272727,0.5558912386706949,0.2620689655172414,0
2019,Citrobacter braakii,Ceftazidime avibactam,0.5849056603773585,0.2809667673716012,0.09655172413793103,0
2019,Citrobacter braakii,Ceftolozane tazobactam,0.6666666666666666,0.24773413897280966,0.08275862068965517,0
2019,Citrobacter braakii,Colistin,0.48120300751879697,0.1933534743202417,0.11724137931034483,0
2019,Citrobacter braakii,Gentamicin,0.3624161073825503,0.32628398791540786,0.2206896551724138,0
2019,Citrobacter braakii,Imipenem,0.4219858156028369,0.3595166163141994,0.2206896551724138,0
2019,Citrobacter braakii,Levofloxacin,0.2894736842105263,0.2326283987915408,0.2689655172413793,0
2019,Citrobacter braakii,Meropenem,0.3780487804878049,0.2809667673716012,0.23448275862068965,0
2019,Citrobacter braakii,Tigecycline,0.4172661870503597,0.17522658610271905,0.15862068965517243,0
2019,Citrobacter braakii,Trimethoprim sulfa,0.4410112359550562,0.4743202416918429,0.2689655172413793,0
2019,Citrobacter freundii,Amikacin,0.515527950310559,0.4811594202898551,0.2482758620689655,0
2019,Citrobacter freundii,Ampicillin,0.6218487394957983,0.6434782608695652,0.33793103448275863,1
2019,Citrobacter freundii,Cefepime,0.5681818181818182,0.5797101449275363,0.2620689655172414,0
2019,Citrobacter freundii,Colistin,0.5338345864661654,0.20579710144927535,0.11724137931034483,0
2019,Citrobacter freundii,Gentamicin,0.4597315436241611,0.39710144927536234,0.2206896551724138,0
2019,Citrobacter freundii,Imipenem,0.5035460992907801,0.4115942028985507,0.2206896551724138,0
2019,Citrobacter freundii,Levofloxacin,0.3082706766917293,0.23768115942028986,0.2689655172413793,0
2019,Citrobacter freundii,Meropenem,0.44715447154471544,0.3188405797101449,0.23448275862068965,0
2019,Citrobacter freundii,Tigecycline,0.43884892086330934,0.17681159420289855,0.15862068965517243,0
2019,Citrobacter koseri,Amikacin,0.062111801242236024,0.2898550724637681,0.2482758620689655,0
2019,Citrobacter koseri,Amoxycillin clavulanate,0.16597510373443983,0.5797101449275363,0.2,0
2019,Citrobacter koseri,Ampicillin sulbactam,0.12650602409638553,0.6086956521739131,0.2413793103448276,0
2019,Citrobacter koseri,Aztreonam,0.1623931623931624,0.5507246376811594,0.16551724137931034,0
2019,Citrobacter koseri,Cefepime,0.06534090909090909,0.3333333333333333,0.2620689655172414,0
2019,Citrobacter koseri,Ceftaroline,0.17164179104477612,0.6666666666666666,0.20689655172413793,0
2019,Citrobacter koseri,Ceftazidime,0.08706467661691543,0.5072463768115942,0.296551724137931,0
2019,Citrobacter koseri,Ceftazidime avibactam,0.11949685534591195,0.2753623188405797,0.09655172413793103,0
2019,Citrobacter koseri,Ciprofloxacin,0.07744107744107744,0.3333333333333333,0.2,0
2019,Citrobacter koseri,Colistin,0.10526315789473684,0.2028985507246377,0.11724137931034483,0
2019,Citrobacter koseri,Gentamicin,0.03691275167785235,0.15942028985507245,0.2206896551724138,0
2019,Citrobacter koseri,Imipenem,0.04609929078014184,0.18840579710144928,0.2206896551724138,0
2019,Citrobacter koseri,Levofloxacin,0.06015037593984962,0.2318840579710145,0.2689655172413793,0
2019,Citrobacter koseri,Meropenem,0.02032520325203252,0.07246376811594203,0.23448275862068965,0
2019,Citrobacter koseri,Piperacillin tazobactam,0.09813084112149532,0.6086956521739131,0.33793103448275863,0
2019,Citrobacter koseri,Tigecycline,0.09352517985611511,0.18840579710144928,0.15862068965517243,0
2019,Citrobacter koseri,Trimethoprim sulfa,0.05337078651685393,0.2753623188405797,0.2689655172413793,0
2019,Clostridioides difficile,Piperacillin tazobactam,0.06542056074766354,0.2028985507246377,0.33793103448275863,0
2019,Clostridioides difficile,Tigecycline,0.11510791366906475,0.11594202898550725,0.15862068965517243,0
2019,Clostridium perfringens,Meropenem,0.07723577235772358,0.168141592920354,0.23448275862068965,0
2019,Clostridium perfringens,Metronidazole,0.631578947368421,0.21238938053097345,0.10344827586206896,0
2019,Clostridium perfringens,Piperacillin tazobactam,0.02336448598130841,0.08849557522123894,0.33793103448275863,0
2019,Enterobacter asburiae,Amikacin,0.4503105590062112,0.4393939393939394,0.2482758620689655,0
2019,Enterobacter asburiae,Cefepime,0.4914772727272727,0.5242424242424243,0.2620689655172414,0
2019,Enterobacter asburiae,Ceftazidime avibactam,0.5786163522012578,0.2787878787878788,0.09655172413793103,1
2019,Enterobacter asburiae,Ciprofloxacin,0.494949494949495,0.44545454545454544,0.2,0
2019,Enterobacter asburiae,Gentamicin,0.3389261744966443,0.30606060606060603,0.2206896551724138,0
2019,Enterobacter asburiae,Imipenem,0.4148936170212766,0.35454545454545455,0.2206896551724138,0
2019,Enterobacter asburiae,Levofloxacin,0.2819548872180451,0.22727272727272727,0.2689655172413793,0
2019,Enterobacter asburiae,Meropenem,0.34959349593495936,0.2606060606060606,0.23448275862068965,0
2019,Enterobacter asburiae,Tigecycline,0.43884892086330934,0.18484848484848485,0.15862068965517243,0
2019,Enterobacter asburiae,Trimethoprim sulfa,0.41853932584269665,0.45151515151515154,0.2689655172413793,0
2019,Enterobacter bugandensis,Amikacin,0.36024844720496896,0.43283582089552236,0.2482758620689655,0
2019,Enterobacter bugandensis,Cefepime,0.40625,0.5335820895522388,0.2620689655172414,0
2019,Enterobacter bugandensis,Ceftazidime avibactam,0.4716981132075472,0.2798507462686567,0.09655172413793103,0
2019,Enterobacter bugandensis,Ciprofloxacin,0.40404040404040403,0.44776119402985076,0.2,0
2019,Enterobacter bugandensis,Gentamicin,0.2751677852348993,0.30597014925373134,0.2206896551724138,0
2019,Enterobacter bugandensis,Imipenem,0.34397163120567376,0.3619402985074627,0.2206896551724138,0
2019,Enterobacter bugandensis,Levofloxacin,0.23308270676691728,0.23134328358208955,0.2689655172413793,0
2019,Enterobacter bugandensis,Meropenem,0.2804878048780488,0.2574626865671642,0.23448275862068965,0
2019,Enterobacter bugandensis,Tigecycline,0.38848920863309355,0.20149253731343283,0.15862068965517243,1
2019,Enterobacter bugandensis,Trimethoprim sulfa,0.34269662921348315,0.4552238805970149,0.2689655172413793,0
2019,Enterobacter cloacae,Amikacin,0.5372670807453416,0.44587628865979384,0.2482758620689655,0
2019,Enterobacter cloacae,Cefepime,0.59375,0.538659793814433,0.2620689655172414,1
2019,Enterobacter cloacae,Colistin,0.5263157894736842,0.18041237113402062,0.11724137931034483,0
2019,Enterobacter cloacae,Gentamicin,0.41946308724832215,0.32216494845360827,0.2206896551724138,0
2019,Enterobacter cloacae,Imipenem,0.4716312056737589,0.3427835051546392,0.2206896551724138,0
2019,Enterobacter cloacae,Levofloxacin,0.37593984962406013,0.25773195876288657,0.2689655172413793,0
2019,Enterobacter cloacae,Meropenem,0.4105691056910569,0.2603092783505155,0.23448275862068965,0
2019,Enterobacter cloacae,Tigecycline,0.49640287769784175,0.17783505154639176,0.15862068965517243,0
2019,Enterobacter cloacae,Trimethoprim sulfa,0.5028089887640449,0.46134020618556704,0.2689655172413793,0
2019,Enterobacter spp,Amikacin,0.5869565217391305,0.4846153846153846,0.2482758620689655,0
2019,Enterobacter spp,Colistin,0.6090225563909775,0.2076923076923077,0.11724137931034483,0
2019,Enterobacter spp,Gentamicin,0.4899328859060403,0.37435897435897436,0.2206896551724138,0
2019,Enterobacter spp,Imipenem,0.5638297872340425,0.4076923076923077,0.2206896551724138,0
2019,Enterobacter spp,Levofloxacin,0.38721804511278196,0.2641025641025641,0.2689655172413793,0
2019,Enterobacter spp,Meropenem,0.4796747967479675,0.30256410256410254,0.23448275862068965,0
2019,Enterobacter xiangfangensis,Amikacin,0.593167701863354,0.4948186528497409,0.2482758620689655,0
2019,Enterobacter xiangfangensis,Ceftazidime avibactam,0.660377358490566,0.27202072538860106,0.09655172413793103,1
2019,Enterobacter xiangfangensis,Colistin,0.5939849624060151,0.20466321243523317,0.11724137931034483,0
2019,Enterobacter xiangfangensis,Imipenem,0.574468085106383,0.41968911917098445,0.2206896551724138,0
2019,Enterobacter xiangfangensis,Levofloxacin,0.40977443609022557,0.2823834196891192,0.2689655172413793,0
2019,Enterobacter xiangfangensis,Meropenem,0.516260162601626,0.3290155440414508,0.23448275862068965,0
2019,Enterobacter xiangfangensis,Tigecycline,0.5035971223021583,0.18134715025906736,0.15862068965517243,0
2019,Enterococcus faecalis,Ampicillin,0.14565826330532214,0.4444444444444444,0.33793103448275863,0
2019,Enterococcus faecalis,Tigecycline,0.07194244604316546,0.08547008547008547,0.15862068965517243,0
2019,Enterococcus faecium,Tigecycline,0.15827338129496402,0.11398963730569948,0.15862068965517243,0
2019,Escherichia coli,Amikacin,0.6211180124223602,0.47393364928909953,0.2482758620689655,0
2019,Escherichia coli,Amoxycillin clavulanate,0.6680497925311203,0.3815165876777251,0.2,0
2019,Escherichia coli,Ceftazidime avibactam,0.6415094339622641,0.24170616113744076,0.09655172413793103,0
2019,Escherichia coli,Ceftolozane tazobactam,0.6260162601626016,0.18246445497630331,0.08275862068965517,0
2019,Escherichia coli,Colistin,0.556390977443609,0.17535545023696683,0.11724137931034483,0
2019,Escherichia coli,Imipenem,0.5921985815602837,0.3957345971563981,0.2206896551724138,0
2019,Escherichia coli,Meropenem,0.5365853658536586,0.3127962085308057,0.23448275862068965,0
2019,Escherichia coli,Piperacillin tazobactam,0.6612149532710281,0.6706161137440758,0.33793103448275863,0
2019,Escherichia coli,Tigecycline,0.4892086330935252,0.16113744075829384,0.15862068965517243,0
2019,Finegoldia magna,Meropenem,0.06910569105691057,0.18681318681318682,0.23448275862068965,0
2019,Finegoldia magna,Metronidazole,0.5263157894736842,0.21978021978021978,0.10344827586206896,0
2019,Finegoldia magna,Piperacillin tazobactam,0.009345794392523364,0.04395604395604396,0.33793103448275863,0
2019,Finegoldia magna,Tigecycline,0.07194244604316546,0.10989010989010989,0.15862068965517243,0
2019,Haemophilus influenzae,Amoxycillin clavulanate,0.22406639004149378,0.46956521739130436,0.2,0
2019,Haemophilus influenzae,Azithromycin,0.0625,0.008695652173913044,0.020689655172413793,0
2019,Haemophilus influenzae,Ceftaroline,0.21641791044776118,0.5043478260869565,0.20689655172413793,0
2019,Haemophilus influenzae,Ceftazidime,0.1517412935323383,0.5304347826086957,0.296551724137931,0
2019,Haemophilus influenzae,Ceftriaxone,0.18206521739130435,0.5826086956521739,0.2896551724137931,0
2019,Haemophilus influenzae,Levofloxacin,0.13909774436090225,0.3217391304347826,0.2689655172413793,0
2019,Haemophilus influenzae,Meropenem,0.06910569105691057,0.14782608695652175,0.23448275862068965,0
2019,Haemophilus influenzae,Piperacillin tazobactam,0.16121495327102803,0.6,0.33793103448275863,0
2019,Haemophilus influenzae,Tigecycline,0.14388489208633093,0.17391304347826086,0.15862068965517243,0
2019,Klebsiella aerogenes,Amikacin,0.45962732919254656,0.4265129682997118,0.2482758620689655,0
2019,Klebsiella aerogenes,Cefepime,0.5142045454545454,0.521613832853026,0.2620689655172414,0
2019,Klebsiella aerogenes,Ceftazidime avibactam,0.5849056603773585,0.2680115273775216,0.09655172413793103,0
2019,Klebsiella aerogenes,Ciprofloxacin,0.4983164983164983,0.4265129682997118,0.2,0
2019,Klebsiella aerogenes,Colistin,0.45112781954887216,0.1729106628242075,0.11724137931034483,0
2019,Klebsiella aerogenes,Gentamicin,0.3389261744966443,0.2910662824207493,0.2206896551724138,0
2019,Klebsiella aerogenes,Imipenem,0.3829787234042553,0.3112391930835735,0.2206896551724138,0
2019,Klebsiella aerogenes,Levofloxacin,0.33458646616541354,0.2564841498559078,0.2689655172413793,0
2019,Klebsiella aerogenes,Meropenem,0.34552845528455284,0.24495677233429394,0.23448275862068965,0
2019,Klebsiella aerogenes,Tigecycline,0.4172661870503597,0.16714697406340057,0.15862068965517243,0
2019,Klebsiella aerogenes,Trimethoprim sulfa,0.41292134831460675,0.42363112391930835,0.2689655172413793,0
2019,Klebsiella oxytoca,Amikacin,0.3416149068322981,0.3971119133574007,0.2482758620689655,0
2019,Klebsiella oxytoca,Amoxycillin clavulanate,0.5601659751037344,0.48736462093862815,0.2,0
2019,Klebsiella oxytoca,Cefepime,0.39204545454545453,0.4981949458483754,0.2620689655172414,0
2019,Klebsiella oxytoca,Ceftazidime,0.44776119402985076,0.6498194945848376,0.296551724137931,0
2019,Klebsiella oxytoca,Ceftazidime avibactam,0.46540880503144655,0.26714801444043323,0.09655172413793103,0
2019,Klebsiella oxytoca,Ciprofloxacin,0.39057239057239057,0.4187725631768953,0.2,0
2019,Klebsiella oxytoca,Colistin,0.3383458646616541,0.1624548736462094,0.11724137931034483,0
2019,Klebsiella oxytoca,Gentamicin,0.2651006711409396,0.2851985559566787,0.2206896551724138,0
2019,Klebsiella oxytoca,Imipenem,0.2907801418439716,0.296028880866426,0.2206896551724138,0
2019,Klebsiella oxytoca,Levofloxacin,0.2593984962406015,0.2490974729241877,0.2689655172413793,0
2019,Klebsiella oxytoca,Meropenem,0.2601626016260163,0.23104693140794225,0.23448275862068965,0
2019,Klebsiella oxytoca,Tigecycline,0.302158273381295,0.15162454873646208,0.15862068965517243,0
2019,Klebsiella oxytoca,Trimethoprim sulfa,0.32303370786516855,0.4151624548736462,0.2689655172413793,0
2019,Klebsiella pneumoniae,Amoxycillin clavulanate,0.8713692946058091,0.4117647058823529,0.2,0
2019,Klebsiella pneumoniae,Colistin,0.7218045112781954,0.18823529411764706,0.11724137931034483,0
2019,Klebsiella pneumoniae,Imipenem,0.776595744680851,0.4294117647058823,0.2206896551724138,0
2019,Klebsiella pneumoniae,Levofloxacin,0.5827067669172933,0.30392156862745096,0.2689655172413793,0
2019,Klebsiella pneumoniae,Meropenem,0.7195121951219512,0.34705882352941175,0.23448275862068965,1
2019,Klebsiella pneumoniae,Tigecycline,0.6115107913669064,0.16666666666666666,0.15862068965517243,0
2019,Klebsiella variicola,Amikacin,0.5993788819875776,0.48129675810473815,0.2482758620689655,0
2019,Klebsiella variicola,Amoxycillin clavulanate,0.6721991701244814,0.40399002493765584,0.2,0
2019,Klebsiella variicola,Ceftazidime,0.6666666666666666,0.6683291770573566,0.296551724137931,0
2019,Klebsiella variicola,Ceftazidime avibactam,0.6540880503144654,0.2593516209476309,0.09655172413793103,0
2019,Klebsiella variicola,Colistin,0.5488721804511278,0.18204488778054864,0.11724137931034483,0
2019,Klebsiella variicola,Imipenem,0.5638297872340425,0.39650872817955113,0.2206896551724138,0
2019,Klebsiella variicola,Levofloxacin,0.45112781954887216,0.29925187032418954,0.2689655172413793,0
2019,Klebsiella variicola,Meropenem,0.5121951219512195,0.314214463840399,0.23448275862068965,0
2019,Klebsiella variicola,Tigecycline,0.4676258992805755,0.16209476309226933,0.15862068965517243,0
2019,Morganella morganii,Amikacin,0.37267080745341613,0.4897959183673469,0.2482758620689655,0
2019,Morganella morganii,Aztreonam,0.36752136752136755,0.3510204081632653,0.16551724137931034,0
2019,Morganella morganii,Cefepime,0.3494318181818182,0.5020408163265306,0.2620689655172414,0
2019,Morganella morganii,Ceftaroline,0.43656716417910446,0.4775510204081633,0.20689655172413793,0
2019,Morganella morganii,Ceftazidime,0.3582089552238806,0.5877551020408164,0.296551724137931,0
2019,Morganella morganii,Ceftazidime avibactam,0.4025157232704403,0.2612244897959184,0.09655172413793103,0
2019,Morganella morganii,Ceftolozane tazobactam,0.36585365853658536,0.1836734693877551,0.08275862068965517,0
2019,Morganella morganii,Gentamicin,0.33221476510067116,0.40408163265306124,0.2206896551724138,0
2019,Morganella morganii,Levofloxacin,0.2593984962406015,0.2816326530612245,0.2689655172413793,0
2019,Morganella morganii,Meropenem,0.2886178861788618,0.2897959183673469,0.23448275862068965,0
2019,Morganella morganii,Piperacillin tazobactam,0.34813084112149534,0.6081632653061224,0.33793103448275863,0
2019,Prevotella bivia,Meropenem,0.08943089430894309,0.23655913978494625,0.23448275862068965,0
2019,Prevotella bivia,Piperacillin tazobactam,0.014018691588785047,0.06451612903225806,0.33793103448275863,0
2019,Prevotella bivia,Tigecycline,0.14388489208633093,0.21505376344086022,0.15862068965517243,0
2019,Proteus mirabilis,Amoxycillin clavulanate,0.27385892116182575,0.27615062761506276,0.2,0
2019,Proteus mirabilis,Ampicillin,0.24649859943977592,0.3682008368200837,0.33793103448275863,0
2019,Proteus mirabilis,Ampicillin sulbactam,0.3102409638554217,0.4309623430962343,0.2413793103448276,0
2019,Proteus mirabilis,Aztreonam,0.19658119658119658,0.19246861924686193,0.16551724137931034,0
2019,Proteus mirabilis,Cefepime,0.3806818181818182,0.5606694560669456,0.2620689655172414,0
2019,Proteus mirabilis,Ceftaroline,0.2537313432835821,0.28451882845188287,0.20689655172413793,0
2019,Proteus mirabilis,Ceftazidime,0.3358208955223881,0.5648535564853556,0.296551724137931,0
2019,Proteus mirabilis,Ceftazidime avibactam,0.3081761006289308,0.20502092050209206,0.09655172413793103,1
2019,Proteus mirabilis,Ceftolozane tazobactam,0.24390243902439024,0.12552301255230125,0.08275862068965517,0
2019,Proteus mirabilis,Meropenem,0.4065040650406504,0.41841004184100417,0.23448275862068965,0
2019,Proteus mirabilis,Piperacillin tazobactam,0.32242990654205606,0.5774058577405857,0.33793103448275863,0
2019,Proteus vulgaris,Amikacin,0.33229813664596275,0.47555555555555556,0.2482758620689655,0
2019,Proteus vulgaris,Amoxycillin clavulanate,0.38589211618257263,0.41333333333333333,0.2,0
2019,Proteus vulgaris,Ampicillin sulbactam,0.3493975903614458,0.5155555555555555,0.2413793103448276,0
2019,Proteus vulgaris,Aztreonam,0.33760683760683763,0.3511111111111111,0.16551724137931034,0
2019,Proteus vulgaris,Cefepime,0.3181818181818182,0.49777777777777776,0.2620689655172414,0
2019,Proteus vulgaris,Ceftazidime,0.31343283582089554,0.56,0.296551724137931,0
2019,Proteus vulgaris,Ceftazidime avibactam,0.33962264150943394,0.24,0.09655172413793103,0
2019,Proteus vulgaris,Ceftolozane tazobactam,0.3089430894308943,0.1688888888888889,0.08275862068965517,0
2019,Proteus vulgaris,Ciprofloxacin,0.31986531986531985,0.4222222222222222,0.2,0
2019,Proteus vulgaris,Gentamicin,0.2751677852348993,0.36444444444444446,0.2206896551724138,0
2019,Proteus vulgaris,Levofloxacin,0.24060150375939848,0.28444444444444444,0.2689655172413793,0
2019,Proteus vulgaris,Meropenem,0.2682926829268293,0.29333333333333333,0.23448275862068965,0
2019,Proteus vulgaris,Piperacillin tazobactam,0.3107476635514019,0.5911111111111111,0.33793103448275863,0
2019,Providencia rettgeri,Ampicillin,0.4061624649859944,0.48986486486486486,0.33793103448275863,0
2019,Providencia rettgeri,Aztreonam,0.42735042735042733,0.33783783783783783,0.16551724137931034,0
2019,Providencia rettgeri,Cefepime,0.48295454545454547,0.5743243243243243,0.2620689655172414,0
2019,Providencia rettgeri,Ceftaroline,0.47761194029850745,0.43243243243243246,0.20689655172413793,0
2019,Providencia rettgeri,Ceftazidime,0.472636815920398,0.6418918918918919,0.296551724137931,0
2019,Providencia rettgeri,Levofloxacin,0.3533834586466165,0.31756756756756754,0.2689655172413793,0
2019,Providencia rettgeri,Meropenem,0.45528455284552843,0.3783783783783784,0.23448275862068965,1
2019,Providencia rettgeri,Piperacillin tazobactam,0.45794392523364486,0.6621621621621622,0.33793103448275863,0
2019,Providencia stuartii,Ampicillin,0.5126050420168067,0.5169491525423728,0.33793103448275863,0
2019,Providencia stuartii,Aztreonam,0.5170940170940171,0.3418079096045198,0.16551724137931034,0
2019,Providencia stuartii,Cefepime,0.5340909090909091,0.5310734463276836,0.2620689655172414,0
2019,Providencia stuartii,Ceftazidime,0.5298507462686567,0.6016949152542372,0.296551724137931,0
2019,Providencia stuartii,Meropenem,0.47560975609756095,0.3305084745762712,0.23448275862068965,0
2019,Providencia stuartii,Piperacillin tazobactam,0.5116822429906542,0.6186440677966102,0.33793103448275863,0
2019,Pseudomonas aeruginosa,Colistin,0.5037593984962406,0.1925287356321839,0.11724137931034483,0
2019,Serratia marcescens,Amikacin,0.18012422360248448,0.3515151515151515,0.2482758620689655,0
2019,Serratia marcescens,Aztreonam,0.36752136752136755,0.5212121212121212,0.16551724137931034,0
2019,Serratia marcescens,Cefepime,0.1903409090909091,0.40606060606060607,0.2620689655172414,0
2019,Serratia marcescens,Ceftazidime,0.23880597014925373,0.5818181818181818,0.296551724137931,0
2019,Serratia marcescens,Ceftazidime avibactam,0.3018867924528302,0.2909090909090909,0.09655172413793103,0
2019,Serratia marcescens,Ceftolozane tazobactam,0.36585365853658536,0.2727272727272727,0.08275862068965517,0
2019,Serratia marcescens,Ciprofloxacin,0.2255892255892256,0.40606060606060607,0.2,0
2019,Serratia marcescens,Gentamicin,0.13758389261744966,0.24848484848484848,0.2206896551724138,0
2019,Serratia marcescens,Imipenem,0.18085106382978725,0.3090909090909091,0.2206896551724138,0
2019,Serratia marcescens,Levofloxacin,0.12781954887218044,0.20606060606060606,0.2689655172413793,0
2019,Serratia marcescens,Meropenem,0.08943089430894309,0.13333333333333333,0.23448275862068965,0
2019,Serratia marcescens,Piperacillin tazobactam,0.24065420560747663,0.6242424242424243,0.33793103448275863,0
2019,Serratia marcescens,Tigecycline,0.2949640287769784,0.24848484848484848,0.15862068965517243,0
2019,Serratia marcescens,Trimethoprim sulfa,0.18820224719101122,0.40606060606060607,0.2689655172413793,0
2019,Staphylococcus Coagulase Negative,Daptomycin,0.5,0.034934497816593885,0.013793103448275862,0
2019,Staphylococcus Coagulase Negative,Tigecycline,0.18705035971223022,0.11353711790393013,0.15862068965517243,0
2019,Staphylococcus Coagulase Negative,Vancomycin,0.36363636363636365,0.06986899563318777,0.06206896551724138,0
2019,Staphylococcus aureus,Ceftaroline,0.041044776119402986,0.06043956043956044,0.20689655172413793,0
2019,Staphylococcus aureus,Daptomycin,0.25,0.02197802197802198,0.013793103448275862,0
2019,Staphylococcus aureus,Linezolid,0.6190476190476191,0.21428571428571427,0.06206896551724138,0
2019,Staphylococcus aureus,Teicoplanin,0.5,0.08791208791208792,0.027586206896551724,0
2019,Staphylococcus aureus,Tigecycline,0.1366906474820144,0.1043956043956044,0.15862068965517243,0
2019,Staphylococcus aureus,Trimethoprim sulfa,0.1853932584269663,0.3626373626373626,0.2689655172413793,0
2019,Staphylococcus aureus,Vancomycin,0.25,0.06043956043956044,0.06206896551724138,0
2019,Staphylococcus epidermidis,Daptomycin,0.375,0.02654867256637168,0.013793103448275862,0
2019,Staphylococcus epidermidis,Teicoplanin,0.6875,0.09734513274336283,0.027586206896551724,0
2019,Staphylococcus epidermidis,Tigecycline,0.18705035971223022,0.11504424778761062,0.15862068965517243,0
2019,Staphylococcus epidermidis,Vancomycin,0.3181818181818182,0.061946902654867256,0.06206896551724138,0
2019,Staphylococcus haemolyticus,Daptomycin,0.5,0.034934497816593885,0.013793103448275862,0
2019,Staphylococcus haemolyticus,Tigecycline,0.18705035971223022,0.11353711790393013,0.15862068965517243,0
2019,Staphylococcus haemolyticus,Vancomycin,0.36363636363636365,0.06986899563318777,0.06206896551724138,0
2019,Streptococcus agalactiae,Ceftaroline,0.029850746268656716,0.06504065040650407,0.20689655172413793,0
2019,Streptococcus agalactiae,Ceftriaxone,0.04891304347826087,0.14634146341463414,0.2896551724137931,0
2019,Streptococcus agalactiae,Levofloxacin,0.15413533834586465,0.3333333333333333,0.2689655172413793,1
2019,Streptococcus agalactiae,Linezolid,0.2857142857142857,0.14634146341463414,0.06206896551724138,0
2019,Streptococcus agalactiae,Meropenem,0.06910569105691057,0.13821138211382114,0.23448275862068965,0
2019,Streptococcus agalactiae,Penicillin,0.4358974358974359,0.2764227642276423,0.2,0
2019,Streptococcus agalactiae,Tigecycline,0.09352517985611511,0.10569105691056911,0.15862068965517243,0
2019,Streptococcus agalactiae,Vancomycin,0.25,0.08943089430894309,0.06206896551724138,0
2019,Streptococcus anginosus,Ceftriaxone,0.0,0.0,0.2896551724137931,0
2019,Streptococcus anginosus,Levofloxacin,0.08270676691729323,0.25,0.2689655172413793,0
2019,Streptococcus anginosus,Linezolid,0.2222222222222222,0.1590909090909091,0.06206896551724138,0
2019,Streptococcus anginosus,Meropenem,0.04878048780487805,0.13636363636363635,0.23448275862068965,0
2019,Streptococcus anginosus,Penicillin,0.32051282051282054,0.2840909090909091,0.2,0
2019,Streptococcus anginosus,Tigecycline,0.06474820143884892,0.10227272727272728,0.15862068965517243,0
2019,Streptococcus anginosus,Vancomycin,0.045454545454545456,0.022727272727272728,0.06206896551724138,0
2019,Streptococcus dysgalactiae,Ceftaroline,0.0,0.0,0.20689655172413793,0
2019,Streptococcus dysgalactiae,Ceftriaxone,0.0,0.0,0.2896551724137931,0
2019,Streptococcus dysgalactiae,Levofloxacin,0.08270676691729323,0.25,0.2689655172413793,0
2019,Streptococcus dysgalactiae,Linezolid,0.2222222222222222,0.1590909090909091,0.06206896551724138,0
2019,Streptococcus dysgalactiae,Meropenem,0.04878048780487805,0.13636363636363635,0.23448275862068965,0
2019,Streptococcus dysgalactiae,Penicillin,0.32051282051282054,0.2840909090909091,0.2,0
2019,Streptococcus dysgalactiae,Tigecycline,0.06474820143884892,0.10227272727272728,0.15862068965517243,0
2019,Streptococcus dysgalactiae,Vancomycin,0.045454545454545456,0.022727272727272728,0.06206896551724138,0
2019,Streptococcus pneumoniae,Ceftaroline,0.07835820895522388,0.109375,0.20689655172413793,0
2019,Streptococcus pneumoniae,Ceftriaxone,0.10597826086956522,0.203125,0.2896551724137931,1
2019,Streptococcus pneumoniae,Levofloxacin,0.19172932330827067,0.265625,0.2689655172413793,0
2019,Streptococcus pneumoniae,Linezolid,0.25396825396825395,0.08333333333333333,0.06206896551724138,0
2019,Streptococcus pneumoniae,Tigecycline,0.1366906474820144,0.09895833333333333,0.15862068965517243,0
2019,Streptococcus pneumoniae,Vancomycin,0.22727272727272727,0.052083333333333336,0.06206896551724138,0
2019,Streptococcus pyogenes,Ceftaroline,0.029850746268656716,0.06611570247933884,0.20689655172413793,0
2019,Streptococcus pyogenes,Ceftriaxone,0.04891304347826087,0.1487603305785124,0.2896551724137931,0
2019,Streptococcus pyogenes,Levofloxacin,0.15037593984962405,0.3305785123966942,0.2689655172413793,0
2019,Streptococcus pyogenes,Linezolid,0.2857142857142857,0.1487603305785124,0.06206896551724138,0
2019,Streptococcus pyogenes,Meropenem,0.06504065040650407,0.1322314049586777,0.23448275862068965,0
2019,Streptococcus pyogenes,Penicillin,0.4230769230769231,0.2727272727272727,0.2,0
2019,Streptococcus pyogenes,Tigecycline,0.09352517985611511,0.10743801652892562,0.15862068965517243,0
2019,Streptococcus pyogenes,Vancomycin,0.25,0.09090909090909091,0.06206896551724138,0
2019,"Streptococcus, Beta Hemolytic",Ceftaroline,0.0,0.0,0.20689655172413793,0
2019,"Streptococcus, Beta Hemolytic",Ceftriaxone,0.0,0.0,0.2896551724137931,0
2019,"Streptococcus, Beta Hemolytic",Levofloxacin,0.08270676691729323,0.25,0.2689655172413793,0
2019,"Streptococcus, Beta Hemolytic",Linezolid,0.2222222222222222,0.1590909090909091,0.06206896551724138,0
2019,"Streptococcus, Beta Hemolytic",Meropenem,0.04878048780487805,0.13636363636363635,0.23448275862068965,0
2019,"Streptococcus, Beta Hemolytic",Penicillin,0.32051282051282054,0.2840909090909091,0.2,0
2019,"Streptococcus, Beta Hemolytic",Tigecycline,0.06474820143884892,0.10227272727272728,0.15862068965517243,0
2019,"Streptococcus, Beta Hemolytic",Vancomycin,0.045454545454545456,0.022727272727272728,0.06206896551724138,0
2020,Acinetobacter baumannii,Colistin,0.6162790697674418,0.2217573221757322,0.13548387096774195,0
2020,Acinetobacter bereziniae,Ampicillin sulbactam,0.4702702702702703,0.4254278728606357,0.24516129032258063,1
2020,Acinetobacter calcoaceticus,Ampicillin sulbactam,0.3945945945945946,0.43452380952380953,0.24516129032258063,1
2020,Acinetobacter calcoaceticus,Ciprofloxacin,0.4776536312849162,0.5089285714285714,0.2129032258064516,1
2020,Acinetobacter calcoaceticus,Colistin,0.37209302325581395,0.19047619047619047,0.13548387096774195,0
2020,Acinetobacter calcoaceticus,Gentamicin,0.4937106918238994,0.46726190476190477,0.2129032258064516,1
2020,Acinetobacter calcoaceticus,Imipenem,0.5704697986577181,0.5059523809523809,0.2129032258064516,1
2020,Acinetobacter dijkshoorniae,Colistin,0.5232558139534884,0.2349869451697128,0.13548387096774195,0
2020,Acinetobacter dijkshoorniae,Levofloxacin,0.4811320754716981,0.39947780678851175,0.2838709677419355,1
2020,Acinetobacter johnsonii,Colistin,0.5697674418604651,0.2300469483568075,0.13548387096774195,0
2020,Acinetobacter johnsonii,Levofloxacin,0.5283018867924528,0.39436619718309857,0.2838709677419355,0
2020,Acinetobacter junii,Ampicillin sulbactam,0.518918918918919,0.46943765281173594,0.24516129032258063,0
2020,Acinetobacter junii,Levofloxacin,0.5314465408805031,0.4132029339853301,0.2838709677419355,0
2020,Acinetobacter lwoffii,Ciprofloxacin,0.5921787709497207,0.5234567901234568,0.2129032258064516,0
2020,Acinetobacter lwoffii,Colistin,0.4941860465116279,0.20987654320987653,0.13548387096774195,0
2020,Acinetobacter lwoffii,Gentamicin,0.5880503144654088,0.4617283950617284,0.2129032258064516,1
2020,Acinetobacter nosocomialis,Ampicillin sulbactam,0.5567567567567567,0.4336842105263158,0.24516129032258063,1
2020,Acinetobacter nosocomialis,Colistin,0.5813953488372093,0.21052631578947367,0.13548387096774195,0
2020,Acinetobacter pitii,Ampicillin sulbactam,0.5567567567567567,0.4336842105263158,0.24516129032258063,1
2020,Acinetobacter pitii,Colistin,0.5813953488372093,0.21052631578947367,0.13548387096774195,0
2020,Acinetobacter radioresistens,Ampicillin sulbactam,0.4783783783783784,0.4609375,0.24516129032258063,1
2020,Acinetobacter radioresistens,Cefepime,0.6426735218508998,0.6510416666666666,0.25806451612903225,0
2020,Acinetobacter radioresistens,Colistin,0.5,0.22395833333333334,0.13548387096774195,0
2020,Acinetobacter radioresistens,Levofloxacin,0.5125786163522013,0.4244791666666667,0.2838709677419355,0
2020,Acinetobacter spp,Colistin,0.5581395348837209,0.22535211267605634,0.13548387096774195,0
2020,Acinetobacter ursingii,Ampicillin sulbactam,0.5,0.4755784061696658,0.24516129032258063,1
2020,Acinetobacter ursingii,Colistin,0.5290697674418605,0.23393316195372751,0.13548387096774195,0
2020,Acinetobacter ursingii,Levofloxacin,0.5125786163522013,0.4190231362467866,0.2838709677419355,0
2020,Bacteroides fragilis,Piperacillin tazobactam,0.06736842105263158,0.20382165605095542,0.33548387096774196,1
2020,Citrobacter braakii,Amikacin,0.37272727272727274,0.36936936936936937,0.22580645161290322,0
2020,Citrobacter braakii,Cefepime,0.43958868894601544,0.5135135135135135,0.25806451612903225,0
2020,Citrobacter braakii,Ceftazidime avibactam,0.5275229357798165,0.34534534534534533,0.12903225806451613,0
2020,Citrobacter braakii,Ceftolozane tazobactam,0.5853658536585366,0.36036036036036034,0.12258064516129032,0
2020,Citrobacter braakii,Ciprofloxacin,0.3994413407821229,0.4294294294294294,0.2129032258064516,0
2020,Citrobacter braakii,Colistin,0.4069767441860465,0.21021021021021022,0.13548387096774195,0
2020,Citrobacter braakii,Gentamicin,0.2830188679245283,0.2702702702702703,0.2129032258064516,0
2020,Citrobacter braakii,Imipenem,0.3422818791946309,0.3063063063063063,0.2129032258064516,0
2020,Citrobacter braakii,Levofloxacin,0.2641509433962264,0.25225225225225223,0.2838709677419355,0
2020,Citrobacter braakii,Meropenem,0.31654676258992803,0.26426426426426425,0.22580645161290322,0
2020,Citrobacter braakii,Meropenem vaborbactam,0.5095541401273885,0.24024024024024024,0.08387096774193549,0
2020,Citrobacter braakii,Tigecycline,0.3581081081081081,0.15915915915915915,0.15483870967741936,0
2020,Citrobacter braakii,Trimethoprim sulfa,0.37587006960556846,0.4864864864864865,0.2967741935483871,0
2020,Citrobacter freundii,Amikacin,0.5454545454545454,0.39215686274509803,0.22580645161290322,0
2020,Citrobacter freundii,Cefepime,0.6323907455012854,0.5359477124183006,0.25806451612903225,0
2020,Citrobacter freundii,Colistin,0.6337209302325582,0.2374727668845316,0.13548387096774195,0
2020,Citrobacter freundii,Gentamicin,0.48427672955974843,0.3355119825708061,0.2129032258064516,0
2020,Citrobacter freundii,Imipenem,0.5335570469798657,0.3464052287581699,0.2129032258064516,0
2020,Citrobacter freundii,Levofloxacin,0.3867924528301887,0.2679738562091503,0.2838709677419355,0
2020,Citrobacter freundii,Meropenem,0.4856115107913669,0.29411764705882354,0.22580645161290322,0
2020,Citrobacter freundii,Tigecycline,0.5202702702702703,0.16775599128540306,0.15483870967741936,0
2020,Citrobacter koseri,Amikacin,0.03939393939393939,0.203125,0.22580645161290322,0
2020,Citrobacter koseri,Amoxycillin clavulanate,0.12949640287769784,0.5625,0.2064516129032258,0
2020,Citrobacter koseri,Ampicillin sulbactam,0.10540540540540541,0.609375,0.24516129032258063,0
2020,Citrobacter koseri,Aztreonam,0.12222222222222222,0.515625,0.17419354838709677,0
2020,Citrobacter koseri,Cefepime,0.05141388174807198,0.3125,0.25806451612903225,0
2020,Citrobacter koseri,Ceftaroline,0.13312693498452013,0.671875,0.22580645161290322,0
2020,Citrobacter koseri,Ceftazidime,0.06911447084233262,0.5,0.3096774193548387,0
2020,Citrobacter koseri,Ceftazidime avibactam,0.0871559633027523,0.296875,0.12903225806451613,0
2020,Citrobacter koseri,Ceftolozane tazobactam,0.11707317073170732,0.375,0.12258064516129032,0
2020,Citrobacter koseri,Ciprofloxacin,0.04748603351955307,0.265625,0.2129032258064516,0
2020,Citrobacter koseri,Colistin,0.08139534883720931,0.21875,0.13548387096774195,0
2020,Citrobacter koseri,Gentamicin,0.0220125786163522,0.109375,0.2129032258064516,0
2020,Citrobacter koseri,Imipenem,0.03355704697986577,0.15625,0.2129032258064516,0
2020,Citrobacter koseri,Levofloxacin,0.04716981132075472,0.234375,0.2838709677419355,0
2020,Citrobacter koseri,Meropenem,0.014388489208633094,0.0625,0.22580645161290322,0
2020,Citrobacter koseri,Meropenem vaborbactam,0.10191082802547771,0.25,0.08387096774193549,0
2020,Citrobacter koseri,Piperacillin tazobactam,0.07578947368421053,0.5625,0.33548387096774196,0
2020,Citrobacter koseri,Tigecycline,0.07432432432432433,0.171875,0.15483870967741936,0
2020,Citrobacter koseri,Trimethoprim sulfa,0.04640371229698376,0.3125,0.2967741935483871,0
2020,Citrobacter spp,Amikacin,0.4,0.3656509695290859,0.22580645161290322,0
2020,Citrobacter spp,Cefepime,0.48586118251928023,0.5235457063711911,0.25806451612903225,0
2020,Citrobacter spp,Ciprofloxacin,0.4888268156424581,0.48476454293628807,0.2129032258064516,1
2020,Citrobacter spp,Colistin,0.48255813953488375,0.2299168975069252,0.13548387096774195,0
2020,Citrobacter spp,Gentamicin,0.34591194968553457,0.3047091412742382,0.2129032258064516,0
2020,Citrobacter spp,Imipenem,0.39932885906040266,0.3296398891966759,0.2129032258064516,0
2020,Citrobacter spp,Levofloxacin,0.2893081761006289,0.2548476454293629,0.2838709677419355,0
2020,Citrobacter spp,Meropenem,0.3597122302158273,0.2770083102493075,0.22580645161290322,0
2020,Citrobacter spp,Meropenem vaborbactam,0.6114649681528662,0.2659279778393352,0.08387096774193549,1
2020,Citrobacter spp,Tigecycline,0.41216216216216217,0.16897506925207756,0.15483870967741936,0
2020,Clostridioides difficile,Meropenem,0.05755395683453238,0.14285714285714285,0.22580645161290322,0
2020,Clostridioides difficile,Piperacillin tazobactam,0.00631578947368421,0.026785714285714284,0.33548387096774196,0
2020,Clostridioides difficile,Tigecycline,0.0945945945945946,0.125,0.15483870967741936,0
2020,Clostridium perfringens,Meropenem,0.0539568345323741,0.125,0.22580645161290322,0
2020,Clostridium perfringens,Metronidazole,0.6842105263157895,0.21666666666666667,0.1032258064516129,0
2020,Clostridium perfringens,Piperacillin tazobactam,0.016842105263157894,0.06666666666666667,0.33548387096774196,0
2020,Clostridium spp,Meropenem,0.05755395683453238,0.14285714285714285,0.22580645161290322,1
2020,Clostridium spp,Piperacillin tazobactam,0.00631578947368421,0.026785714285714284,0.33548387096774196,1
2020,Clostridium spp,Tigecycline,0.0945945945945946,0.125,0.15483870967741936,0
2020,Enterobacter bugandensis,Amikacin,0.3393939393939394,0.35331230283911674,0.22580645161290322,0
2020,Enterobacter bugandensis,Cefepime,0.40359897172236503,0.4952681388012618,0.25806451612903225,0
2020,Enterobacter bugandensis,Ceftazidime avibactam,0.5458715596330275,0.3753943217665615,0.12903225806451613,0
2020,Enterobacter bugandensis,Ciprofloxacin,0.40502793296089384,0.45741324921135645,0.2129032258064516,0
2020,Enterobacter bugandensis,Gentamicin,0.2672955974842767,0.26813880126182965,0.2129032258064516,0
2020,Enterobacter bugandensis,Imipenem,0.3389261744966443,0.3186119873817035,0.2129032258064516,0
2020,Enterobacter bugandensis,Levofloxacin,0.24213836477987422,0.24290220820189273,0.2838709677419355,0
2020,Enterobacter bugandensis,Meropenem,0.29136690647482016,0.2555205047318612,0.22580645161290322,0
2020,Enterobacter bugandensis,Meropenem vaborbactam,0.5286624203821656,0.2618296529968454,0.08387096774193549,0
2020,Enterobacter bugandensis,Tigecycline,0.40540540540540543,0.1892744479495268,0.15483870967741936,0
2020,Enterobacter bugandensis,Trimethoprim sulfa,0.3665893271461717,0.49842271293375395,0.2967741935483871,0
2020,Enterobacter cloacae,Amikacin,0.5151515151515151,0.3794642857142857,0.22580645161290322,0
2020,Enterobacter cloacae,Cefepime,0.596401028277635,0.5178571428571429,0.25806451612903225,0
2020,Enterobacter cloacae,Colistin,0.5697674418604651,0.21875,0.13548387096774195,0
2020,Enterobacter cloacae,Gentamicin,0.42138364779874216,0.29910714285714285,0.2129032258064516,0
2020,Enterobacter cloacae,Imipenem,0.46308724832214765,0.3080357142857143,0.2129032258064516,0
2020,Enterobacter cloacae,Levofloxacin,0.389937106918239,0.2767857142857143,0.2838709677419355,0
2020,Enterobacter cloacae,Meropenem,0.4244604316546763,0.26339285714285715,0.22580645161290322,0
2020,Enterobacter cloacae,Tigecycline,0.5067567567567568,0.16741071428571427,0.15483870967741936,0
2020,Enterobacter cloacae,Trimethoprim sulfa,0.5382830626450116,0.5178571428571429,0.2967741935483871,0
2020,Enterobacter spp,Amikacin,0.5575757575757576,0.4144144144144144,0.22580645161290322,0
2020,Enterobacter spp,Colistin,0.6104651162790697,0.23648648648648649,0.13548387096774195,0
2020,Enterobacter spp,Gentamicin,0.4937106918238994,0.3536036036036036,0.2129032258064516,0
2020,Enterobacter spp,Imipenem,0.5503355704697986,0.36936936936936937,0.2129032258064516,0
2020,Enterobacter spp,Levofloxacin,0.39622641509433965,0.28378378378378377,0.2838709677419355,0
2020,Enterobacter spp,Meropenem,0.5071942446043165,0.31756756756756754,0.22580645161290322,0
2020,Enterobacter spp,Tigecycline,0.5202702702702703,0.17342342342342343,0.15483870967741936,0
2020,Enterococcus faecalis,Ampicillin,0.12832929782082325,0.4274193548387097,0.34838709677419355,0
2020,Enterococcus faecalis,Tigecycline,0.06756756756756757,0.08064516129032258,0.15483870967741936,0
2020,Enterococcus faecium,Tigecycline,0.14864864864864866,0.10679611650485436,0.15483870967741936,0
2020,Escherichia coli,Amikacin,0.6393939393939394,0.41699604743083,0.22580645161290322,0
2020,Escherichia coli,Amoxycillin clavulanate,0.7266187050359713,0.39920948616600793,0.2064516129032258,0
2020,Escherichia coli,Ceftazidime avibactam,0.7247706422018348,0.31225296442687744,0.12903225806451613,0
2020,Escherichia coli,Colistin,0.6162790697674418,0.20948616600790515,0.13548387096774195,0
2020,Escherichia coli,Imipenem,0.6140939597315436,0.3616600790513834,0.2129032258064516,0
2020,Escherichia coli,Meropenem,0.5755395683453237,0.31620553359683795,0.22580645161290322,0
2020,Escherichia coli,Piperacillin tazobactam,0.72,0.6758893280632411,0.33548387096774196,0
2020,Escherichia coli,Tigecycline,0.5067567567567568,0.1482213438735178,0.15483870967741936,0
2020,Finegoldia magna,Meropenem,0.04316546762589928,0.12371134020618557,0.22580645161290322,0
2020,Finegoldia magna,Metronidazole,0.5789473684210527,0.2268041237113402,0.1032258064516129,1
2020,Finegoldia magna,Piperacillin tazobactam,0.00631578947368421,0.030927835051546393,0.33548387096774196,0
2020,Finegoldia magna,Tigecycline,0.06756756756756757,0.10309278350515463,0.15483870967741936,0
2020,Haemophilus influenzae,Amoxycillin clavulanate,0.2158273381294964,0.4838709677419355,0.2064516129032258,0
2020,Haemophilus influenzae,Azithromycin,0.0625,0.008064516129032258,0.01935483870967742,0
2020,Haemophilus influenzae,Ceftaroline,0.21052631578947367,0.5483870967741935,0.22580645161290322,0
2020,Haemophilus influenzae,Ceftazidime,0.14038876889848811,0.5241935483870968,0.3096774193548387,0
2020,Haemophilus influenzae,Ceftriaxone,0.17884130982367757,0.5725806451612904,0.2838709677419355,0
2020,Haemophilus influenzae,Levofloxacin,0.11949685534591195,0.3064516129032258,0.2838709677419355,0
2020,Haemophilus influenzae,Meropenem,0.06474820143884892,0.14516129032258066,0.22580645161290322,0
2020,Haemophilus influenzae,Piperacillin tazobactam,0.15578947368421053,0.5967741935483871,0.33548387096774196,0
2020,Haemophilus influenzae,Tigecycline,0.13513513513513514,0.16129032258064516,0.15483870967741936,0
2020,Klebsiella aerogenes,Amikacin,0.4212121212121212,0.36103896103896105,0.22580645161290322,0
2020,Klebsiella aerogenes,Cefepime,0.4910025706940874,0.4961038961038961,0.25806451612903225,0
2020,Klebsiella aerogenes,Ceftazidime avibactam,0.591743119266055,0.33506493506493507,0.12903225806451613,0
2020,Klebsiella aerogenes,Ciprofloxacin,0.4553072625698324,0.42337662337662335,0.2129032258064516,0
2020,Klebsiella aerogenes,Colistin,0.4476744186046512,0.2,0.13548387096774195,0
2020,Klebsiella aerogenes,Gentamicin,0.31761006289308175,0.2623376623376623,0.2129032258064516,0
2020,Klebsiella aerogenes,Imipenem,0.3624161073825503,0.2805194805194805,0.2129032258064516,0
2020,Klebsiella aerogenes,Levofloxacin,0.3333333333333333,0.2753246753246753,0.2838709677419355,0
2020,Klebsiella aerogenes,Meropenem,0.3381294964028777,0.24415584415584415,0.22580645161290322,0
2020,Klebsiella aerogenes,Meropenem vaborbactam,0.6178343949044586,0.2519480519480519,0.08387096774193549,0
2020,Klebsiella aerogenes,Tigecycline,0.40540540540540543,0.15584415584415584,0.15483870967741936,0
2020,Klebsiella aerogenes,Trimethoprim sulfa,0.4176334106728538,0.4675324675324675,0.2967741935483871,0
2020,Klebsiella oxytoca,Amikacin,0.30606060606060603,0.3289902280130293,0.22580645161290322,0
2020,Klebsiella oxytoca,Amoxycillin clavulanate,0.5467625899280576,0.495114006514658,0.2064516129032258,0
2020,Klebsiella oxytoca,Cefepime,0.3676092544987147,0.46579804560260585,0.25806451612903225,0
2020,Klebsiella oxytoca,Ceftazidime,0.4298056155507559,0.6482084690553745,0.3096774193548387,0
2020,Klebsiella oxytoca,Ceftazidime avibactam,0.4724770642201835,0.3355048859934853,0.12903225806451613,1
2020,Klebsiella oxytoca,Ciprofloxacin,0.35195530726256985,0.41042345276872966,0.2129032258064516,0
2020,Klebsiella oxytoca,Colistin,0.3372093023255814,0.18892508143322476,0.13548387096774195,0
2020,Klebsiella oxytoca,Gentamicin,0.24213836477987422,0.250814332247557,0.2129032258064516,0
2020,Klebsiella oxytoca,Imipenem,0.2684563758389262,0.26058631921824105,0.2129032258064516,0
2020,Klebsiella oxytoca,Levofloxacin,0.25471698113207547,0.26384364820846906,0.2838709677419355,0
2020,Klebsiella oxytoca,Meropenem,0.2446043165467626,0.22149837133550487,0.22580645161290322,0
2020,Klebsiella oxytoca,Meropenem vaborbactam,0.5159235668789809,0.26384364820846906,0.08387096774193549,0
2020,Klebsiella oxytoca,Tigecycline,0.2905405405405405,0.14006514657980457,0.15483870967741936,0
2020,Klebsiella oxytoca,Trimethoprim sulfa,0.3294663573085847,0.46254071661237783,0.2967741935483871,0
2020,Klebsiella pneumoniae,Amoxycillin clavulanate,0.8669064748201439,0.4184027777777778,0.2064516129032258,0
2020,Klebsiella pneumoniae,Colistin,0.7209302325581395,0.2152777777777778,0.13548387096774195,0
2020,Klebsiella pneumoniae,Imipenem,0.7684563758389261,0.3975694444444444,0.2129032258064516,0
2020,Klebsiella pneumoniae,Levofloxacin,0.6132075471698113,0.3385416666666667,0.2838709677419355,0
2020,Klebsiella pneumoniae,Meropenem,0.7410071942446043,0.3576388888888889,0.22580645161290322,1
2020,Klebsiella pneumoniae,Tigecycline,0.6013513513513513,0.1545138888888889,0.15483870967741936,0
2020,Klebsiella spp,Amikacin,0.5787878787878787,0.42921348314606744,0.22580645161290322,1
2020,Klebsiella spp,Amoxycillin clavulanate,0.6834532374100719,0.42696629213483145,0.2064516129032258,0
2020,Klebsiella spp,Colistin,0.5930232558139535,0.2292134831460674,0.13548387096774195,0
2020,Klebsiella spp,Imipenem,0.5939597315436241,0.39775280898876403,0.2129032258064516,1
2020,Klebsiella spp,Levofloxacin,0.4308176100628931,0.30786516853932583,0.2838709677419355,0
2020,Klebsiella spp,Meropenem,0.5611510791366906,0.350561797752809,0.22580645161290322,1
2020,Klebsiella spp,Tigecycline,0.46621621621621623,0.1550561797752809,0.15483870967741936,0
2020,Klebsiella variicola,Amikacin,0.5272727272727272,0.41037735849056606,0.22580645161290322,0
2020,Klebsiella variicola,Amoxycillin clavulanate,0.6690647482014388,0.4386792452830189,0.2064516129032258,0
2020,Klebsiella variicola,Ceftazidime,0.6241900647948164,0.6816037735849056,0.3096774193548387,1
2020,Klebsiella variicola,Ceftazidime avibactam,0.6697247706422018,0.3443396226415094,0.12903225806451613,1
2020,Klebsiella variicola,Colistin,0.5232558139534884,0.21226415094339623,0.13548387096774195,0
2020,Klebsiella variicola,Gentamicin,0.46855345911949686,0.35141509433962265,0.2129032258064516,0
2020,Klebsiella variicola,Imipenem,0.5,0.35141509433962265,0.2129032258064516,0
2020,Klebsiella variicola,Levofloxacin,0.41509433962264153,0.3113207547169811,0.2838709677419355,0
2020,Klebsiella variicola,Meropenem,0.46402877697841727,0.30424528301886794,0.22580645161290322,0
2020,Klebsiella variicola,Tigecycline,0.4391891891891892,0.15330188679245282,0.15483870967741936,1
2020,Morganella morganii,Amikacin,0.3606060606060606,0.4358974358974359,0.22580645161290322,0
2020,Morganella morganii,Aztreonam,0.35555555555555557,0.3516483516483517,0.17419354838709677,0
2020,Morganella morganii,Cefepime,0.34704370179948585,0.4945054945054945,0.25806451612903225,0
2020,Morganella morganii,Ceftaroline,0.43034055727554177,0.5091575091575091,0.22580645161290322,0
2020,Morganella morganii,Ceftazidime,0.34989200863930886,0.5934065934065934,0.3096774193548387,0
2020,Morganella morganii,Ceftazidime avibactam,0.4036697247706422,0.32234432234432236,0.12903225806451613,0
2020,Morganella morganii,Ceftolozane tazobactam,0.3804878048780488,0.2857142857142857,0.12258064516129032,0
2020,Morganella morganii,Gentamicin,0.3113207547169811,0.3626373626373626,0.2129032258064516,0
2020,Morganella morganii,Levofloxacin,0.2578616352201258,0.30036630036630035,0.2838709677419355,0
2020,Morganella morganii,Meropenem,0.32014388489208634,0.326007326007326,0.22580645161290322,0
2020,Morganella morganii,Meropenem vaborbactam,0.3821656050955414,0.21978021978021978,0.08387096774193549,0
2020,Morganella morganii,Piperacillin tazobactam,0.3473684210526316,0.6043956043956044,0.33548387096774196,0
2020,Proteus mirabilis,Amoxycillin clavulanate,0.4172661870503597,0.3314285714285714,0.2064516129032258,0
2020,Proteus mirabilis,Ampicillin,0.39951573849878935,0.4714285714285714,0.34838709677419355,0
2020,Proteus mirabilis,Ampicillin sulbactam,0.41621621621621624,0.44,0.24516129032258063,0
2020,Proteus mirabilis,Aztreonam,0.35555555555555557,0.2742857142857143,0.17419354838709677,0
2020,Proteus mirabilis,Cefepime,0.4987146529562982,0.5542857142857143,0.25806451612903225,0
2020,Proteus mirabilis,Ceftazidime,0.46220302375809935,0.6114285714285714,0.3096774193548387,0
2020,Proteus mirabilis,Ceftazidime avibactam,0.42660550458715596,0.26571428571428574,0.12903225806451613,0
2020,Proteus mirabilis,Ceftolozane tazobactam,0.40487804878048783,0.23714285714285716,0.12258064516129032,0
2020,Proteus mirabilis,Meropenem,0.5179856115107914,0.4114285714285714,0.22580645161290322,0
2020,Proteus mirabilis,Piperacillin tazobactam,0.45052631578947366,0.6114285714285714,0.33548387096774196,0
2020,Proteus spp,Amikacin,0.24242424242424243,0.39408866995073893,0.22580645161290322,0
2020,Proteus spp,Amoxycillin clavulanate,0.3057553956834532,0.4187192118226601,0.2064516129032258,0
2020,Proteus spp,Ampicillin sulbactam,0.3027027027027027,0.5517241379310345,0.24516129032258063,0
2020,Proteus spp,Aztreonam,0.3111111111111111,0.41379310344827586,0.17419354838709677,0
2020,Proteus spp,Cefepime,0.2442159383033419,0.46798029556650245,0.25806451612903225,0
2020,Proteus spp,Ceftazidime,0.2526997840172786,0.5763546798029556,0.3096774193548387,0
2020,Proteus spp,Ceftolozane tazobactam,0.2975609756097561,0.30049261083743845,0.12258064516129032,0
2020,Proteus spp,Ciprofloxacin,0.27932960893854747,0.49261083743842365,0.2129032258064516,0
2020,Proteus spp,Gentamicin,0.22327044025157233,0.3497536945812808,0.2129032258064516,0
2020,Proteus spp,Levofloxacin,0.18553459119496854,0.29064039408866993,0.2838709677419355,0
2020,Proteus spp,Meropenem,0.22661870503597123,0.3103448275862069,0.22580645161290322,0
2020,Proteus spp,Meropenem vaborbactam,0.29936305732484075,0.2315270935960591,0.08387096774193549,0
2020,Proteus spp,Piperacillin tazobactam,0.2505263157894737,0.5862068965517241,0.33548387096774196,0
2020,Proteus spp,Tigecycline,0.31756756756756754,0.2315270935960591,0.15483870967741936,1
2020,Proteus vulgaris,Amikacin,0.3181818181818182,0.42,0.22580645161290322,0
2020,Proteus vulgaris,Amoxycillin clavulanate,0.37410071942446044,0.416,0.2064516129032258,0
2020,Proteus vulgaris,Ampicillin sulbactam,0.33513513513513515,0.496,0.24516129032258063,0
2020,Proteus vulgaris,Aztreonam,0.32222222222222224,0.348,0.17419354838709677,0
2020,Proteus vulgaris,Cefepime,0.29562982005141386,0.46,0.25806451612903225,0
2020,Proteus vulgaris,Ceftazidime,0.3002159827213823,0.556,0.3096774193548387,0
2020,Proteus vulgaris,Ceftazidime avibactam,0.3302752293577982,0.288,0.12903225806451613,0
2020,Proteus vulgaris,Ceftolozane tazobactam,0.3121951219512195,0.256,0.12258064516129032,0
2020,Proteus vulgaris,Ciprofloxacin,0.3100558659217877,0.444,0.2129032258064516,0
2020,Proteus vulgaris,Gentamicin,0.2641509433962264,0.336,0.2129032258064516,0
2020,Proteus vulgaris,Levofloxacin,0.24213836477987422,0.308,0.2838709677419355,0
2020,Proteus vulgaris,Meropenem,0.2733812949640288,0.304,0.22580645161290322,0
2020,Proteus vulgaris,Meropenem vaborbactam,0.3184713375796178,0.2,0.08387096774193549,0
2020,Proteus vulgaris,Piperacillin tazobactam,0.30105263157894735,0.572,0.33548387096774196,0
2020,Providencia rettgeri,Ampicillin,0.43825665859564167,0.523121387283237,0.34838709677419355,0
2020,Providencia rettgeri,Aztreonam,0.45925925925925926,0.3583815028901734,0.17419354838709677,0
2020,Providencia rettgeri,Cefepime,0.5089974293059126,0.5722543352601156,0.25806451612903225,0
2020,Providencia rettgeri,Ceftaroline,0.5108359133126935,0.476878612716763,0.22580645161290322,1
2020,Providencia rettgeri,Ceftazidime,0.4946004319654428,0.661849710982659,0.3096774193548387,0
2020,Providencia rettgeri,Gentamicin,0.4716981132075472,0.43352601156069365,0.2129032258064516,0
2020,Providencia rettgeri,Levofloxacin,0.3553459119496855,0.3265895953757225,0.2838709677419355,0
2020,Providencia rettgeri,Piperacillin tazobactam,0.4863157894736842,0.6676300578034682,0.33548387096774196,0
2020,Providencia spp,Ampicillin,0.5060532687651331,0.48491879350348027,0.34838709677419355,1
2020,Providencia spp,Aztreonam,0.5296296296296297,0.33178654292343385,0.17419354838709677,0
2020,Providencia spp,Ceftaroline,0.5294117647058824,0.39675174013921116,0.22580645161290322,1
2020,Providencia spp,Levofloxacin,0.4937106918238994,0.3642691415313225,0.2838709677419355,0
2020,Providencia spp,Trimethoprim sulfa,0.6241299303944315,0.6241299303944315,0.2967741935483871,0
2020,Providencia stuartii,Ampicillin,0.4552058111380145,0.5481049562682215,0.34838709677419355,0
2020,Providencia stuartii,Ampicillin sulbactam,0.46216216216216216,0.49854227405247814,0.24516129032258063,0
2020,Providencia stuartii,Aztreonam,0.43703703703703706,0.34402332361516036,0.17419354838709677,0
2020,Providencia stuartii,Cefepime,0.45758354755784064,0.5189504373177842,0.25806451612903225,0
2020,Providencia stuartii,Ceftazidime,0.4449244060475162,0.6005830903790087,0.3096774193548387,0
2020,Providencia stuartii,Imipenem,0.4966442953020134,0.4314868804664723,0.2129032258064516,0
2020,Providencia stuartii,Meropenem,0.41007194244604317,0.3323615160349854,0.22580645161290322,0
2020,Providencia stuartii,Piperacillin tazobactam,0.4357894736842105,0.6034985422740525,0.33548387096774196,0
2020,Pseudomonas aeruginosa,Colistin,0.4883720930232558,0.21875,0.13548387096774195,0
2020,Pseudomonas spp,Ciprofloxacin,0.41620111731843573,0.5797665369649806,0.2129032258064516,1
2020,Pseudomonas spp,Gentamicin,0.39937106918238996,0.49416342412451364,0.2129032258064516,1
2020,Pseudomonas spp,Levofloxacin,0.3270440251572327,0.4046692607003891,0.2838709677419355,1
2020,Serratia marcescens,Amikacin,0.28484848484848485,0.32081911262798635,0.22580645161290322,0
2020,Serratia marcescens,Aztreonam,0.5407407407407407,0.49829351535836175,0.17419354838709677,0
2020,Serratia marcescens,Cefepime,0.30848329048843187,0.40955631399317405,0.25806451612903225,0
2020,Serratia marcescens,Ceftazidime,0.3693304535637149,0.5836177474402731,0.3096774193548387,0
2020,Serratia marcescens,Ceftazidime avibactam,0.4541284403669725,0.3378839590443686,0.12903225806451613,0
2020,Serratia marcescens,Ciprofloxacin,0.33798882681564246,0.4129692832764505,0.2129032258064516,0
2020,Serratia marcescens,Gentamicin,0.2138364779874214,0.23208191126279865,0.2129032258064516,0
2020,Serratia marcescens,Imipenem,0.2483221476510067,0.2525597269624573,0.2129032258064516,0
2020,Serratia marcescens,Levofloxacin,0.24213836477987422,0.2627986348122867,0.2838709677419355,0
2020,Serratia marcescens,Meropenem,0.17625899280575538,0.16723549488054607,0.22580645161290322,0
2020,Serratia marcescens,Piperacillin tazobactam,0.3894736842105263,0.6313993174061433,0.33548387096774196,0
2020,Serratia marcescens,Tigecycline,0.4189189189189189,0.21160409556313994,0.15483870967741936,1
2020,Serratia marcescens,Trimethoprim sulfa,0.3062645011600928,0.45051194539249145,0.2967741935483871,0
2020,Serratia spp,Amikacin,0.2515151515151515,0.3346774193548387,0.22580645161290322,0
2020,Serratia spp,Aztreonam,0.42962962962962964,0.46774193548387094,0.17419354838709677,0
2020,Serratia spp,Cefepime,0.26735218508997427,0.41935483870967744,0.25806451612903225,0
2020,Serratia spp,Ceftazidime,0.3045356371490281,0.5685483870967742,0.3096774193548387,0
2020,Serratia spp,Ceftazidime avibactam,0.43119266055045874,0.3790322580645161,0.12903225806451613,0
2020,Serratia spp,Gentamicin,0.20440251572327045,0.2620967741935484,0.2129032258064516,0
2020,Serratia spp,Imipenem,0.2651006711409396,0.3185483870967742,0.2129032258064516,0
2020,Serratia spp,Levofloxacin,0.1792452830188679,0.22983870967741934,0.2838709677419355,0
2020,Serratia spp,Meropenem,0.17625899280575538,0.1975806451612903,0.22580645161290322,0
2020,Serratia spp,Meropenem vaborbactam,0.4585987261146497,0.2903225806451613,0.08387096774193549,0
2020,Serratia spp,Piperacillin tazobactam,0.3136842105263158,0.6008064516129032,0.33548387096774196,0
2020,Serratia spp,Trimethoprim sulfa,0.28306264501160094,0.49193548387096775,0.2967741935483871,0
2020,Staphylococcus Coagulase Negative,Daptomycin,0.375,0.024489795918367346,0.012903225806451613,0
2020,Staphylococcus Coagulase Negative,Teicoplanin,0.65625,0.08571428571428572,0.025806451612903226,0
2020,Staphylococcus Coagulase Negative,Tigecycline,0.16891891891891891,0.10204081632653061,0.15483870967741936,0
2020,Staphylococcus Coagulase Negative,Vancomycin,0.3181818181818182,0.05714285714285714,0.05806451612903226,0
2020,Staphylococcus aureus,Ceftaroline,0.034055727554179564,0.05670103092783505,0.22580645161290322,0
2020,Staphylococcus aureus,Daptomycin,0.25,0.020618556701030927,0.012903225806451613,0
2020,Staphylococcus aureus,Linezolid,0.6190476190476191,0.20103092783505155,0.05806451612903226,0
2020,Staphylococcus aureus,Teicoplanin,0.5,0.08247422680412371,0.025806451612903226,0
2020,Staphylococcus aureus,Tigecycline,0.12837837837837837,0.0979381443298969,0.15483870967741936,0
2020,Staphylococcus aureus,Trimethoprim sulfa,0.16705336426914152,0.3711340206185567,0.2967741935483871,0
2020,Staphylococcus aureus,Vancomycin,0.25,0.05670103092783505,0.05806451612903226,0
2020,Staphylococcus epidermidis,Daptomycin,0.375,0.024489795918367346,0.012903225806451613,0
2020,Staphylococcus epidermidis,Teicoplanin,0.65625,0.08571428571428572,0.025806451612903226,0
2020,Staphylococcus epidermidis,Tigecycline,0.16891891891891891,0.10204081632653061,0.15483870967741936,0
2020,Staphylococcus epidermidis,Vancomycin,0.3181818181818182,0.05714285714285714,0.05806451612903226,0
2020,Staphylococcus haemolyticus,Daptomycin,0.5,0.03225806451612903,0.012903225806451613,0
2020,Staphylococcus haemolyticus,Tigecycline,0.16891891891891891,0.10080645161290322,0.15483870967741936,0
2020,Staphylococcus haemolyticus,Vancomycin,0.36363636363636365,0.06451612903225806,0.05806451612903226,0
2020,Streptococcus agalactiae,Ceftaroline,0.02786377708978328,0.06923076923076923,0.22580645161290322,0
2020,Streptococcus agalactiae,Ceftriaxone,0.04785894206549118,0.14615384615384616,0.2838709677419355,0
2020,Streptococcus agalactiae,Levofloxacin,0.13836477987421383,0.3384615384615385,0.2838709677419355,1
2020,Streptococcus agalactiae,Linezolid,0.2857142857142857,0.13846153846153847,0.05806451612903226,0
2020,Streptococcus agalactiae,Meropenem,0.050359712230215826,0.1076923076923077,0.22580645161290322,0
2020,Streptococcus agalactiae,Penicillin,0.4430379746835443,0.2692307692307692,0.1935483870967742,0
2020,Streptococcus agalactiae,Tigecycline,0.08783783783783784,0.1,0.15483870967741936,0
2020,Streptococcus agalactiae,Vancomycin,0.25,0.08461538461538462,0.05806451612903226,0
2020,Streptococcus dysgalactiae,Ceftaroline,0.0,0.0,0.22580645161290322,0
2020,Streptococcus dysgalactiae,Ceftriaxone,0.0,0.0,0.2838709677419355,0
2020,Streptococcus dysgalactiae,Levofloxacin,0.07547169811320754,0.2553191489361702,0.2838709677419355,0
2020,Streptococcus dysgalactiae,Linezolid,0.2222222222222222,0.14893617021276595,0.05806451612903226,0
2020,Streptococcus dysgalactiae,Meropenem,0.03237410071942446,0.09574468085106383,0.22580645161290322,0
2020,Streptococcus dysgalactiae,Penicillin,0.3291139240506329,0.2765957446808511,0.1935483870967742,0
2020,Streptococcus dysgalactiae,Tigecycline,0.060810810810810814,0.09574468085106383,0.15483870967741936,0
2020,Streptococcus dysgalactiae,Vancomycin,0.045454545454545456,0.02127659574468085,0.05806451612903226,0
2020,Streptococcus pneumoniae,Ceftaroline,0.06811145510835913,0.10891089108910891,0.22580645161290322,0
2020,Streptococcus pneumoniae,Ceftriaxone,0.10327455919395466,0.20297029702970298,0.2838709677419355,1
2020,Streptococcus pneumoniae,Levofloxacin,0.1949685534591195,0.3069306930693069,0.2838709677419355,0
2020,Streptococcus pneumoniae,Linezolid,0.25396825396825395,0.07920792079207921,0.05806451612903226,0
2020,Streptococcus pneumoniae,Tigecycline,0.13513513513513514,0.09900990099009901,0.15483870967741936,0
2020,Streptococcus pneumoniae,Vancomycin,0.22727272727272727,0.04950495049504951,0.05806451612903226,0
2020,Streptococcus pyogenes,Ceftaroline,0.02786377708978328,0.0703125,0.22580645161290322,0
2020,Streptococcus pyogenes,Ceftriaxone,0.04785894206549118,0.1484375,0.2838709677419355,0
2020,Streptococcus pyogenes,Levofloxacin,0.13522012578616352,0.3359375,0.2838709677419355,0
2020,Streptococcus pyogenes,Linezolid,0.2857142857142857,0.140625,0.05806451612903226,0
2020,Streptococcus pyogenes,Meropenem,0.046762589928057555,0.1015625,0.22580645161290322,0
2020,Streptococcus pyogenes,Penicillin,0.43037974683544306,0.265625,0.1935483870967742,0
2020,Streptococcus pyogenes,Tigecycline,0.08783783783783784,0.1015625,0.15483870967741936,0
2020,Streptococcus pyogenes,Vancomycin,0.25,0.0859375,0.05806451612903226,0
2020,"Streptococcus, Beta Hemolytic",Ceftaroline,0.0,0.0,0.22580645161290322,0
2020,"Streptococcus, Beta Hemolytic",Ceftriaxone,0.0,0.0,0.2838709677419355,0
2020,"Streptococcus, Beta Hemolytic",Levofloxacin,0.07547169811320754,0.2553191489361702,0.2838709677419355,1
2020,"Streptococcus, Beta Hemolytic",Linezolid,0.2222222222222222,0.14893617021276595,0.05806451612903226,0
2020,"Streptococcus, Beta Hemolytic",Meropenem,0.03237410071942446,0.09574468085106383,0.22580645161290322,0
2020,"Streptococcus, Beta Hemolytic",Penicillin,0.3291139240506329,0.2765957446808511,0.1935483870967742,0
2020,"Streptococcus, Beta Hemolytic",Tigecycline,0.060810810810810814,0.09574468085106383,0.15483870967741936,0
2020,"Streptococcus, Beta Hemolytic",Vancomycin,0.045454545454545456,0.02127659574468085,0.05806451612903226,0
2021,Acinetobacter baumannii,Colistin,0.5681818181818182,0.20202020202020202,0.13291139240506328,0
2021,Acinetobacter bereziniae,Ampicillin sulbactam,0.4398034398034398,0.47229551451187335,0.2468354430379747,1
2021,Acinetobacter bereziniae,Levofloxacin,0.4764705882352941,0.42744063324538256,0.2974683544303797,0
2021,Acinetobacter calcoaceticus,Ampicillin sulbactam,0.4176904176904177,0.44502617801047123,0.2468354430379747,0
2021,Acinetobacter calcoaceticus,Ciprofloxacin,0.5228571428571429,0.4790575916230366,0.20253164556962025,1
2021,Acinetobacter calcoaceticus,Colistin,0.42045454545454547,0.193717277486911,0.13291139240506328,1
2021,Acinetobacter calcoaceticus,Gentamicin,0.5395894428152492,0.4816753926701571,0.22151898734177214,1
2021,Acinetobacter johnsonii,Ampicillin sulbactam,0.47911547911547914,0.486284289276808,0.2468354430379747,1
2021,Acinetobacter johnsonii,Colistin,0.48863636363636365,0.2144638403990025,0.13291139240506328,0
2021,Acinetobacter johnsonii,Levofloxacin,0.5058823529411764,0.428927680798005,0.2974683544303797,0
2021,Acinetobacter junii,Ampicillin sulbactam,0.4963144963144963,0.47980997624703087,0.2468354430379747,1
2021,Acinetobacter junii,Levofloxacin,0.5205882352941177,0.42042755344418054,0.2974683544303797,0
2021,Acinetobacter lactucae,Ampicillin sulbactam,0.20393120393120392,0.49404761904761907,0.2468354430379747,1
2021,Acinetobacter lactucae,Cefepime,0.2864583333333333,0.6547619047619048,0.2468354430379747,1
2021,Acinetobacter lactucae,Ceftazidime,0.25272331154684097,0.6904761904761905,0.2911392405063291,1
2021,Acinetobacter lactucae,Colistin,0.2159090909090909,0.2261904761904762,0.13291139240506328,0
2021,Acinetobacter lactucae,Gentamicin,0.2668621700879765,0.5416666666666666,0.22151898734177214,1
2021,Acinetobacter lactucae,Imipenem,0.2949852507374631,0.5952380952380952,0.22784810126582278,1
2021,Acinetobacter lactucae,Levofloxacin,0.20294117647058824,0.4107142857142857,0.2974683544303797,0
2021,Acinetobacter lactucae,Meropenem,0.28938906752411575,0.5357142857142857,0.25316455696202533,1
2021,Acinetobacter lwoffii,Ciprofloxacin,0.5771428571428572,0.48095238095238096,0.20253164556962025,0
2021,Acinetobacter lwoffii,Colistin,0.4602272727272727,0.19285714285714287,0.13291139240506328,0
2021,Acinetobacter lwoffii,Gentamicin,0.5806451612903226,0.4714285714285714,0.22151898734177214,0
2021,Acinetobacter nosocomialis,Ampicillin sulbactam,0.5405405405405406,0.4498977505112474,0.2468354430379747,0
2021,Acinetobacter nosocomialis,Colistin,0.5284090909090909,0.1901840490797546,0.13291139240506328,0
2021,Acinetobacter pitii,Colistin,0.5681818181818182,0.18975332068311196,0.13291139240506328,0
2021,Acinetobacter radioresistens,Ampicillin sulbactam,0.45454545454545453,0.46835443037974683,0.2468354430379747,0
2021,Acinetobacter radioresistens,Cefepime,0.6380208333333334,0.620253164556962,0.2468354430379747,1
2021,Acinetobacter radioresistens,Colistin,0.4602272727272727,0.20506329113924052,0.13291139240506328,0
2021,Acinetobacter radioresistens,Levofloxacin,0.5029411764705882,0.43291139240506327,0.2974683544303797,0
2021,Acinetobacter spp,Colistin,0.5170454545454546,0.2054176072234763,0.13291139240506328,0
2021,Acinetobacter ursingii,Ciprofloxacin,0.6028571428571429,0.5171568627450981,0.20253164556962025,0
2021,Acinetobacter ursingii,Colistin,0.4772727272727273,0.20588235294117646,0.13291139240506328,0
2021,Acinetobacter ursingii,Levofloxacin,0.49411764705882355,0.4117647058823529,0.2974683544303797,0
2021,Citrobacter braakii,Amikacin,0.37333333333333335,0.4229607250755287,0.2468354430379747,0
2021,Citrobacter braakii,Cefepime,0.4244791666666667,0.49244712990936557,0.2468354430379747,0
2021,Citrobacter braakii,Ceftazidime avibactam,0.47161572052401746,0.32628398791540786,0.12025316455696203,0
2021,Citrobacter braakii,Ceftolozane tazobactam,0.5258620689655172,0.3685800604229607,0.12658227848101267,0
2021,Citrobacter braakii,Ciprofloxacin,0.36,0.3806646525679758,0.20253164556962025,1
2021,Citrobacter braakii,Colistin,0.3806818181818182,0.20241691842900303,0.13291139240506328,0
2021,Citrobacter braakii,Gentamicin,0.26099706744868034,0.2688821752265861,0.22151898734177214,0
2021,Citrobacter braakii,Imipenem,0.3303834808259587,0.338368580060423,0.22784810126582278,0
2021,Citrobacter braakii,Levofloxacin,0.25588235294117645,0.2628398791540785,0.2974683544303797,0
2021,Citrobacter braakii,Meropenem,0.31189710610932475,0.2930513595166163,0.25316455696202533,0
2021,Citrobacter braakii,Meropenem vaborbactam,0.4896907216494845,0.28700906344410876,0.10126582278481013,0
2021,Citrobacter braakii,Tigecycline,0.3485714285714286,0.18429003021148035,0.16455696202531644,0
2021,Citrobacter braakii,Trimethoprim sulfa,0.3378684807256236,0.4501510574018127,0.2974683544303797,0
2021,Citrobacter freundii,Amikacin,0.4613333333333333,0.44587628865979384,0.2468354430379747,0
2021,Citrobacter freundii,Ampicillin,0.6111111111111112,0.6237113402061856,0.3291139240506329,0
2021,Citrobacter freundii,Cefepime,0.5052083333333334,0.5,0.2468354430379747,0
2021,Citrobacter freundii,Colistin,0.5056818181818182,0.22938144329896906,0.13291139240506328,0
2021,Citrobacter freundii,Gentamicin,0.3782991202346041,0.3324742268041237,0.22151898734177214,0
2021,Citrobacter freundii,Imipenem,0.4306784660766962,0.37628865979381443,0.22784810126582278,0
2021,Citrobacter freundii,Levofloxacin,0.2823529411764706,0.24742268041237114,0.2974683544303797,0
2021,Citrobacter freundii,Meropenem,0.40192926045016075,0.32216494845360827,0.25316455696202533,0
2021,Citrobacter freundii,Tigecycline,0.41714285714285715,0.18814432989690721,0.16455696202531644,0
2021,Citrobacter freundii,Trimethoprim sulfa,0.4557823129251701,0.5180412371134021,0.2974683544303797,0
2021,Citrobacter koseri,Amikacin,0.04,0.2459016393442623,0.2468354430379747,0
2021,Citrobacter koseri,Amoxycillin clavulanate,0.11643835616438356,0.5573770491803278,0.20253164556962025,0
2021,Citrobacter koseri,Ampicillin sulbactam,0.08353808353808354,0.5573770491803278,0.2468354430379747,0
2021,Citrobacter koseri,Aztreonam,0.09830508474576272,0.47540983606557374,0.17088607594936708,0
2021,Citrobacter koseri,Cefepime,0.046875,0.29508196721311475,0.2468354430379747,0
2021,Citrobacter koseri,Ceftaroline,0.10863509749303621,0.639344262295082,0.22784810126582278,0
2021,Citrobacter koseri,Ceftazidime,0.06100217864923747,0.45901639344262296,0.2911392405063291,0
2021,Citrobacter koseri,Ceftazidime avibactam,0.06550218340611354,0.2459016393442623,0.12025316455696203,0
2021,Citrobacter koseri,Ceftolozane tazobactam,0.09051724137931035,0.3442622950819672,0.12658227848101267,0
2021,Citrobacter koseri,Ciprofloxacin,0.03428571428571429,0.19672131147540983,0.20253164556962025,0
2021,Citrobacter koseri,Colistin,0.07954545454545454,0.22950819672131148,0.13291139240506328,0
2021,Citrobacter koseri,Gentamicin,0.01466275659824047,0.08196721311475409,0.22151898734177214,0
2021,Citrobacter koseri,Imipenem,0.032448377581120944,0.18032786885245902,0.22784810126582278,0
2021,Citrobacter koseri,Levofloxacin,0.04411764705882353,0.2459016393442623,0.2974683544303797,0
2021,Citrobacter koseri,Meropenem,0.01607717041800643,0.08196721311475409,0.25316455696202533,0
2021,Citrobacter koseri,Meropenem vaborbactam,0.07731958762886598,0.2459016393442623,0.10126582278481013,0
2021,Citrobacter koseri,Piperacillin tazobactam,0.06490872210953347,0.5245901639344263,0.34177215189873417,0
2021,Citrobacter koseri,Tigecycline,0.07428571428571429,0.21311475409836064,0.16455696202531644,0
2021,Citrobacter koseri,Trimethoprim sulfa,0.036281179138321996,0.26229508196721313,0.2974683544303797,0
2021,Citrobacter spp,Amikacin,0.4826666666666667,0.44362745098039214,0.2468354430379747,0
2021,Citrobacter spp,Cefepime,0.5364583333333334,0.5049019607843137,0.2468354430379747,0
2021,Citrobacter spp,Colistin,0.5454545454545454,0.23529411764705882,0.13291139240506328,0
2021,Citrobacter spp,Gentamicin,0.4046920821114369,0.3382352941176471,0.22151898734177214,0
2021,Citrobacter spp,Imipenem,0.4749262536873156,0.3946078431372549,0.22784810126582278,0
2021,Citrobacter spp,Levofloxacin,0.3264705882352941,0.27205882352941174,0.2974683544303797,0
2021,Citrobacter spp,Meropenem,0.4340836012861736,0.33088235294117646,0.25316455696202533,0
2021,Citrobacter spp,Tigecycline,0.4685714285714286,0.20098039215686275,0.16455696202531644,0
2021,Clostridioides difficile,Meropenem,0.08038585209003216,0.21367521367521367,0.25316455696202533,0
2021,Clostridioides difficile,Piperacillin tazobactam,0.02231237322515213,0.09401709401709402,0.34177215189873417,0
2021,Clostridioides difficile,Tigecycline,0.08,0.11965811965811966,0.16455696202531644,0
2021,Clostridium perfringens,Meropenem,0.07395498392282958,0.18548387096774194,0.25316455696202533,0
2021,Clostridium perfringens,Metronidazole,0.6530612244897959,0.25806451612903225,0.12025316455696203,0
2021,Clostridium perfringens,Piperacillin tazobactam,0.028397565922920892,0.11290322580645161,0.34177215189873417,0
2021,Enterobacter bugandensis,Amikacin,0.36,0.40540540540540543,0.2468354430379747,0
2021,Enterobacter bugandensis,Cefepime,0.3958333333333333,0.45645645645645644,0.2468354430379747,0
2021,Enterobacter bugandensis,Ceftazidime avibactam,0.537117903930131,0.36936936936936937,0.12025316455696203,0
2021,Enterobacter bugandensis,Ciprofloxacin,0.39714285714285713,0.4174174174174174,0.20253164556962025,0
2021,Enterobacter bugandensis,Gentamicin,0.26392961876832843,0.2702702702702703,0.22151898734177214,0
2021,Enterobacter bugandensis,Imipenem,0.3480825958702065,0.35435435435435436,0.22784810126582278,0
2021,Enterobacter bugandensis,Levofloxacin,0.23823529411764705,0.24324324324324326,0.2974683544303797,0
2021,Enterobacter bugandensis,Meropenem,0.3086816720257235,0.2882882882882883,0.25316455696202533,0
2021,Enterobacter bugandensis,Tigecycline,0.4114285714285714,0.21621621621621623,0.16455696202531644,0
2021,Enterobacter bugandensis,Trimethoprim sulfa,0.3492063492063492,0.4624624624624625,0.2974683544303797,0
2021,Enterobacter cloacae,Amikacin,0.43466666666666665,0.4190231362467866,0.2468354430379747,0
2021,Enterobacter cloacae,Ampicillin,0.6414141414141414,0.6529562982005142,0.3291139240506329,1
2021,Enterobacter cloacae,Cefepime,0.4817708333333333,0.4755784061696658,0.2468354430379747,0
2021,Enterobacter cloacae,Ciprofloxacin,0.4857142857142857,0.4370179948586118,0.20253164556962025,0
2021,Enterobacter cloacae,Colistin,0.45454545454545453,0.20565552699228792,0.13291139240506328,0
2021,Enterobacter cloacae,Gentamicin,0.33724340175953077,0.29562982005141386,0.22151898734177214,0
2021,Enterobacter cloacae,Imipenem,0.3775811209439528,0.32904884318766064,0.22784810126582278,0
2021,Enterobacter cloacae,Levofloxacin,0.3029411764705882,0.2647814910025707,0.2974683544303797,0
2021,Enterobacter cloacae,Meropenem,0.35691318327974275,0.2853470437017995,0.25316455696202533,0
2021,Enterobacter cloacae,Tigecycline,0.4057142857142857,0.18251928020565553,0.16455696202531644,1
2021,Enterobacter cloacae,Trimethoprim sulfa,0.41043083900226757,0.4652956298200514,0.2974683544303797,0
2021,Enterobacter hormaechi,Amikacin,0.6026666666666667,0.5055928411633109,0.2468354430379747,0
2021,Enterobacter hormaechi,Colistin,0.5852272727272727,0.23042505592841164,0.13291139240506328,0
2021,Enterobacter hormaechi,Gentamicin,0.49853372434017595,0.38031319910514544,0.22151898734177214,0
2021,Enterobacter hormaechi,Levofloxacin,0.4235294117647059,0.3221476510067114,0.2974683544303797,0
2021,Enterobacter hormaechi,Meropenem,0.5627009646302251,0.39149888143176736,0.25316455696202533,0
2021,Enterobacter hormaechi,Tigecycline,0.52,0.203579418344519,0.16455696202531644,0
2021,Enterobacter kobei,Amikacin,0.3893333333333333,0.41714285714285715,0.2468354430379747,0
2021,Enterobacter kobei,Cefepime,0.4375,0.48,0.2468354430379747,0
2021,Enterobacter kobei,Ceftazidime avibactam,0.5240174672489083,0.34285714285714286,0.12025316455696203,0
2021,Enterobacter kobei,Ciprofloxacin,0.38857142857142857,0.38857142857142857,0.20253164556962025,0
2021,Enterobacter kobei,Colistin,0.42045454545454547,0.21142857142857144,0.13291139240506328,0
2021,Enterobacter kobei,Gentamicin,0.2727272727272727,0.26571428571428574,0.22151898734177214,0
2021,Enterobacter kobei,Imipenem,0.34513274336283184,0.3342857142857143,0.22784810126582278,0
2021,Enterobacter kobei,Levofloxacin,0.26176470588235295,0.2542857142857143,0.2974683544303797,0
2021,Enterobacter kobei,Meropenem,0.3279742765273312,0.2914285714285714,0.25316455696202533,0
2021,Enterobacter kobei,Tigecycline,0.37142857142857144,0.18571428571428572,0.16455696202531644,0
2021,Enterobacter kobei,Trimethoprim sulfa,0.35600907029478457,0.44857142857142857,0.2974683544303797,0
2021,Enterobacter ludwigii,Amikacin,0.2906666666666667,0.40671641791044777,0.2468354430379747,0
2021,Enterobacter ludwigii,Cefepime,0.3385416666666667,0.48507462686567165,0.2468354430379747,0
2021,Enterobacter ludwigii,Ceftazidime avibactam,0.40611353711790393,0.34701492537313433,0.12025316455696203,0
2021,Enterobacter ludwigii,Ciprofloxacin,0.2885714285714286,0.376865671641791,0.20253164556962025,0
2021,Enterobacter ludwigii,Colistin,0.32954545454545453,0.21641791044776118,0.13291139240506328,0
2021,Enterobacter ludwigii,Gentamicin,0.20234604105571846,0.2574626865671642,0.22151898734177214,0
2021,Enterobacter ludwigii,Imipenem,0.25958702064896755,0.3283582089552239,0.22784810126582278,0
2021,Enterobacter ludwigii,Levofloxacin,0.20588235294117646,0.26119402985074625,0.2974683544303797,0
2021,Enterobacter ludwigii,Meropenem,0.22186495176848875,0.2574626865671642,0.25316455696202533,0
2021,Enterobacter ludwigii,Piperacillin tazobactam,0.37322515212981744,0.6865671641791045,0.34177215189873417,0
2021,Enterobacter ludwigii,Tigecycline,0.3142857142857143,0.20522388059701493,0.16455696202531644,0
2021,Enterobacter ludwigii,Trimethoprim sulfa,0.2766439909297052,0.4552238805970149,0.2974683544303797,0
2021,Enterobacter spp,Amikacin,0.37066666666666664,0.3904494382022472,0.2468354430379747,0
2021,Enterobacter spp,Cefepime,0.4244791666666667,0.45786516853932585,0.2468354430379747,0
2021,Enterobacter spp,Ciprofloxacin,0.44857142857142857,0.4410112359550562,0.20253164556962025,0
2021,Enterobacter spp,Colistin,0.4715909090909091,0.23314606741573032,0.13291139240506328,0
2021,Enterobacter spp,Gentamicin,0.28152492668621704,0.2696629213483146,0.22151898734177214,0
2021,Enterobacter spp,Imipenem,0.3421828908554572,0.3258426966292135,0.22784810126582278,0
2021,Enterobacter spp,Levofloxacin,0.24705882352941178,0.23595505617977527,0.2974683544303797,0
2021,Enterobacter spp,Meropenem,0.3054662379421222,0.26685393258426965,0.25316455696202533,0
2021,Enterobacter spp,Tigecycline,0.4114285714285714,0.20224719101123595,0.16455696202531644,0
2021,Enterobacter spp,Trimethoprim sulfa,0.3741496598639456,0.46348314606741575,0.2974683544303797,0
2021,Enterococcus faecalis,Ampicillin,0.13636363636363635,0.4153846153846154,0.3291139240506329,0
2021,Enterococcus faecalis,Tigecycline,0.06285714285714286,0.08461538461538462,0.16455696202531644,0
2021,Enterococcus faecium,Tigecycline,0.14285714285714285,0.11904761904761904,0.16455696202531644,0
2021,Enterococcus spp,Daptomycin,0.6875,0.07482993197278912,0.012658227848101266,1
2021,Enterococcus spp,Tigecycline,0.10857142857142857,0.1292517006802721,0.16455696202531644,0
2021,Escherichia coli,Amikacin,0.5546666666666666,0.4531590413943355,0.2468354430379747,0
2021,Escherichia coli,Amoxycillin clavulanate,0.5924657534246576,0.3769063180827887,0.20253164556962025,0
2021,Escherichia coli,Ceftazidime,0.5969498910675382,0.5969498910675382,0.2911392405063291,1
2021,Escherichia coli,Ceftazidime avibactam,0.6026200873362445,0.3006535947712418,0.12025316455696203,1
2021,Escherichia coli,Ceftolozane tazobactam,0.603448275862069,0.30501089324618735,0.12658227848101267,0
2021,Escherichia coli,Colistin,0.5340909090909091,0.2047930283224401,0.13291139240506328,0
2021,Escherichia coli,Imipenem,0.5398230088495575,0.39869281045751637,0.22784810126582278,0
2021,Escherichia coli,Meropenem,0.4694533762057878,0.31808278867102396,0.25316455696202533,0
2021,Escherichia coli,Piperacillin tazobactam,0.5760649087221096,0.6187363834422658,0.34177215189873417,0
2021,Escherichia coli,Tigecycline,0.4742857142857143,0.18082788671023964,0.16455696202531644,0
2021,Finegoldia magna,Meropenem,0.08038585209003216,0.21367521367521367,0.25316455696202533,0
2021,Finegoldia magna,Piperacillin tazobactam,0.02231237322515213,0.09401709401709402,0.34177215189873417,0
2021,Finegoldia magna,Tigecycline,0.08,0.11965811965811966,0.16455696202531644,0
2021,Haemophilus influenzae,Amoxycillin clavulanate,0.18835616438356165,0.45454545454545453,0.20253164556962025,0
2021,Haemophilus influenzae,Azithromycin,0.0625,0.008264462809917356,0.0189873417721519,0
2021,Haemophilus influenzae,Ceftaroline,0.17827298050139276,0.5289256198347108,0.22784810126582278,0
2021,Haemophilus influenzae,Ceftazidime,0.1328976034858388,0.5041322314049587,0.2911392405063291,0
2021,Haemophilus influenzae,Ceftriaxone,0.1608910891089109,0.5371900826446281,0.2721518987341772,0
2021,Haemophilus influenzae,Levofloxacin,0.12352941176470589,0.34710743801652894,0.2974683544303797,0
2021,Haemophilus influenzae,Meropenem,0.0707395498392283,0.18181818181818182,0.25316455696202533,0
2021,Haemophilus influenzae,Piperacillin tazobactam,0.13995943204868155,0.5702479338842975,0.34177215189873417,0
2021,Haemophilus influenzae,Tigecycline,0.13142857142857142,0.19008264462809918,0.16455696202531644,0
2021,Klebsiella aerogenes,Amikacin,0.4026666666666667,0.4026666666666667,0.2468354430379747,0
2021,Klebsiella aerogenes,Cefepime,0.453125,0.464,0.2468354430379747,0
2021,Klebsiella aerogenes,Ceftazidime avibactam,0.5764192139737991,0.352,0.12025316455696203,0
2021,Klebsiella aerogenes,Ciprofloxacin,0.42857142857142855,0.4,0.20253164556962025,0
2021,Klebsiella aerogenes,Colistin,0.4659090909090909,0.21866666666666668,0.13291139240506328,0
2021,Klebsiella aerogenes,Gentamicin,0.2961876832844575,0.2693333333333333,0.22151898734177214,0
2021,Klebsiella aerogenes,Imipenem,0.35988200589970504,0.3253333333333333,0.22784810126582278,0
2021,Klebsiella aerogenes,Levofloxacin,0.27647058823529413,0.25066666666666665,0.2974683544303797,0
2021,Klebsiella aerogenes,Meropenem,0.3279742765273312,0.272,0.25316455696202533,0
2021,Klebsiella aerogenes,Meropenem vaborbactam,0.654639175257732,0.33866666666666667,0.10126582278481013,0
2021,Klebsiella aerogenes,Tigecycline,0.4,0.18666666666666668,0.16455696202531644,1
2021,Klebsiella aerogenes,Trimethoprim sulfa,0.38095238095238093,0.448,0.2974683544303797,0
2021,Klebsiella oxytoca,Amikacin,0.32266666666666666,0.3734567901234568,0.2468354430379747,0
2021,Klebsiella oxytoca,Amoxycillin clavulanate,0.547945205479452,0.49382716049382713,0.20253164556962025,0
2021,Klebsiella oxytoca,Cefepime,0.3697916666666667,0.4382716049382716,0.2468354430379747,0
2021,Klebsiella oxytoca,Ceftazidime,0.4444444444444444,0.6296296296296297,0.2911392405063291,0
2021,Klebsiella oxytoca,Ceftazidime avibactam,0.4672489082969432,0.33024691358024694,0.12025316455696203,1
2021,Klebsiella oxytoca,Ceftibuten,0.625,0.2006172839506173,0.05063291139240506,0
2021,Klebsiella oxytoca,Ciprofloxacin,0.3485714285714286,0.3765432098765432,0.20253164556962025,0
2021,Klebsiella oxytoca,Colistin,0.35795454545454547,0.19444444444444445,0.13291139240506328,0
2021,Klebsiella oxytoca,Gentamicin,0.24633431085043989,0.25925925925925924,0.22151898734177214,0
2021,Klebsiella oxytoca,Imipenem,0.2831858407079646,0.2962962962962963,0.22784810126582278,0
2021,Klebsiella oxytoca,Levofloxacin,0.25882352941176473,0.2716049382716049,0.2974683544303797,0
2021,Klebsiella oxytoca,Meropenem,0.2604501607717042,0.25,0.25316455696202533,0
2021,Klebsiella oxytoca,Meropenem vaborbactam,0.5360824742268041,0.32098765432098764,0.10126582278481013,1
2021,Klebsiella oxytoca,Tigecycline,0.32571428571428573,0.17592592592592593,0.16455696202531644,0
2021,Klebsiella oxytoca,Trimethoprim sulfa,0.31746031746031744,0.43209876543209874,0.2974683544303797,0
2021,Klebsiella pneumoniae,Amoxycillin clavulanate,0.7773972602739726,0.409009009009009,0.20253164556962025,0
2021,Klebsiella pneumoniae,Ampicillin,0.7348484848484849,0.5243243243243243,0.3291139240506329,0
2021,Klebsiella pneumoniae,Colistin,0.6534090909090909,0.2072072072072072,0.13291139240506328,0
2021,Klebsiella pneumoniae,Imipenem,0.7374631268436578,0.45045045045045046,0.22784810126582278,0
2021,Klebsiella pneumoniae,Levofloxacin,0.5647058823529412,0.34594594594594597,0.2974683544303797,0
2021,Klebsiella pneumoniae,Meropenem,0.7106109324758842,0.3981981981981982,0.25316455696202533,1
2021,Klebsiella pneumoniae,Tigecycline,0.56,0.17657657657657658,0.16455696202531644,0
2021,Klebsiella spp,Amoxycillin clavulanate,0.708904109589041,0.3689839572192513,0.20253164556962025,0
2021,Klebsiella spp,Colistin,0.7386363636363636,0.23172905525846701,0.13291139240506328,0
2021,Klebsiella spp,Levofloxacin,0.5735294117647058,0.34759358288770054,0.2974683544303797,0
2021,Klebsiella spp,Tigecycline,0.6057142857142858,0.1889483065953654,0.16455696202531644,0
2021,Klebsiella variicola,Amikacin,0.5973333333333334,0.47558386411889597,0.2468354430379747,0
2021,Klebsiella variicola,Amoxycillin clavulanate,0.678082191780822,0.42038216560509556,0.20253164556962025,0
2021,Klebsiella variicola,Ceftazidime avibactam,0.6724890829694323,0.32696390658174096,0.12025316455696203,1
2021,Klebsiella variicola,Colistin,0.5284090909090909,0.19745222929936307,0.13291139240506328,0
2021,Klebsiella variicola,Gentamicin,0.501466275659824,0.3630573248407643,0.22151898734177214,0
2021,Klebsiella variicola,Imipenem,0.5634218289085545,0.40552016985138006,0.22784810126582278,0
2021,Klebsiella variicola,Levofloxacin,0.45588235294117646,0.32908704883227174,0.2974683544303797,0
2021,Klebsiella variicola,Meropenem,0.5401929260450161,0.35668789808917195,0.25316455696202533,0
2021,Klebsiella variicola,Tigecycline,0.4685714285714286,0.1740976645435244,0.16455696202531644,1
2021,Morganella morganii,Amikacin,0.3413333333333333,0.48484848484848486,0.2468354430379747,0
2021,Morganella morganii,Ampicillin sulbactam,0.32678132678132676,0.5037878787878788,0.2468354430379747,0
2021,Morganella morganii,Aztreonam,0.30847457627118646,0.3446969696969697,0.17088607594936708,0
2021,Morganella morganii,Cefepime,0.3046875,0.4431818181818182,0.2468354430379747,0
2021,Morganella morganii,Ceftaroline,0.3955431754874652,0.5378787878787878,0.22784810126582278,0
2021,Morganella morganii,Ceftazidime,0.2984749455337691,0.5189393939393939,0.2911392405063291,0
2021,Morganella morganii,Ceftazidime avibactam,0.34497816593886466,0.29924242424242425,0.12025316455696203,0
2021,Morganella morganii,Ceftolozane tazobactam,0.34913793103448276,0.3068181818181818,0.12658227848101267,0
2021,Morganella morganii,Gentamicin,0.2903225806451613,0.375,0.22151898734177214,0
2021,Morganella morganii,Levofloxacin,0.25588235294117645,0.32954545454545453,0.2974683544303797,0
2021,Morganella morganii,Meropenem,0.26688102893890675,0.3143939393939394,0.25316455696202533,0
2021,Morganella morganii,Meropenem vaborbactam,0.36082474226804123,0.26515151515151514,0.10126582278481013,0
2021,Morganella morganii,Piperacillin tazobactam,0.2961460446247465,0.553030303030303,0.34177215189873417,0
2021,Proteus mirabilis,Amoxycillin clavulanate,0.4075342465753425,0.3216216216216216,0.20253164556962025,0
2021,Proteus mirabilis,Ampicillin,0.40404040404040403,0.43243243243243246,0.3291139240506329,0
2021,Proteus mirabilis,Ampicillin sulbactam,0.4152334152334152,0.45675675675675675,0.2468354430379747,0
2021,Proteus mirabilis,Aztreonam,0.36271186440677966,0.2891891891891892,0.17088607594936708,0
2021,Proteus mirabilis,Cefepime,0.5,0.518918918918919,0.2468354430379747,0
2021,Proteus mirabilis,Ceftazidime,0.4466230936819172,0.5540540540540541,0.2911392405063291,0
2021,Proteus mirabilis,Ceftazidime avibactam,0.4104803493449782,0.25405405405405407,0.12025316455696203,1
2021,Proteus mirabilis,Ceftibuten,0.41346153846153844,0.11621621621621622,0.05063291139240506,0
2021,Proteus mirabilis,Ceftolozane tazobactam,0.375,0.23513513513513515,0.12658227848101267,0
2021,Proteus mirabilis,Meropenem,0.4919614147909968,0.4135135135135135,0.25316455696202533,0
2021,Proteus mirabilis,Meropenem vaborbactam,0.39690721649484534,0.20810810810810812,0.10126582278481013,0
2021,Proteus mirabilis,Piperacillin tazobactam,0.43610547667342797,0.581081081081081,0.34177215189873417,0
2021,Proteus spp,Amikacin,0.256,0.4528301886792453,0.2468354430379747,0
2021,Proteus spp,Amoxycillin clavulanate,0.2842465753424658,0.3915094339622642,0.20253164556962025,0
2021,Proteus spp,Ampicillin sulbactam,0.2457002457002457,0.4716981132075472,0.2468354430379747,0
2021,Proteus spp,Aztreonam,0.2305084745762712,0.32075471698113206,0.17088607594936708,0
2021,Proteus spp,Cefepime,0.23177083333333334,0.419811320754717,0.2468354430379747,0
2021,Proteus spp,Ceftazidime,0.2178649237472767,0.4716981132075472,0.2911392405063291,0
2021,Proteus spp,Ceftazidime avibactam,0.2576419213973799,0.2783018867924528,0.12025316455696203,0
2021,Proteus spp,Ceftolozane tazobactam,0.23706896551724138,0.25943396226415094,0.12658227848101267,0
2021,Proteus spp,Ciprofloxacin,0.2571428571428571,0.42452830188679247,0.20253164556962025,0
2021,Proteus spp,Gentamicin,0.21994134897360704,0.35377358490566035,0.22151898734177214,0
2021,Proteus spp,Levofloxacin,0.19705882352941176,0.3160377358490566,0.2974683544303797,0
2021,Proteus spp,Meropenem,0.21864951768488747,0.32075471698113206,0.25316455696202533,0
2021,Proteus spp,Meropenem vaborbactam,0.23711340206185566,0.2169811320754717,0.10126582278481013,0
2021,Proteus spp,Piperacillin tazobactam,0.2129817444219067,0.49528301886792453,0.34177215189873417,0
2021,Proteus vulgaris,Amikacin,0.32266666666666666,0.4763779527559055,0.2468354430379747,0
2021,Proteus vulgaris,Amoxycillin clavulanate,0.3458904109589041,0.39763779527559057,0.20253164556962025,0
2021,Proteus vulgaris,Ampicillin sulbactam,0.3022113022113022,0.484251968503937,0.2468354430379747,0
2021,Proteus vulgaris,Aztreonam,0.288135593220339,0.3346456692913386,0.17088607594936708,0
2021,Proteus vulgaris,Cefepime,0.296875,0.44881889763779526,0.2468354430379747,0
2021,Proteus vulgaris,Ceftazidime,0.28540305010893247,0.515748031496063,0.2911392405063291,0
2021,Proteus vulgaris,Ceftazidime avibactam,0.2925764192139738,0.2637795275590551,0.12025316455696203,0
2021,Proteus vulgaris,Ceftolozane tazobactam,0.27586206896551724,0.25196850393700787,0.12658227848101267,0
2021,Proteus vulgaris,Ciprofloxacin,0.29714285714285715,0.4094488188976378,0.20253164556962025,0
2021,Proteus vulgaris,Gentamicin,0.26392961876832843,0.3543307086614173,0.22151898734177214,0
2021,Proteus vulgaris,Levofloxacin,0.2411764705882353,0.3228346456692913,0.2974683544303797,0
2021,Proteus vulgaris,Meropenem,0.26688102893890675,0.32677165354330706,0.25316455696202533,0
2021,Proteus vulgaris,Meropenem vaborbactam,0.27319587628865977,0.20866141732283464,0.10126582278481013,0
2021,Proteus vulgaris,Piperacillin tazobactam,0.2799188640973631,0.5433070866141733,0.34177215189873417,0
2021,Providencia rettgeri,Ampicillin,0.42676767676767674,0.46301369863013697,0.3291139240506329,0
2021,Providencia rettgeri,Aztreonam,0.45084745762711864,0.3643835616438356,0.17088607594936708,0
2021,Providencia rettgeri,Cefepime,0.5026041666666666,0.5287671232876713,0.2468354430379747,0
2021,Providencia rettgeri,Ceftaroline,0.5097493036211699,0.5013698630136987,0.22784810126582278,0
2021,Providencia rettgeri,Ceftazidime,0.48366013071895425,0.6082191780821918,0.2911392405063291,0
2021,Providencia rettgeri,Gentamicin,0.4780058651026393,0.4465753424657534,0.22151898734177214,0
2021,Providencia rettgeri,Levofloxacin,0.35294117647058826,0.3287671232876712,0.2974683544303797,0
2021,Providencia rettgeri,Piperacillin tazobactam,0.4746450304259635,0.6410958904109589,0.34177215189873417,0
2021,Providencia stuartii,Ampicillin,0.4671717171717172,0.4707379134860051,0.3291139240506329,0
2021,Providencia stuartii,Ampicillin sulbactam,0.48402948402948404,0.5012722646310432,0.2468354430379747,0
2021,Providencia stuartii,Aztreonam,0.44745762711864406,0.33587786259541985,0.17088607594936708,0
2021,Providencia stuartii,Cefepime,0.5052083333333334,0.49363867684478374,0.2468354430379747,0
2021,Providencia stuartii,Ceftazidime,0.477124183006536,0.5572519083969466,0.2911392405063291,0
2021,Providencia stuartii,Meropenem,0.49517684887459806,0.39185750636132316,0.25316455696202533,0
2021,Providencia stuartii,Piperacillin tazobactam,0.45841784989858014,0.5750636132315522,0.34177215189873417,0
2021,Pseudomonas aeruginosa,Colistin,0.44886363636363635,0.1984924623115578,0.13291139240506328,0
2021,Serratia marcescens,Amikacin,0.208,0.319672131147541,0.2468354430379747,0
2021,Serratia marcescens,Aztreonam,0.4745762711864407,0.5737704918032787,0.17088607594936708,0
2021,Serratia marcescens,Cefepime,0.2109375,0.3319672131147541,0.2468354430379747,0
2021,Serratia marcescens,Ceftazidime,0.2984749455337691,0.5614754098360656,0.2911392405063291,0
2021,Serratia marcescens,Ceftazidime avibactam,0.4279475982532751,0.4016393442622951,0.12025316455696203,0
2021,Serratia marcescens,Ciprofloxacin,0.27714285714285714,0.3975409836065574,0.20253164556962025,0
2021,Serratia marcescens,Gentamicin,0.16129032258064516,0.22540983606557377,0.22151898734177214,0
2021,Serratia marcescens,Imipenem,0.21238938053097345,0.29508196721311475,0.22784810126582278,0
2021,Serratia marcescens,Levofloxacin,0.1411764705882353,0.19672131147540983,0.2974683544303797,0
2021,Serratia marcescens,Meropenem,0.13183279742765272,0.1680327868852459,0.25316455696202533,0
2021,Serratia marcescens,Piperacillin tazobactam,0.29817444219066935,0.6024590163934426,0.34177215189873417,0
2021,Serratia marcescens,Tigecycline,0.3657142857142857,0.26229508196721313,0.16455696202531644,1
2021,Serratia marcescens,Trimethoprim sulfa,0.2290249433106576,0.4139344262295082,0.2974683544303797,0
2021,Serratia spp,Amikacin,0.208,0.3561643835616438,0.2468354430379747,0
2021,Serratia spp,Aztreonam,0.34576271186440677,0.4657534246575342,0.17088607594936708,0
2021,Serratia spp,Cefepime,0.1953125,0.3424657534246575,0.2468354430379747,0
2021,Serratia spp,Ceftazidime,0.23965141612200436,0.502283105022831,0.2911392405063291,0
2021,Serratia spp,Ceftazidime avibactam,0.34497816593886466,0.3607305936073059,0.12025316455696203,0
2021,Serratia spp,Ciprofloxacin,0.22285714285714286,0.3561643835616438,0.20253164556962025,0
2021,Serratia spp,Gentamicin,0.1348973607038123,0.2100456621004566,0.22151898734177214,0
2021,Serratia spp,Imipenem,0.21238938053097345,0.3287671232876712,0.22784810126582278,0
2021,Serratia spp,Levofloxacin,0.13823529411764707,0.2146118721461187,0.2974683544303797,0
2021,Serratia spp,Meropenem,0.13183279742765272,0.1872146118721461,0.25316455696202533,0
2021,Serratia spp,Meropenem vaborbactam,0.38144329896907214,0.3378995433789954,0.10126582278481013,0
2021,Serratia spp,Piperacillin tazobactam,0.23935091277890466,0.5388127853881278,0.34177215189873417,0
2021,Serratia spp,Trimethoprim sulfa,0.2018140589569161,0.4063926940639269,0.2974683544303797,0
2021,Staphylococcus aureus,Ceftaroline,0.033426183844011144,0.058823529411764705,0.22784810126582278,0
2021,Staphylococcus aureus,Daptomycin,0.25,0.0196078431372549,0.012658227848101266,0
2021,Staphylococcus aureus,Linezolid,0.6301369863013698,0.22549019607843138,0.06962025316455696,1
2021,Staphylococcus aureus,Teicoplanin,0.41379310344827586,0.058823529411764705,0.02531645569620253,0
2021,Staphylococcus aureus,Tigecycline,0.11428571428571428,0.09803921568627451,0.16455696202531644,0
2021,Staphylococcus aureus,Trimethoprim sulfa,0.17913832199546487,0.3872549019607843,0.2974683544303797,0
2021,Staphylococcus aureus,Vancomycin,0.2653061224489796,0.06372549019607843,0.06329113924050633,0
2021,Staphylococcus epidermidis,Daptomycin,0.375,0.023255813953488372,0.012658227848101266,0
2021,Staphylococcus epidermidis,Teicoplanin,0.5862068965517241,0.06589147286821706,0.02531645569620253,0
2021,Staphylococcus epidermidis,Tigecycline,0.16,0.10852713178294573,0.16455696202531644,0
2021,Staphylococcus epidermidis,Vancomycin,0.3469387755102041,0.06589147286821706,0.06329113924050633,0
2021,Staphylococcus haemolyticus,Daptomycin,0.5,0.03065134099616858,0.012658227848101266,0
2021,Staphylococcus haemolyticus,Tigecycline,0.16,0.10727969348659004,0.16455696202531644,0
2021,Staphylococcus haemolyticus,Vancomycin,0.40816326530612246,0.07662835249042145,0.06329113924050633,0
2021,Staphylococcus spp,Daptomycin,0.375,0.024291497975708502,0.012658227848101266,0
2021,Staphylococcus spp,Teicoplanin,0.5517241379310345,0.06477732793522267,0.02531645569620253,0
2021,Staphylococcus spp,Tigecycline,0.16,0.11336032388663968,0.16455696202531644,0
2021,Staphylococcus spp,Vancomycin,0.3469387755102041,0.06882591093117409,0.06329113924050633,0
2021,Streptococcus agalactiae,Ceftaroline,0.019498607242339833,0.05303030303030303,0.22784810126582278,0
2021,Streptococcus agalactiae,Ceftriaxone,0.04207920792079208,0.12878787878787878,0.2721518987341772,0
2021,Streptococcus agalactiae,Levofloxacin,0.13823529411764707,0.3560606060606061,0.2974683544303797,1
2021,Streptococcus agalactiae,Linezolid,0.2876712328767123,0.1590909090909091,0.06962025316455696,0
2021,Streptococcus agalactiae,Meropenem,0.05787781350482315,0.13636363636363635,0.25316455696202533,0
2021,Streptococcus agalactiae,Penicillin,0.4090909090909091,0.2727272727272727,0.189873417721519,0
2021,Streptococcus agalactiae,Tigecycline,0.08,0.10606060606060606,0.16455696202531644,0
2021,Streptococcus agalactiae,Vancomycin,0.24489795918367346,0.09090909090909091,0.06329113924050633,0
2021,Streptococcus dysgalactiae,Ceftaroline,0.0,0.0,0.22784810126582278,0
2021,Streptococcus dysgalactiae,Ceftriaxone,0.0,0.0,0.2721518987341772,0
2021,Streptococcus dysgalactiae,Levofloxacin,0.07941176470588235,0.2755102040816326,0.2974683544303797,0
2021,Streptococcus dysgalactiae,Linezolid,0.2328767123287671,0.17346938775510204,0.06962025316455696,0
2021,Streptococcus dysgalactiae,Meropenem,0.04180064308681672,0.1326530612244898,0.25316455696202533,0
2021,Streptococcus dysgalactiae,Penicillin,0.3068181818181818,0.2755102040816326,0.189873417721519,0
2021,Streptococcus dysgalactiae,Tigecycline,0.05142857142857143,0.09183673469387756,0.16455696202531644,0
2021,Streptococcus dysgalactiae,Vancomycin,0.061224489795918366,0.030612244897959183,0.06329113924050633,0
2021,Streptococcus pneumoniae,Ceftaroline,0.07242339832869081,0.12206572769953052,0.22784810126582278,0
2021,Streptococcus pneumoniae,Ceftriaxone,0.09900990099009901,0.18779342723004694,0.2721518987341772,1
2021,Streptococcus pneumoniae,Levofloxacin,0.2,0.3192488262910798,0.2974683544303797,0
2021,Streptococcus pneumoniae,Linezolid,0.2602739726027397,0.0892018779342723,0.06962025316455696,0
2021,Streptococcus pneumoniae,Tigecycline,0.13714285714285715,0.11267605633802817,0.16455696202531644,0
2021,Streptococcus pneumoniae,Vancomycin,0.22448979591836735,0.051643192488262914,0.06329113924050633,0
2021,Streptococcus pyogenes,Ceftaroline,0.019498607242339833,0.05384615384615385,0.22784810126582278,0
2021,Streptococcus pyogenes,Ceftriaxone,0.04207920792079208,0.13076923076923078,0.2721518987341772,0
2021,Streptococcus pyogenes,Levofloxacin,0.13529411764705881,0.35384615384615387,0.2974683544303797,0
2021,Streptococcus pyogenes,Linezolid,0.2876712328767123,0.16153846153846155,0.06962025316455696,0
2021,Streptococcus pyogenes,Meropenem,0.05466237942122187,0.13076923076923078,0.25316455696202533,0
2021,Streptococcus pyogenes,Penicillin,0.3977272727272727,0.2692307692307692,0.189873417721519,0
2021,Streptococcus pyogenes,Tigecycline,0.08,0.1076923076923077,0.16455696202531644,0
2021,Streptococcus pyogenes,Vancomycin,0.24489795918367346,0.09230769230769231,0.06329113924050633,0
2022,Acinetobacter baumannii,Colistin,0.525,0.19886363636363635,0.13414634146341464,0
2022,Acinetobacter bereziniae,Levofloxacin,0.4888268156424581,0.3897550111358575,0.2926829268292683,1
2022,Acinetobacter johnsonii,Colistin,0.49,0.208067940552017,0.13414634146341464,0
2022,Acinetobacter johnsonii,Levofloxacin,0.5167597765363129,0.39278131634819535,0.2926829268292683,0
2022,Acinetobacter junii,Levofloxacin,0.5307262569832403,0.3861788617886179,0.2926829268292683,0
2022,Acinetobacter lactucae,Colistin,0.45,0.2102803738317757,0.13414634146341464,0
2022,Acinetobacter lactucae,Levofloxacin,0.4748603351955307,0.397196261682243,0.2926829268292683,1
2022,Acinetobacter lwoffii,Ciprofloxacin,0.5603864734299517,0.5237020316027088,0.21951219512195122,1
2022,Acinetobacter lwoffii,Colistin,0.425,0.19187358916478556,0.13414634146341464,0
2022,Acinetobacter lwoffii,Gentamicin,0.5833333333333334,0.5214446952595937,0.25,0
2022,Acinetobacter nosocomialis,Ampicillin sulbactam,0.5323886639676113,0.5077220077220077,0.27439024390243905,0
2022,Acinetobacter nosocomialis,Colistin,0.48,0.18532818532818532,0.13414634146341464,0
2022,Acinetobacter pitii,Colistin,0.53,0.18861209964412812,0.13414634146341464,0
2022,Acinetobacter radioresistens,Ampicillin sulbactam,0.4534412955465587,0.5346062052505967,0.27439024390243905,0
2022,Acinetobacter radioresistens,Cefepime,0.6284403669724771,0.6539379474940334,0.2621951219512195,1
2022,Acinetobacter radioresistens,Colistin,0.42,0.20047732696897375,0.13414634146341464,0
2022,Acinetobacter radioresistens,Levofloxacin,0.4888268156424581,0.41766109785202865,0.2926829268292683,0
2022,Acinetobacter spp,Colistin,0.475,0.2,0.13414634146341464,0
2022,Acinetobacter ursingii,Ampicillin sulbactam,0.4291497975708502,0.5408163265306123,0.27439024390243905,0
2022,Acinetobacter ursingii,Ciprofloxacin,0.5314009661835749,0.5612244897959183,0.21951219512195122,0
2022,Acinetobacter ursingii,Colistin,0.39,0.1989795918367347,0.13414634146341464,0
2022,Acinetobacter ursingii,Levofloxacin,0.4553072625698324,0.41581632653061223,0.2926829268292683,0
2022,Citrobacter braakii,Amikacin,0.4014423076923077,0.40240963855421685,0.25609756097560976,0
2022,Citrobacter braakii,Cefepime,0.44036697247706424,0.46265060240963857,0.2621951219512195,0
2022,Citrobacter braakii,Ceftazidime avibactam,0.5613382899628253,0.363855421686747,0.12804878048780488,0
2022,Citrobacter braakii,Ceftolozane tazobactam,0.6546052631578947,0.4795180722891566,0.1524390243902439,1
2022,Citrobacter braakii,Ciprofloxacin,0.4227053140096618,0.42168674698795183,0.21951219512195122,0
2022,Citrobacter braakii,Colistin,0.495,0.2385542168674699,0.13414634146341464,0
2022,Citrobacter braakii,Gentamicin,0.3106060606060606,0.2963855421686747,0.25,0
2022,Citrobacter braakii,Imipenem,0.3525835866261398,0.27951807228915665,0.21951219512195122,0
2022,Citrobacter braakii,Levofloxacin,0.2877094972067039,0.24819277108433735,0.2926829268292683,0
2022,Citrobacter braakii,Meropenem,0.33035714285714285,0.2674698795180723,0.2621951219512195,0
2022,Citrobacter braakii,Meropenem vaborbactam,0.6271186440677966,0.3566265060240964,0.10975609756097561,0
2022,Citrobacter braakii,Tigecycline,0.39655172413793105,0.16626506024096385,0.1524390243902439,0
2022,Citrobacter braakii,Trimethoprim sulfa,0.3644251626898048,0.40481927710843374,0.2865853658536585,0
2022,Citrobacter freundii,Amikacin,0.41586538461538464,0.4080188679245283,0.25609756097560976,0
2022,Citrobacter freundii,Ampicillin,0.6206896551724138,0.6367924528301887,0.3231707317073171,1
2022,Citrobacter freundii,Cefepime,0.463302752293578,0.47641509433962265,0.2621951219512195,0
2022,Citrobacter freundii,Ciprofloxacin,0.48792270531400966,0.47641509433962265,0.21951219512195122,0
2022,Citrobacter freundii,Colistin,0.52,0.24528301886792453,0.13414634146341464,0
2022,Citrobacter freundii,Gentamicin,0.3409090909090909,0.31839622641509435,0.25,0
2022,Citrobacter freundii,Imipenem,0.3586626139817629,0.2783018867924528,0.21951219512195122,0
2022,Citrobacter freundii,Levofloxacin,0.2709497206703911,0.22877358490566038,0.2926829268292683,0
2022,Citrobacter freundii,Meropenem,0.35119047619047616,0.2783018867924528,0.2621951219512195,0
2022,Citrobacter freundii,Tigecycline,0.39655172413793105,0.16273584905660377,0.1524390243902439,0
2022,Citrobacter freundii,Trimethoprim sulfa,0.3969631236442516,0.43160377358490565,0.2865853658536585,0
2022,Citrobacter koseri,Amikacin,0.07211538461538461,0.234375,0.25609756097560976,0
2022,Citrobacter koseri,Amoxycillin clavulanate,0.24691358024691357,0.625,0.20121951219512196,0
2022,Citrobacter koseri,Ampicillin sulbactam,0.18218623481781376,0.703125,0.27439024390243905,0
2022,Citrobacter koseri,Aztreonam,0.23529411764705882,0.625,0.17682926829268292,0
2022,Citrobacter koseri,Cefepime,0.08256880733944955,0.28125,0.2621951219512195,0
2022,Citrobacter koseri,Ceftaroline,0.24634146341463414,0.7890625,0.23170731707317074,0
2022,Citrobacter koseri,Ceftazidime,0.12547528517110265,0.515625,0.31097560975609756,0
2022,Citrobacter koseri,Ceftazidime avibactam,0.18587360594795538,0.390625,0.12804878048780488,0
2022,Citrobacter koseri,Ceftolozane tazobactam,0.25,0.59375,0.1524390243902439,0
2022,Citrobacter koseri,Ciprofloxacin,0.10869565217391304,0.3515625,0.21951219512195122,0
2022,Citrobacter koseri,Colistin,0.185,0.2890625,0.13414634146341464,0
2022,Citrobacter koseri,Gentamicin,0.05555555555555555,0.171875,0.25,0
2022,Citrobacter koseri,Imipenem,0.057750759878419454,0.1484375,0.21951219512195122,0
2022,Citrobacter koseri,Levofloxacin,0.07541899441340782,0.2109375,0.2926829268292683,0
2022,Citrobacter koseri,Meropenem,0.02976190476190476,0.078125,0.2621951219512195,0
2022,Citrobacter koseri,Meropenem vaborbactam,0.25,0.4609375,0.10975609756097561,0
2022,Citrobacter koseri,Piperacillin tazobactam,0.12835249042145594,0.5234375,0.32926829268292684,0
2022,Citrobacter koseri,Tigecycline,0.13793103448275862,0.1875,0.1524390243902439,0
2022,Citrobacter koseri,Trimethoprim sulfa,0.08676789587852494,0.3125,0.2865853658536585,0
2022,Citrobacter spp,Amikacin,0.44711538461538464,0.40700218818380746,0.25609756097560976,0
2022,Citrobacter spp,Cefepime,0.5022935779816514,0.47921225382932164,0.2621951219512195,0
2022,Citrobacter spp,Colistin,0.585,0.25601750547045954,0.13414634146341464,0
2022,Citrobacter spp,Gentamicin,0.37373737373737376,0.3238512035010941,0.25,0
2022,Citrobacter spp,Imipenem,0.3981762917933131,0.28665207877461707,0.21951219512195122,0
2022,Citrobacter spp,Levofloxacin,0.3100558659217877,0.24288840262582057,0.2926829268292683,0
2022,Citrobacter spp,Meropenem,0.37797619047619047,0.2778993435448578,0.2621951219512195,0
2022,Citrobacter spp,Tigecycline,0.46551724137931033,0.1772428884026258,0.1524390243902439,0
2022,Citrobacter spp,Trimethoprim sulfa,0.43817787418655096,0.4420131291028446,0.2865853658536585,0
2022,Clostridioides difficile,Meropenem,0.0744047619047619,0.21008403361344538,0.2621951219512195,0
2022,Clostridioides difficile,Piperacillin tazobactam,0.01532567049808429,0.06722689075630252,0.32926829268292684,0
2022,Clostridioides difficile,Tigecycline,0.08045977011494253,0.11764705882352941,0.1524390243902439,0
2022,Clostridium perfringens,Meropenem,0.06547619047619048,0.176,0.2621951219512195,0
2022,Clostridium perfringens,Metronidazole,0.6666666666666666,0.256,0.11585365853658537,0
2022,Clostridium perfringens,Piperacillin tazobactam,0.022988505747126436,0.096,0.32926829268292684,0
2022,Enterobacter bugandensis,Amikacin,0.3798076923076923,0.3891625615763547,0.25609756097560976,0
2022,Enterobacter bugandensis,Cefepime,0.40825688073394495,0.43842364532019706,0.2621951219512195,0
2022,Enterobacter bugandensis,Ceftazidime avibactam,0.5947955390334573,0.39408866995073893,0.12804878048780488,0
2022,Enterobacter bugandensis,Ciprofloxacin,0.4323671497584541,0.4408866995073892,0.21951219512195122,0
2022,Enterobacter bugandensis,Gentamicin,0.29797979797979796,0.29064039408866993,0.25,0
2022,Enterobacter bugandensis,Imipenem,0.3495440729483283,0.2832512315270936,0.21951219512195122,0
2022,Enterobacter bugandensis,Levofloxacin,0.26536312849162014,0.23399014778325122,0.2926829268292683,0
2022,Enterobacter bugandensis,Meropenem,0.3125,0.25862068965517243,0.2621951219512195,0
2022,Enterobacter bugandensis,Meropenem vaborbactam,0.6610169491525424,0.3842364532019704,0.10975609756097561,0
2022,Enterobacter bugandensis,Tigecycline,0.43103448275862066,0.18472906403940886,0.1524390243902439,0
2022,Enterobacter bugandensis,Trimethoprim sulfa,0.3579175704989154,0.4064039408866995,0.2865853658536585,0
2022,Enterobacter cloacae,Amikacin,0.44471153846153844,0.4039301310043668,0.25609756097560976,0
2022,Enterobacter cloacae,Ampicillin,0.6758620689655173,0.6419213973799127,0.3231707317073171,0
2022,Enterobacter cloacae,Cefepime,0.49311926605504586,0.46943231441048033,0.2621951219512195,0
2022,Enterobacter cloacae,Ciprofloxacin,0.5072463768115942,0.4585152838427948,0.21951219512195122,0
2022,Enterobacter cloacae,Colistin,0.525,0.2292576419213974,0.13414634146341464,1
2022,Enterobacter cloacae,Gentamicin,0.35858585858585856,0.31004366812227074,0.25,0
2022,Enterobacter cloacae,Imipenem,0.3708206686930091,0.2663755458515284,0.21951219512195122,0
2022,Enterobacter cloacae,Levofloxacin,0.3240223463687151,0.25327510917030566,0.2926829268292683,0
2022,Enterobacter cloacae,Meropenem,0.3630952380952381,0.2663755458515284,0.2621951219512195,0
2022,Enterobacter cloacae,Tigecycline,0.42528735632183906,0.1615720524017467,0.1524390243902439,0
2022,Enterobacter cloacae,Trimethoprim sulfa,0.41431670281995664,0.4170305676855895,0.2865853658536585,0
2022,Enterobacter hormaechi,Amikacin,0.49278846153846156,0.45861297539149887,0.25609756097560976,0
2022,Enterobacter hormaechi,Ampicillin,0.6045977011494252,0.5883668903803132,0.3231707317073171,0
2022,Enterobacter hormaechi,Colistin,0.545,0.24384787472035793,0.13414634146341464,0
2022,Enterobacter hormaechi,Gentamicin,0.42424242424242425,0.37583892617449666,0.25,0
2022,Enterobacter hormaechi,Imipenem,0.44680851063829785,0.3288590604026846,0.21951219512195122,0
2022,Enterobacter hormaechi,Levofloxacin,0.3240223463687151,0.2595078299776286,0.2926829268292683,0
2022,Enterobacter hormaechi,Meropenem,0.44345238095238093,0.3333333333333333,0.2621951219512195,0
2022,Enterobacter hormaechi,Tigecycline,0.43103448275862066,0.16778523489932887,0.1524390243902439,0
2022,Enterobacter hormaechi,Trimethoprim sulfa,0.47288503253796094,0.48769574944071586,0.2865853658536585,0
2022,Enterobacter kobei,Amikacin,0.3389423076923077,0.36528497409326427,0.25609756097560976,0
2022,Enterobacter kobei,Cefepime,0.38073394495412843,0.43005181347150256,0.2621951219512195,0
2022,Enterobacter kobei,Ceftazidime avibactam,0.5762081784386617,0.4015544041450777,0.12804878048780488,0
2022,Enterobacter kobei,Ciprofloxacin,0.39371980676328505,0.422279792746114,0.21951219512195122,0
2022,Enterobacter kobei,Colistin,0.5,0.25906735751295334,0.13414634146341464,0
2022,Enterobacter kobei,Gentamicin,0.2702020202020202,0.2772020725388601,0.25,0
2022,Enterobacter kobei,Imipenem,0.2948328267477204,0.25129533678756477,0.21951219512195122,0
2022,Enterobacter kobei,Levofloxacin,0.24860335195530725,0.23056994818652848,0.2926829268292683,0
2022,Enterobacter kobei,Meropenem,0.25892857142857145,0.22538860103626943,0.2621951219512195,0
2022,Enterobacter kobei,Meropenem vaborbactam,0.6483050847457628,0.3963730569948187,0.10975609756097561,0
2022,Enterobacter kobei,Piperacillin tazobactam,0.47509578544061304,0.6424870466321243,0.32926829268292684,0
2022,Enterobacter kobei,Tigecycline,0.3793103448275862,0.17098445595854922,0.1524390243902439,0
2022,Enterobacter kobei,Trimethoprim sulfa,0.3318872017353579,0.3963730569948187,0.2865853658536585,0
2022,Enterobacter ludwigii,Amikacin,0.24759615384615385,0.34219269102990035,0.25609756097560976,0
2022,Enterobacter ludwigii,Cefepime,0.27293577981651373,0.3953488372093023,0.2621951219512195,0
2022,Enterobacter ludwigii,Ceftazidime,0.34220532319391633,0.5980066445182725,0.31097560975609756,0
2022,Enterobacter ludwigii,Ceftazidime avibactam,0.44981412639405205,0.4019933554817276,0.12804878048780488,0
2022,Enterobacter ludwigii,Ceftolozane tazobactam,0.5263157894736842,0.53156146179402,0.1524390243902439,0
2022,Enterobacter ludwigii,Ciprofloxacin,0.2922705314009662,0.4019933554817276,0.21951219512195122,0
2022,Enterobacter ludwigii,Colistin,0.41,0.2724252491694352,0.13414634146341464,0
2022,Enterobacter ludwigii,Gentamicin,0.1893939393939394,0.24916943521594684,0.25,0
2022,Enterobacter ludwigii,Imipenem,0.2066869300911854,0.22591362126245848,0.21951219512195122,0
2022,Enterobacter ludwigii,Levofloxacin,0.18435754189944134,0.21926910299003322,0.2926829268292683,0
2022,Enterobacter ludwigii,Meropenem,0.16071428571428573,0.17940199335548174,0.2621951219512195,0
2022,Enterobacter ludwigii,Meropenem vaborbactam,0.5084745762711864,0.39867109634551495,0.10975609756097561,0
2022,Enterobacter ludwigii,Piperacillin tazobactam,0.3505747126436782,0.6079734219269103,0.32926829268292684,0
2022,Enterobacter ludwigii,Tigecycline,0.3333333333333333,0.19269102990033224,0.1524390243902439,0
2022,Enterobacter ludwigii,Trimethoprim sulfa,0.2472885032537961,0.3787375415282392,0.2865853658536585,0
2022,Enterobacter roggenkampii,Amikacin,0.3918269230769231,0.38534278959810875,0.25609756097560976,0
2022,Enterobacter roggenkampii,Cefepime,0.4243119266055046,0.4373522458628842,0.2621951219512195,0
2022,Enterobacter roggenkampii,Ceftazidime avibactam,0.6431226765799256,0.408983451536643,0.12804878048780488,0
2022,Enterobacter roggenkampii,Ciprofloxacin,0.45893719806763283,0.4491725768321513,0.21951219512195122,0
2022,Enterobacter roggenkampii,Gentamicin,0.3106060606060606,0.2907801418439716,0.25,0
2022,Enterobacter roggenkampii,Imipenem,0.3556231003039514,0.2765957446808511,0.21951219512195122,0
2022,Enterobacter roggenkampii,Levofloxacin,0.2737430167597765,0.23167848699763594,0.2926829268292683,0
2022,Enterobacter roggenkampii,Meropenem,0.31845238095238093,0.25295508274231676,0.2621951219512195,0
2022,Enterobacter roggenkampii,Tigecycline,0.4482758620689655,0.18439716312056736,0.1524390243902439,0
2022,Enterobacter roggenkampii,Trimethoprim sulfa,0.3752711496746204,0.408983451536643,0.2865853658536585,0
2022,Enterobacter spp,Amikacin,0.3870192307692308,0.3815165876777251,0.25609756097560976,0
2022,Enterobacter spp,Cefepime,0.4380733944954128,0.45260663507109006,0.2621951219512195,0
2022,Enterobacter spp,Ciprofloxacin,0.47101449275362317,0.46208530805687204,0.21951219512195122,0
2022,Enterobacter spp,Colistin,0.535,0.25355450236966826,0.13414634146341464,0
2022,Enterobacter spp,Gentamicin,0.30808080808080807,0.2890995260663507,0.25,0
2022,Enterobacter spp,Imipenem,0.331306990881459,0.25829383886255924,0.21951219512195122,0
2022,Enterobacter spp,Levofloxacin,0.2709497206703911,0.22985781990521326,0.2926829268292683,0
2022,Enterobacter spp,Meropenem,0.31547619047619047,0.25118483412322273,0.2621951219512195,0
2022,Enterobacter spp,Tigecycline,0.42528735632183906,0.17535545023696683,0.1524390243902439,0
2022,Enterobacter spp,Trimethoprim sulfa,0.37310195227765725,0.4075829383886256,0.2865853658536585,0
2022,Enterococcus faecalis,Ampicillin,0.13333333333333333,0.42962962962962964,0.3231707317073171,0
2022,Enterococcus faecalis,Tigecycline,0.06321839080459771,0.08148148148148149,0.1524390243902439,0
2022,Enterococcus faecium,Tigecycline,0.13793103448275862,0.11059907834101383,0.1524390243902439,0
2022,Escherichia coli,Amikacin,0.5745192307692307,0.4417744916820702,0.25609756097560976,0
2022,Escherichia coli,Amoxycillin clavulanate,0.6574074074074074,0.39371534195933455,0.20121951219512196,0
2022,Escherichia coli,Ceftazidime,0.6254752851711026,0.6081330868761553,0.31097560975609756,1
2022,Escherichia coli,Ceftazidime avibactam,0.6617100371747212,0.3290203327171904,0.12804878048780488,0
2022,Escherichia coli,Ceftolozane tazobactam,0.694078947368421,0.3900184842883549,0.1524390243902439,0
2022,Escherichia coli,Colistin,0.595,0.2199630314232902,0.13414634146341464,0
2022,Escherichia coli,Imipenem,0.5501519756838906,0.3345656192236599,0.21951219512195122,0
2022,Escherichia coli,Meropenem,0.5,0.31053604436229204,0.2621951219512195,0
2022,Escherichia coli,Piperacillin tazobactam,0.6111111111111112,0.589648798521257,0.32926829268292684,0
2022,Escherichia coli,Tigecycline,0.5,0.16081330868761554,0.1524390243902439,0
2022,Escherichia spp,Amikacin,0.4831730769230769,0.43412526997840173,0.25609756097560976,0
2022,Escherichia spp,Amoxycillin clavulanate,0.6172839506172839,0.4319654427645788,0.20121951219512196,0
2022,Escherichia spp,Ampicillin sulbactam,0.6052631578947368,0.6457883369330454,0.27439024390243905,0
2022,Escherichia spp,Colistin,0.55,0.23758099352051837,0.13414634146341464,0
2022,Escherichia spp,Gentamicin,0.4595959595959596,0.3930885529157667,0.25,1
2022,Escherichia spp,Imipenem,0.46808510638297873,0.3326133909287257,0.21951219512195122,0
2022,Escherichia spp,Meropenem,0.42857142857142855,0.31101511879049676,0.2621951219512195,0
2022,Escherichia spp,Piperacillin tazobactam,0.5344827586206896,0.6025917926565875,0.32926829268292684,0
2022,Escherichia spp,Tigecycline,0.45977011494252873,0.17278617710583152,0.1524390243902439,0
2022,Finegoldia magna,Meropenem,0.0744047619047619,0.21008403361344538,0.2621951219512195,0
2022,Finegoldia magna,Piperacillin tazobactam,0.01532567049808429,0.06722689075630252,0.32926829268292684,0
2022,Finegoldia magna,Tigecycline,0.08045977011494253,0.11764705882352941,0.1524390243902439,0
2022,Haemophilus influenzae,Amoxycillin clavulanate,0.17901234567901234,0.4461538461538462,0.20121951219512196,0
2022,Haemophilus influenzae,Azithromycin,0.0625,0.007692307692307693,0.018292682926829267,0
2022,Haemophilus influenzae,Ceftaroline,0.16585365853658537,0.5230769230769231,0.23170731707317074,0
2022,Haemophilus influenzae,Ceftazidime,0.12357414448669202,0.5,0.31097560975609756,0
2022,Haemophilus influenzae,Ceftriaxone,0.16279069767441862,0.5384615384615384,0.2682926829268293,0
2022,Haemophilus influenzae,Levofloxacin,0.12011173184357542,0.33076923076923076,0.2926829268292683,0
2022,Haemophilus influenzae,Meropenem,0.07738095238095238,0.2,0.2621951219512195,0
2022,Haemophilus influenzae,Piperacillin tazobactam,0.1417624521072797,0.5692307692307692,0.32926829268292684,0
2022,Haemophilus influenzae,Tigecycline,0.1206896551724138,0.16153846153846155,0.1524390243902439,0
2022,Klebsiella aerogenes,Amikacin,0.44471153846153844,0.39112050739957716,0.25609756097560976,0
2022,Klebsiella aerogenes,Cefepime,0.48853211009174313,0.4503171247357294,0.2621951219512195,0
2022,Klebsiella aerogenes,Ceftazidime avibactam,0.6431226765799256,0.3657505285412262,0.12804878048780488,0
2022,Klebsiella aerogenes,Ciprofloxacin,0.47101449275362317,0.41226215644820297,0.21951219512195122,0
2022,Klebsiella aerogenes,Colistin,0.54,0.22832980972515857,0.13414634146341464,0
2022,Klebsiella aerogenes,Gentamicin,0.3409090909090909,0.2854122621564482,0.25,0
2022,Klebsiella aerogenes,Imipenem,0.3738601823708207,0.26004228329809725,0.21951219512195122,0
2022,Klebsiella aerogenes,Levofloxacin,0.34916201117318435,0.2642706131078224,0.2926829268292683,0
2022,Klebsiella aerogenes,Meropenem,0.3541666666666667,0.25158562367864695,0.2621951219512195,0
2022,Klebsiella aerogenes,Meropenem vaborbactam,0.7161016949152542,0.3572938689217759,0.10975609756097561,0
2022,Klebsiella aerogenes,Tigecycline,0.4425287356321839,0.16279069767441862,0.1524390243902439,0
2022,Klebsiella aerogenes,Trimethoprim sulfa,0.40130151843817785,0.39112050739957716,0.2865853658536585,0
2022,Klebsiella oxytoca,Amikacin,0.31490384615384615,0.3732193732193732,0.25609756097560976,0
2022,Klebsiella oxytoca,Amoxycillin clavulanate,0.5339506172839507,0.4928774928774929,0.20121951219512196,0
2022,Klebsiella oxytoca,Cefepime,0.35091743119266056,0.4358974358974359,0.2621951219512195,0
2022,Klebsiella oxytoca,Cefixime,0.5205479452054794,0.43304843304843305,0.14634146341463414,0
2022,Klebsiella oxytoca,Ceftazidime,0.4068441064638783,0.6096866096866097,0.31097560975609756,0
2022,Klebsiella oxytoca,Ceftazidime avibactam,0.4646840148698885,0.3561253561253561,0.12804878048780488,1
2022,Klebsiella oxytoca,Ceftibuten,0.5570175438596491,0.36182336182336183,0.10975609756097561,0
2022,Klebsiella oxytoca,Ciprofloxacin,0.3333333333333333,0.39316239316239315,0.21951219512195122,0
2022,Klebsiella oxytoca,Colistin,0.38,0.21652421652421652,0.13414634146341464,0
2022,Klebsiella oxytoca,Gentamicin,0.2474747474747475,0.2792022792022792,0.25,0
2022,Klebsiella oxytoca,Imipenem,0.270516717325228,0.2535612535612536,0.21951219512195122,0
2022,Klebsiella oxytoca,Levofloxacin,0.25977653631284914,0.26495726495726496,0.2926829268292683,0
2022,Klebsiella oxytoca,Meropenem,0.25892857142857145,0.24786324786324787,0.2621951219512195,0
2022,Klebsiella oxytoca,Meropenem vaborbactam,0.5042372881355932,0.33903133903133903,0.10975609756097561,0
2022,Klebsiella oxytoca,Tigecycline,0.3160919540229885,0.15669515669515668,0.1524390243902439,0
2022,Klebsiella oxytoca,Trimethoprim sulfa,0.29718004338394793,0.3903133903133903,0.2865853658536585,0
2022,Klebsiella pneumoniae,Amoxycillin clavulanate,0.808641975308642,0.409375,0.20121951219512196,0
2022,Klebsiella pneumoniae,Ampicillin,0.7586206896551724,0.515625,0.3231707317073171,0
2022,Klebsiella pneumoniae,Colistin,0.705,0.2203125,0.13414634146341464,0
2022,Klebsiella pneumoniae,Imipenem,0.7537993920972644,0.3875,0.21951219512195122,0
2022,Klebsiella pneumoniae,Levofloxacin,0.5865921787709497,0.328125,0.2926829268292683,0
2022,Klebsiella pneumoniae,Meropenem,0.7380952380952381,0.3875,0.2621951219512195,1
2022,Klebsiella pneumoniae,Tigecycline,0.5862068965517241,0.159375,0.1524390243902439,0
2022,Klebsiella spp,Amoxycillin clavulanate,0.7716049382716049,0.39308176100628933,0.20121951219512196,0
2022,Klebsiella spp,Colistin,0.735,0.23113207547169812,0.13414634146341464,0
2022,Klebsiella spp,Imipenem,0.7750759878419453,0.4009433962264151,0.21951219512195122,0
2022,Klebsiella spp,Levofloxacin,0.5614525139664804,0.3160377358490566,0.2926829268292683,0
2022,Klebsiella spp,Tigecycline,0.5919540229885057,0.1619496855345912,0.1524390243902439,0
2022,Klebsiella variicola,Amikacin,0.5721153846153846,0.44074074074074077,0.25609756097560976,0
2022,Klebsiella variicola,Amoxycillin clavulanate,0.7530864197530864,0.45185185185185184,0.20121951219512196,0
2022,Klebsiella variicola,Ceftazidime,0.6673003802281369,0.65,0.31097560975609756,1
2022,Klebsiella variicola,Colistin,0.615,0.22777777777777777,0.13414634146341464,0
2022,Klebsiella variicola,Gentamicin,0.5075757575757576,0.37222222222222223,0.25,0
2022,Klebsiella variicola,Imipenem,0.5258358662613982,0.32037037037037036,0.21951219512195122,0
2022,Klebsiella variicola,Levofloxacin,0.44972067039106145,0.29814814814814816,0.2926829268292683,0
2022,Klebsiella variicola,Meropenem,0.49702380952380953,0.30925925925925923,0.2621951219512195,0
2022,Klebsiella variicola,Tigecycline,0.5229885057471264,0.1685185185185185,0.1524390243902439,0
2022,Morganella morganii,Amikacin,0.34134615384615385,0.48464163822525597,0.25609756097560976,0
2022,Morganella morganii,Ampicillin sulbactam,0.3259109311740891,0.5494880546075085,0.27439024390243905,0
2022,Morganella morganii,Aztreonam,0.3058823529411765,0.35494880546075086,0.17682926829268292,0
2022,Morganella morganii,Cefepime,0.30045871559633025,0.447098976109215,0.2621951219512195,0
2022,Morganella morganii,Ceftaroline,0.3878048780487805,0.5426621160409556,0.23170731707317074,0
2022,Morganella morganii,Ceftazidime,0.30228136882129275,0.5426621160409556,0.31097560975609756,0
2022,Morganella morganii,Ceftazidime avibactam,0.3345724907063197,0.30716723549488056,0.12804878048780488,0
2022,Morganella morganii,Ceftibuten,0.3508771929824561,0.27303754266211605,0.10975609756097561,0
2022,Morganella morganii,Ceftolozane tazobactam,0.34539473684210525,0.3583617747440273,0.1524390243902439,0
2022,Morganella morganii,Gentamicin,0.2878787878787879,0.3890784982935154,0.25,0
2022,Morganella morganii,Levofloxacin,0.2569832402234637,0.31399317406143346,0.2926829268292683,0
2022,Morganella morganii,Meropenem,0.26785714285714285,0.30716723549488056,0.2621951219512195,0
2022,Morganella morganii,Meropenem vaborbactam,0.3516949152542373,0.2832764505119454,0.10975609756097561,0
2022,Morganella morganii,Piperacillin tazobactam,0.289272030651341,0.515358361774744,0.32926829268292684,0
2022,Proteus mirabilis,Amoxycillin clavulanate,0.42901234567901236,0.3333333333333333,0.20121951219512196,0
2022,Proteus mirabilis,Ampicillin,0.4206896551724138,0.43884892086330934,0.3231707317073171,0
2022,Proteus mirabilis,Ampicillin sulbactam,0.44129554655870445,0.5227817745803357,0.27439024390243905,0
2022,Proteus mirabilis,Aztreonam,0.3764705882352941,0.3069544364508393,0.17682926829268292,0
2022,Proteus mirabilis,Cefepime,0.5022935779816514,0.5251798561151079,0.2621951219512195,0
2022,Proteus mirabilis,Ceftazidime,0.4619771863117871,0.5827338129496403,0.31097560975609756,0
2022,Proteus mirabilis,Ceftazidime avibactam,0.4200743494423792,0.2709832134292566,0.12804878048780488,0
2022,Proteus mirabilis,Ceftibuten,0.38596491228070173,0.21103117505995203,0.10975609756097561,0
2022,Proteus mirabilis,Ceftolozane tazobactam,0.39473684210526316,0.28776978417266186,0.1524390243902439,0
2022,Proteus mirabilis,Meropenem,0.5,0.4028776978417266,0.2621951219512195,0
2022,Proteus mirabilis,Meropenem vaborbactam,0.4152542372881356,0.23501199040767387,0.10975609756097561,0
2022,Proteus mirabilis,Piperacillin tazobactam,0.4386973180076628,0.5491606714628298,0.32926829268292684,0
2022,Proteus spp,Amikacin,0.2548076923076923,0.44166666666666665,0.25609756097560976,0
2022,Proteus spp,Amoxycillin clavulanate,0.2993827160493827,0.4041666666666667,0.20121951219512196,0
2022,Proteus spp,Ampicillin sulbactam,0.25708502024291496,0.5291666666666667,0.27439024390243905,0
2022,Proteus spp,Aztreonam,0.25,0.3541666666666667,0.17682926829268292,0
2022,Proteus spp,Cefepime,0.22247706422018348,0.4041666666666667,0.2621951219512195,0
2022,Proteus spp,Cefixime,0.3013698630136986,0.36666666666666664,0.14634146341463414,0
2022,Proteus spp,Ceftazidime,0.22433460076045628,0.49166666666666664,0.31097560975609756,0
2022,Proteus spp,Ceftazidime avibactam,0.26022304832713755,0.2916666666666667,0.12804878048780488,0
2022,Proteus spp,Ceftibuten,0.2543859649122807,0.24166666666666667,0.10975609756097561,0
2022,Proteus spp,Ceftolozane tazobactam,0.26973684210526316,0.3416666666666667,0.1524390243902439,0
2022,Proteus spp,Ciprofloxacin,0.2584541062801932,0.44583333333333336,0.21951219512195122,0
2022,Proteus spp,Gentamicin,0.2222222222222222,0.36666666666666664,0.25,0
2022,Proteus spp,Levofloxacin,0.2011173184357542,0.3,0.2926829268292683,0
2022,Proteus spp,Meropenem,0.2113095238095238,0.29583333333333334,0.2621951219512195,0
2022,Proteus spp,Meropenem vaborbactam,0.2627118644067797,0.25833333333333336,0.10975609756097561,0
2022,Proteus spp,Piperacillin tazobactam,0.21839080459770116,0.475,0.32926829268292684,0
2022,Proteus vulgaris,Amikacin,0.3004807692307692,0.4844961240310077,0.25609756097560976,0
2022,Proteus vulgaris,Amoxycillin clavulanate,0.3055555555555556,0.38372093023255816,0.20121951219512196,0
2022,Proteus vulgaris,Ampicillin sulbactam,0.26720647773279355,0.5116279069767442,0.27439024390243905,0
2022,Proteus vulgaris,Aztreonam,0.25,0.32945736434108525,0.17682926829268292,0
2022,Proteus vulgaris,Cefepime,0.26605504587155965,0.4496124031007752,0.2621951219512195,0
2022,Proteus vulgaris,Cefixime,0.2568493150684932,0.29069767441860467,0.14634146341463414,0
2022,Proteus vulgaris,Cefpodoxime,0.2736156351791531,0.32558139534883723,0.15853658536585366,0
2022,Proteus vulgaris,Ceftazidime,0.25475285171102663,0.5193798449612403,0.31097560975609756,0
2022,Proteus vulgaris,Ceftazidime avibactam,0.24907063197026022,0.2596899224806202,0.12804878048780488,0
2022,Proteus vulgaris,Ceftibuten,0.2149122807017544,0.18992248062015504,0.10975609756097561,0
2022,Proteus vulgaris,Ceftolozane tazobactam,0.24342105263157895,0.2868217054263566,0.1524390243902439,0
2022,Proteus vulgaris,Ciprofloxacin,0.26811594202898553,0.43023255813953487,0.21951219512195122,0
2022,Proteus vulgaris,Gentamicin,0.2474747474747475,0.3798449612403101,0.25,0
2022,Proteus vulgaris,Levofloxacin,0.23184357541899442,0.32170542635658916,0.2926829268292683,0
2022,Proteus vulgaris,Meropenem,0.25,0.32558139534883723,0.2621951219512195,0
2022,Proteus vulgaris,Meropenem vaborbactam,0.2330508474576271,0.2131782945736434,0.10975609756097561,0
2022,Proteus vulgaris,Piperacillin tazobactam,0.2547892720306513,0.5155038759689923,0.32926829268292684,0
2022,Providencia rettgeri,Ampicillin,0.4942528735632184,0.5193236714975845,0.3231707317073171,0
2022,Providencia rettgeri,Aztreonam,0.5441176470588235,0.4468599033816425,0.17682926829268292,0
2022,Providencia rettgeri,Cefepime,0.48623853211009177,0.5120772946859904,0.2621951219512195,0
2022,Providencia rettgeri,Ceftaroline,0.5975609756097561,0.5917874396135265,0.23170731707317074,1
2022,Providencia rettgeri,Ceftazidime,0.5019011406844106,0.6376811594202898,0.31097560975609756,0
2022,Providencia rettgeri,Gentamicin,0.4595959595959596,0.4396135265700483,0.25,0
2022,Providencia rettgeri,Levofloxacin,0.33798882681564246,0.2922705314009662,0.2926829268292683,0
2022,Providencia rettgeri,Meropenem,0.44345238095238093,0.35990338164251207,0.2621951219512195,0
2022,Providencia rettgeri,Piperacillin tazobactam,0.48084291187739464,0.606280193236715,0.32926829268292684,0
2022,Providencia spp,Ampicillin,0.5172413793103449,0.4891304347826087,0.3231707317073171,0
2022,Providencia spp,Aztreonam,0.5647058823529412,0.41739130434782606,0.17682926829268292,0
2022,Providencia spp,Cefepime,0.5298165137614679,0.5021739130434782,0.2621951219512195,0
2022,Providencia spp,Ceftazidime,0.5456273764258555,0.6239130434782608,0.31097560975609756,0
2022,Providencia spp,Ceftibuten,0.5964912280701754,0.2956521739130435,0.10975609756097561,0
2022,Providencia spp,Levofloxacin,0.3715083798882682,0.2891304347826087,0.2926829268292683,1
2022,Providencia spp,Piperacillin tazobactam,0.5287356321839081,0.6,0.32926829268292684,0
2022,Providencia spp,Trimethoprim sulfa,0.544468546637744,0.5456521739130434,0.2865853658536585,0
2022,Providencia stuartii,Ampicillin,0.49885057471264366,0.5023148148148148,0.3231707317073171,0
2022,Providencia stuartii,Ampicillin sulbactam,0.5060728744939271,0.5787037037037037,0.27439024390243905,0
2022,Providencia stuartii,Aztreonam,0.5088235294117647,0.40046296296296297,0.17682926829268292,0
2022,Providencia stuartii,Cefepime,0.47477064220183485,0.4791666666666667,0.2621951219512195,0
2022,Providencia stuartii,Ceftazidime,0.47338403041825095,0.5763888888888888,0.31097560975609756,0
2022,Providencia stuartii,Ceftibuten,0.5526315789473685,0.2916666666666667,0.10975609756097561,0
2022,Providencia stuartii,Imipenem,0.5106382978723404,0.3888888888888889,0.21951219512195122,0
2022,Providencia stuartii,Meropenem,0.4107142857142857,0.3194444444444444,0.2621951219512195,0
2022,Providencia stuartii,Piperacillin tazobactam,0.4482758620689655,0.5416666666666666,0.32926829268292684,0
2022,Pseudomonas aeruginosa,Colistin,0.41,0.1920374707259953,0.13414634146341464,0
2022,Serratia marcescens,Amikacin,0.31009615384615385,0.35537190082644626,0.25609756097560976,0
2022,Serratia marcescens,Aztreonam,0.5647058823529412,0.5289256198347108,0.17682926829268292,0
2022,Serratia marcescens,Cefepime,0.3073394495412844,0.3691460055096419,0.2621951219512195,0
2022,Serratia marcescens,Ceftazidime,0.38022813688212925,0.5509641873278237,0.31097560975609756,0
2022,Serratia marcescens,Ceftazidime avibactam,0.5055762081784386,0.3746556473829201,0.12804878048780488,0
2022,Serratia marcescens,Ceftibuten,0.631578947368421,0.39669421487603307,0.10975609756097561,0
2022,Serratia marcescens,Ciprofloxacin,0.34299516908212563,0.39118457300275483,0.21951219512195122,0
2022,Serratia marcescens,Gentamicin,0.23232323232323232,0.2534435261707989,0.25,0
2022,Serratia marcescens,Imipenem,0.2613981762917933,0.2369146005509642,0.21951219512195122,0
2022,Serratia marcescens,Levofloxacin,0.25139664804469275,0.24793388429752067,0.2926829268292683,0
2022,Serratia marcescens,Meropenem,0.19047619047619047,0.1763085399449036,0.2621951219512195,0
2022,Serratia marcescens,Piperacillin tazobactam,0.40229885057471265,0.5785123966942148,0.32926829268292684,0
2022,Serratia marcescens,Tigecycline,0.4367816091954023,0.209366391184573,0.1524390243902439,1
2022,Serratia marcescens,Trimethoprim sulfa,0.2950108459869848,0.3746556473829201,0.2865853658536585,0
2022,Serratia spp,Amikacin,0.20673076923076922,0.3333333333333333,0.25609756097560976,0
2022,Serratia spp,Aztreonam,0.4235294117647059,0.5581395348837209,0.17682926829268292,0
2022,Serratia spp,Cefepime,0.19954128440366972,0.3372093023255814,0.2621951219512195,0
2022,Serratia spp,Ceftazidime,0.2661596958174905,0.5426356589147286,0.31097560975609756,0
2022,Serratia spp,Ceftazidime avibactam,0.3940520446096654,0.4108527131782946,0.12804878048780488,0
2022,Serratia spp,Ceftibuten,0.4824561403508772,0.4263565891472868,0.10975609756097561,0
2022,Serratia spp,Ciprofloxacin,0.2536231884057971,0.4069767441860465,0.21951219512195122,0
2022,Serratia spp,Gentamicin,0.15656565656565657,0.24031007751937986,0.25,0
2022,Serratia spp,Imipenem,0.19148936170212766,0.2441860465116279,0.21951219512195122,0
2022,Serratia spp,Levofloxacin,0.1452513966480447,0.20155038759689922,0.2926829268292683,0
2022,Serratia spp,Meropenem,0.125,0.16279069767441862,0.2621951219512195,0
2022,Serratia spp,Meropenem vaborbactam,0.4576271186440678,0.4186046511627907,0.10975609756097561,0
2022,Serratia spp,Piperacillin tazobactam,0.2720306513409962,0.5503875968992248,0.32926829268292684,0
2022,Serratia spp,Tigecycline,0.3505747126436782,0.2364341085271318,0.1524390243902439,0
2022,Serratia spp,Trimethoprim sulfa,0.20824295010845986,0.37209302325581395,0.2865853658536585,0
2022,Staphylococcus aureus,Ceftaroline,0.03414634146341464,0.06542056074766354,0.23170731707317074,0
2022,Staphylococcus aureus,Daptomycin,0.2727272727272727,0.028037383177570093,0.018292682926829267,0
2022,Staphylococcus aureus,Linezolid,0.6216216216216216,0.21495327102803738,0.06707317073170732,0
2022,Staphylococcus aureus,Teicoplanin,0.4,0.056074766355140186,0.024390243902439025,0
2022,Staphylococcus aureus,Tigecycline,0.11494252873563218,0.09345794392523364,0.1524390243902439,0
2022,Staphylococcus aureus,Trimethoprim sulfa,0.1822125813449024,0.3925233644859813,0.2865853658536585,0
2022,Staphylococcus aureus,Vancomycin,0.26,0.06074766355140187,0.06097560975609756,0
2022,Staphylococcus epidermidis,Daptomycin,0.4090909090909091,0.033582089552238806,0.018292682926829267,0
2022,Staphylococcus epidermidis,Teicoplanin,0.5666666666666667,0.06343283582089553,0.024390243902439025,0
2022,Staphylococcus epidermidis,Tigecycline,0.16091954022988506,0.1044776119402985,0.1524390243902439,0
2022,Staphylococcus epidermidis,Vancomycin,0.34,0.06343283582089553,0.06097560975609756,0
2022,Staphylococcus haemolyticus,Daptomycin,0.5454545454545454,0.04428044280442804,0.018292682926829267,0
2022,Staphylococcus haemolyticus,Tigecycline,0.16091954022988506,0.1033210332103321,0.1524390243902439,0
2022,Staphylococcus haemolyticus,Vancomycin,0.4,0.07380073800738007,0.06097560975609756,0
2022,Staphylococcus spp,Daptomycin,0.4090909090909091,0.03501945525291829,0.018292682926829267,0
2022,Staphylococcus spp,Teicoplanin,0.5333333333333333,0.0622568093385214,0.024390243902439025,1
2022,Staphylococcus spp,Tigecycline,0.16091954022988506,0.10894941634241245,0.1524390243902439,0
2022,Staphylococcus spp,Vancomycin,0.34,0.06614785992217899,0.06097560975609756,0
2022,Streptococcus agalactiae,Ceftaroline,0.02195121951219512,0.0661764705882353,0.23170731707317074,0
2022,Streptococcus agalactiae,Ceftriaxone,0.044186046511627906,0.13970588235294118,0.2682926829268293,0
2022,Streptococcus agalactiae,Levofloxacin,0.13128491620111732,0.34558823529411764,0.2926829268292683,1
2022,Streptococcus agalactiae,Linezolid,0.28378378378378377,0.15441176470588236,0.06707317073170732,0
2022,Streptococcus agalactiae,Meropenem,0.05357142857142857,0.1323529411764706,0.2621951219512195,0
2022,Streptococcus agalactiae,Penicillin,0.42696629213483145,0.27941176470588236,0.18902439024390244,0
2022,Streptococcus agalactiae,Tigecycline,0.08045977011494253,0.10294117647058823,0.1524390243902439,0
2022,Streptococcus agalactiae,Vancomycin,0.24,0.08823529411764706,0.06097560975609756,0
2022,Streptococcus dysgalactiae,Ceftaroline,0.0,0.0,0.23170731707317074,0
2022,Streptococcus dysgalactiae,Ceftriaxone,0.0,0.0,0.2682926829268293,0
2022,Streptococcus dysgalactiae,Levofloxacin,0.07541899441340782,0.27,0.2926829268292683,0
2022,Streptococcus dysgalactiae,Linezolid,0.22972972972972974,0.17,0.06707317073170732,0
2022,Streptococcus dysgalactiae,Meropenem,0.03869047619047619,0.13,0.2621951219512195,0
2022,Streptococcus dysgalactiae,Penicillin,0.3258426966292135,0.29,0.18902439024390244,0
2022,Streptococcus dysgalactiae,Tigecycline,0.05172413793103448,0.09,0.1524390243902439,0
2022,Streptococcus dysgalactiae,Vancomycin,0.06,0.03,0.06097560975609756,0
2022,Streptococcus pneumoniae,Ceftaroline,0.05853658536585366,0.10909090909090909,0.23170731707317074,0
2022,Streptococcus pneumoniae,Ceftriaxone,0.09534883720930233,0.18636363636363637,0.2682926829268293,1
2022,Streptococcus pneumoniae,Levofloxacin,0.1871508379888268,0.30454545454545456,0.2926829268292683,0
2022,Streptococcus pneumoniae,Linezolid,0.25675675675675674,0.08636363636363636,0.06707317073170732,0
2022,Streptococcus pneumoniae,Tigecycline,0.12643678160919541,0.1,0.1524390243902439,0
2022,Streptococcus pneumoniae,Vancomycin,0.22,0.05,0.06097560975609756,0
2022,Streptococcus pyogenes,Ceftaroline,0.02195121951219512,0.06716417910447761,0.23170731707317074,0
2022,Streptococcus pyogenes,Ceftriaxone,0.044186046511627906,0.1417910447761194,0.2682926829268293,0
2022,Streptococcus pyogenes,Levofloxacin,0.12849162011173185,0.34328358208955223,0.2926829268292683,0
2022,Streptococcus pyogenes,Linezolid,0.28378378378378377,0.15671641791044777,0.06707317073170732,0
2022,Streptococcus pyogenes,Meropenem,0.050595238095238096,0.12686567164179105,0.2621951219512195,0
2022,Streptococcus pyogenes,Penicillin,0.4157303370786517,0.27611940298507465,0.18902439024390244,0
2022,Streptococcus pyogenes,Tigecycline,0.08045977011494253,0.1044776119402985,0.1524390243902439,0
2022,Streptococcus pyogenes,Vancomycin,0.24,0.08955223880597014,0.06097560975609756,0
2022,"Streptococcus, Beta Hemolytic",Ceftaroline,0.0,0.0,0.23170731707317074,0
2022,"Streptococcus, Beta Hemolytic",Ceftriaxone,0.0,0.0,0.2682926829268293,0
2022,"Streptococcus, Beta Hemolytic",Levofloxacin,0.07541899441340782,0.27,0.2926829268292683,1
2022,"Streptococcus, Beta Hemolytic",Linezolid,0.22972972972972974,0.17,0.06707317073170732,0
2022,"Streptococcus, Beta Hemolytic",Meropenem,0.03869047619047619,0.13,0.2621951219512195,0
2022,"Streptococcus, Beta Hemolytic",Penicillin,0.3258426966292135,0.29,0.18902439024390244,0
2022,"Streptococcus, Beta Hemolytic",Tigecycline,0.05172413793103448,0.09,0.1524390243902439,0
2022,"Streptococcus, Beta Hemolytic",Vancomycin,0.06,0.03,0.06097560975609756,0
2023,Acinetobacter baumannii,Colistin,0.5297029702970297,0.2018867924528302,0.13690476190476192,0
2023,Acinetobacter bereziniae,Levofloxacin,0.48,0.3708609271523179,0.27976190476190477,0
2023,Acinetobacter junii,Ampicillin sulbactam,0.4873417721518987,0.5099337748344371,0.2619047619047619,1
2023,Acinetobacter junii,Levofloxacin,0.5,0.38631346578366443,0.27976190476190477,0
2023,Acinetobacter lactucae,Colistin,0.45544554455445546,0.21345707656612528,0.13690476190476192,0
2023,Acinetobacter lactucae,Levofloxacin,0.4657142857142857,0.37819025522041766,0.27976190476190477,0
2023,Acinetobacter lwoffii,Ciprofloxacin,0.5424164524421594,0.5288220551378446,0.20238095238095238,0
2023,Acinetobacter lwoffii,Colistin,0.400990099009901,0.20300751879699247,0.13690476190476192,0
2023,Acinetobacter lwoffii,Gentamicin,0.5254237288135594,0.543859649122807,0.25595238095238093,0
2023,Acinetobacter lwoffii,Levofloxacin,0.4057142857142857,0.3558897243107769,0.27976190476190477,0
2023,Acinetobacter nosocomialis,Ampicillin sulbactam,0.5210970464135021,0.4740882917466411,0.2619047619047619,0
2023,Acinetobacter nosocomialis,Colistin,0.48514851485148514,0.18809980806142035,0.13690476190476192,0
2023,Acinetobacter pitii,Colistin,0.5346534653465347,0.19148936170212766,0.13690476190476192,0
2023,Acinetobacter radioresistens,Ampicillin sulbactam,0.4430379746835443,0.49645390070921985,0.2619047619047619,1
2023,Acinetobacter radioresistens,Cefepime,0.6353211009174312,0.6548463356973995,0.25595238095238093,1
2023,Acinetobacter radioresistens,Colistin,0.42574257425742573,0.2033096926713948,0.13690476190476192,0
2023,Acinetobacter radioresistens,Levofloxacin,0.4828571428571429,0.39952718676122934,0.27976190476190477,1
2023,Acinetobacter spp,Colistin,0.4801980198019802,0.20335429769392033,0.13690476190476192,0
2023,Acinetobacter ursingii,Ampicillin sulbactam,0.4240506329113924,0.5050251256281407,0.2619047619047619,0
2023,Acinetobacter ursingii,Ciprofloxacin,0.5604113110539846,0.5477386934673367,0.20238095238095238,0
2023,Acinetobacter ursingii,Colistin,0.39603960396039606,0.20100502512562815,0.13690476190476192,0
2023,Acinetobacter ursingii,Levofloxacin,0.44571428571428573,0.39195979899497485,0.27976190476190477,0
2023,Citrobacter braakii,Amikacin,0.33573141486810554,0.36175710594315247,0.25,0
2023,Citrobacter braakii,Cefepime,0.3761467889908257,0.42377260981912146,0.25595238095238093,0
2023,Citrobacter braakii,Ceftazidime avibactam,0.5703703703703704,0.3979328165374677,0.125,0
2023,Citrobacter braakii,Ciprofloxacin,0.36503856041131105,0.3669250645994832,0.20238095238095238,0
2023,Citrobacter braakii,Colistin,0.49504950495049505,0.25839793281653745,0.13690476190476192,0
2023,Citrobacter braakii,Gentamicin,0.2784503631961259,0.2971576227390181,0.25595238095238093,0
2023,Citrobacter braakii,Imipenem,0.30057803468208094,0.268733850129199,0.22023809523809523,0
2023,Citrobacter braakii,Levofloxacin,0.24571428571428572,0.2222222222222222,0.27976190476190477,0
2023,Citrobacter braakii,Meropenem,0.25072886297376096,0.2222222222222222,0.2619047619047619,0
2023,Citrobacter braakii,Meropenem vaborbactam,0.6507936507936508,0.42377260981912146,0.11904761904761904,0
2023,Citrobacter braakii,Piperacillin tazobactam,0.45506692160611856,0.6149870801033591,0.3273809523809524,0
2023,Citrobacter braakii,Tigecycline,0.37714285714285717,0.17054263565891473,0.1488095238095238,0
2023,Citrobacter braakii,Trimethoprim sulfa,0.32553191489361705,0.3953488372093023,0.2857142857142857,0
2023,Citrobacter freundii,Amikacin,0.4148681055155875,0.40420560747663553,0.25,0
2023,Citrobacter freundii,Ampicillin,0.6210045662100456,0.6355140186915887,0.31547619047619047,0
2023,Citrobacter freundii,Cefepime,0.4610091743119266,0.4696261682242991,0.25595238095238093,0
2023,Citrobacter freundii,Ciprofloxacin,0.455012853470437,0.4135514018691589,0.20238095238095238,0
2023,Citrobacter freundii,Colistin,0.5198019801980198,0.24532710280373832,0.13690476190476192,0
2023,Citrobacter freundii,Gentamicin,0.35108958837772397,0.338785046728972,0.25595238095238093,0
2023,Citrobacter freundii,Imipenem,0.3699421965317919,0.29906542056074764,0.22023809523809523,0
2023,Citrobacter freundii,Levofloxacin,0.26571428571428574,0.21728971962616822,0.27976190476190477,0
2023,Citrobacter freundii,Meropenem,0.3498542274052478,0.2803738317757009,0.2619047619047619,0
2023,Citrobacter freundii,Tigecycline,0.3942857142857143,0.16121495327102803,0.1488095238095238,0
2023,Citrobacter freundii,Trimethoprim sulfa,0.39574468085106385,0.43457943925233644,0.2857142857142857,0
2023,Citrobacter koseri,Amikacin,0.07434052757793765,0.2366412213740458,0.25,0
2023,Citrobacter koseri,Amoxycillin clavulanate,0.2523364485981308,0.6183206106870229,0.19642857142857142,0
2023,Citrobacter koseri,Ampicillin sulbactam,0.1877637130801688,0.6793893129770993,0.2619047619047619,0
2023,Citrobacter koseri,Aztreonam,0.239067055393586,0.6259541984732825,0.17261904761904762,0
2023,Citrobacter koseri,Cefepime,0.08256880733944955,0.2748091603053435,0.25595238095238093,0
2023,Citrobacter koseri,Ceftaroline,0.25181598062953997,0.7938931297709924,0.2261904761904762,0
2023,Citrobacter koseri,Ceftazidime,0.12571428571428572,0.5038167938931297,0.30357142857142855,0
2023,Citrobacter koseri,Ceftazidime avibactam,0.18888888888888888,0.3893129770992366,0.125,0
2023,Citrobacter koseri,Ceftolozane tazobactam,0.2558922558922559,0.5801526717557252,0.14285714285714285,0
2023,Citrobacter koseri,Ciprofloxacin,0.10025706940874037,0.29770992366412213,0.20238095238095238,0
2023,Citrobacter koseri,Colistin,0.18811881188118812,0.2900763358778626,0.13690476190476192,0
2023,Citrobacter koseri,Gentamicin,0.06537530266343826,0.20610687022900764,0.25595238095238093,0
2023,Citrobacter koseri,Imipenem,0.06647398843930635,0.17557251908396945,0.22023809523809523,0
2023,Citrobacter koseri,Levofloxacin,0.08,0.21374045801526717,0.27976190476190477,0
2023,Citrobacter koseri,Meropenem,0.029154518950437316,0.07633587786259542,0.2619047619047619,0
2023,Citrobacter koseri,Meropenem vaborbactam,0.25,0.48091603053435117,0.11904761904761904,0
2023,Citrobacter koseri,Piperacillin tazobactam,0.12045889101338432,0.48091603053435117,0.3273809523809524,0
2023,Citrobacter koseri,Tigecycline,0.14285714285714285,0.19083969465648856,0.1488095238095238,0
2023,Citrobacter koseri,Trimethoprim sulfa,0.08723404255319149,0.31297709923664124,0.2857142857142857,0
2023,Citrobacter spp,Amikacin,0.38609112709832133,0.3779342723004695,0.25,0
2023,Citrobacter spp,Cefepime,0.43577981651376146,0.4460093896713615,0.25595238095238093,0
2023,Citrobacter spp,Ciprofloxacin,0.43444730077120824,0.3967136150234742,0.20238095238095238,0
2023,Citrobacter spp,Colistin,0.5346534653465347,0.2535211267605634,0.13690476190476192,0
2023,Citrobacter spp,Gentamicin,0.3220338983050847,0.31220657276995306,0.25595238095238093,0
2023,Citrobacter spp,Imipenem,0.3468208092485549,0.28169014084507044,0.22023809523809523,0
2023,Citrobacter spp,Levofloxacin,0.26857142857142857,0.22065727699530516,0.27976190476190477,0
2023,Citrobacter spp,Meropenem,0.31486880466472306,0.2535211267605634,0.2619047619047619,0
2023,Citrobacter spp,Tigecycline,0.4228571428571429,0.17370892018779344,0.1488095238095238,0
2023,Citrobacter spp,Trimethoprim sulfa,0.3723404255319149,0.4107981220657277,0.2857142857142857,0
2023,Clostridioides difficile,Meropenem,0.07580174927113703,0.21487603305785125,0.2619047619047619,0
2023,Clostridioides difficile,Piperacillin tazobactam,0.017208413001912046,0.0743801652892562,0.3273809523809524,0
2023,Clostridioides difficile,Tigecycline,0.08,0.11570247933884298,0.1488095238095238,0
2023,Clostridium perfringens,Meropenem,0.06705539358600583,0.18110236220472442,0.2619047619047619,0
2023,Clostridium perfringens,Metronidazole,0.6530612244897959,0.25196850393700787,0.1130952380952381,0
2023,Clostridium perfringens,Piperacillin tazobactam,0.0248565965583174,0.10236220472440945,0.3273809523809524,0
2023,Enterobacter bugandensis,Amikacin,0.37889688249400477,0.3863080684596577,0.25,0
2023,Enterobacter bugandensis,Cefepime,0.4059633027522936,0.43276283618581907,0.25595238095238093,0
2023,Enterobacter bugandensis,Ceftazidime avibactam,0.5888888888888889,0.38875305623471884,0.125,0
2023,Enterobacter bugandensis,Ciprofloxacin,0.40359897172236503,0.38386308068459657,0.20238095238095238,0
2023,Enterobacter bugandensis,Gentamicin,0.3099273607748184,0.31295843520782396,0.25595238095238093,0
2023,Enterobacter bugandensis,Imipenem,0.3583815028901734,0.30317848410757947,0.22023809523809523,0
2023,Enterobacter bugandensis,Levofloxacin,0.26285714285714284,0.22493887530562348,0.27976190476190477,0
2023,Enterobacter bugandensis,Meropenem,0.30903790087463556,0.2591687041564792,0.2619047619047619,0
2023,Enterobacter bugandensis,Meropenem vaborbactam,0.6587301587301587,0.4058679706601467,0.11904761904761904,0
2023,Enterobacter bugandensis,Tigecycline,0.42857142857142855,0.18337408312958436,0.1488095238095238,0
2023,Enterobacter bugandensis,Trimethoprim sulfa,0.3553191489361702,0.4083129584352078,0.2857142857142857,0
2023,Enterobacter cloacae,Amikacin,0.44364508393285373,0.4004329004329004,0.25,0
2023,Enterobacter cloacae,Ampicillin,0.6757990867579908,0.6406926406926406,0.31547619047619047,0
2023,Enterobacter cloacae,Cefepime,0.4908256880733945,0.46320346320346323,0.25595238095238093,1
2023,Enterobacter cloacae,Ciprofloxacin,0.4755784061696658,0.4004329004329004,0.20238095238095238,0
2023,Enterobacter cloacae,Colistin,0.5247524752475248,0.22943722943722944,0.13690476190476192,1
2023,Enterobacter cloacae,Gentamicin,0.36803874092009686,0.329004329004329,0.25595238095238093,0
2023,Enterobacter cloacae,Imipenem,0.3815028901734104,0.2857142857142857,0.22023809523809523,0
2023,Enterobacter cloacae,Levofloxacin,0.32,0.24242424242424243,0.27976190476190477,0
2023,Enterobacter cloacae,Meropenem,0.36151603498542273,0.2683982683982684,0.2619047619047619,0
2023,Enterobacter cloacae,Tigecycline,0.4228571428571429,0.16017316017316016,0.1488095238095238,0
2023,Enterobacter cloacae,Trimethoprim sulfa,0.4127659574468085,0.4199134199134199,0.2857142857142857,0
2023,Enterobacter hormaechi,Amikacin,0.4316546762589928,0.4326923076923077,0.25,0
2023,Enterobacter hormaechi,Ampicillin,0.5799086757990868,0.6105769230769231,0.31547619047619047,0
2023,Enterobacter hormaechi,Ciprofloxacin,0.4781491002570694,0.44711538461538464,0.20238095238095238,0
2023,Enterobacter hormaechi,Colistin,0.49504950495049505,0.2403846153846154,0.13690476190476192,0
2023,Enterobacter hormaechi,Gentamicin,0.3704600484261501,0.36778846153846156,0.25595238095238093,0
2023,Enterobacter hormaechi,Imipenem,0.3930635838150289,0.3269230769230769,0.22023809523809523,0
2023,Enterobacter hormaechi,Levofloxacin,0.28,0.23557692307692307,0.27976190476190477,0
2023,Enterobacter hormaechi,Meropenem,0.37900874635568516,0.3125,0.2619047619047619,0
2023,Enterobacter hormaechi,Tigecycline,0.38857142857142857,0.16346153846153846,0.1488095238095238,1
2023,Enterobacter hormaechi,Trimethoprim sulfa,0.4085106382978723,0.46153846153846156,0.2857142857142857,0
2023,Enterobacter kobei,Amikacin,0.33573141486810554,0.36175710594315247,0.25,0
2023,Enterobacter kobei,Cefepime,0.3761467889908257,0.42377260981912146,0.25595238095238093,0
2023,Enterobacter kobei,Ceftazidime avibactam,0.5703703703703704,0.3979328165374677,0.125,0
2023,Enterobacter kobei,Ciprofloxacin,0.36503856041131105,0.3669250645994832,0.20238095238095238,0
2023,Enterobacter kobei,Colistin,0.49504950495049505,0.25839793281653745,0.13690476190476192,0
2023,Enterobacter kobei,Gentamicin,0.2784503631961259,0.2971576227390181,0.25595238095238093,0
2023,Enterobacter kobei,Imipenem,0.30057803468208094,0.268733850129199,0.22023809523809523,0
2023,Enterobacter kobei,Levofloxacin,0.24571428571428572,0.2222222222222222,0.27976190476190477,0
2023,Enterobacter kobei,Meropenem,0.25072886297376096,0.2222222222222222,0.2619047619047619,0
2023,Enterobacter kobei,Meropenem vaborbactam,0.6507936507936508,0.42377260981912146,0.11904761904761904,1
2023,Enterobacter kobei,Piperacillin tazobactam,0.45506692160611856,0.6149870801033591,0.3273809523809524,0
2023,Enterobacter kobei,Tigecycline,0.37714285714285717,0.17054263565891473,0.1488095238095238,0
2023,Enterobacter kobei,Trimethoprim sulfa,0.32553191489361705,0.3953488372093023,0.2857142857142857,0
2023,Enterobacter ludwigii,Amikacin,0.2446043165467626,0.33663366336633666,0.25,0
2023,Enterobacter ludwigii,Cefepime,0.2706422018348624,0.38943894389438943,0.25595238095238093,0
2023,Enterobacter ludwigii,Ceftazidime,0.34095238095238095,0.5907590759075908,0.30357142857142855,0
2023,Enterobacter ludwigii,Ceftazidime avibactam,0.44814814814814813,0.39933993399339934,0.125,0
2023,Enterobacter ludwigii,Ceftolozane tazobactam,0.531986531986532,0.5214521452145214,0.14285714285714285,0
2023,Enterobacter ludwigii,Ciprofloxacin,0.2699228791773779,0.3465346534653465,0.20238095238095238,0
2023,Enterobacter ludwigii,Colistin,0.41089108910891087,0.2739273927392739,0.13690476190476192,0
2023,Enterobacter ludwigii,Gentamicin,0.19854721549636803,0.2706270627062706,0.25595238095238093,0
2023,Enterobacter ludwigii,Imipenem,0.21098265895953758,0.24092409240924093,0.22023809523809523,0
2023,Enterobacter ludwigii,Levofloxacin,0.18571428571428572,0.2145214521452145,0.27976190476190477,0
2023,Enterobacter ludwigii,Meropenem,0.15451895043731778,0.17491749174917492,0.2619047619047619,0
2023,Enterobacter ludwigii,Meropenem vaborbactam,0.5158730158730159,0.429042904290429,0.11904761904761904,0
2023,Enterobacter ludwigii,Piperacillin tazobactam,0.3326959847036329,0.5742574257425742,0.3273809523809524,0
2023,Enterobacter ludwigii,Tigecycline,0.3314285714285714,0.19141914191419143,0.1488095238095238,0
2023,Enterobacter ludwigii,Trimethoprim sulfa,0.2425531914893617,0.37623762376237624,0.2857142857142857,0
2023,Enterobacter roggenkampii,Amikacin,0.3908872901678657,0.3808411214953271,0.25,0
2023,Enterobacter roggenkampii,Cefepime,0.42201834862385323,0.42990654205607476,0.25595238095238093,0
2023,Enterobacter roggenkampii,Ceftazidime avibactam,0.6444444444444445,0.40654205607476634,0.125,0
2023,Enterobacter roggenkampii,Ciprofloxacin,0.4267352185089974,0.3878504672897196,0.20238095238095238,0
2023,Enterobacter roggenkampii,Gentamicin,0.324455205811138,0.3130841121495327,0.25595238095238093,0
2023,Enterobacter roggenkampii,Imipenem,0.3670520231213873,0.2967289719626168,0.22023809523809523,0
2023,Enterobacter roggenkampii,Levofloxacin,0.2714285714285714,0.2219626168224299,0.27976190476190477,0
2023,Enterobacter roggenkampii,Meropenem,0.3177842565597668,0.2546728971962617,0.2619047619047619,0
2023,Enterobacter roggenkampii,Tigecycline,0.44571428571428573,0.1822429906542056,0.1488095238095238,0
2023,Enterobacter roggenkampii,Trimethoprim sulfa,0.37446808510638296,0.411214953271028,0.2857142857142857,0
2023,Enterobacter spp,Amikacin,0.38609112709832133,0.3779342723004695,0.25,0
2023,Enterobacter spp,Cefepime,0.43577981651376146,0.4460093896713615,0.25595238095238093,0
2023,Enterobacter spp,Ciprofloxacin,0.43444730077120824,0.3967136150234742,0.20238095238095238,0
2023,Enterobacter spp,Colistin,0.5346534653465347,0.2535211267605634,0.13690476190476192,0
2023,Enterobacter spp,Gentamicin,0.3220338983050847,0.31220657276995306,0.25595238095238093,0
2023,Enterobacter spp,Imipenem,0.3468208092485549,0.28169014084507044,0.22023809523809523,0
2023,Enterobacter spp,Levofloxacin,0.26857142857142857,0.22065727699530516,0.27976190476190477,0
2023,Enterobacter spp,Meropenem,0.31486880466472306,0.2535211267605634,0.2619047619047619,0
2023,Enterobacter spp,Tigecycline,0.4228571428571429,0.17370892018779344,0.1488095238095238,0
2023,Enterobacter spp,Trimethoprim sulfa,0.3723404255319149,0.4107981220657277,0.2857142857142857,0
2023,Enterococcus faecalis,Ampicillin,0.1324200913242009,0.43283582089552236,0.31547619047619047,0
2023,Enterococcus faecalis,Tigecycline,0.06285714285714286,0.08208955223880597,0.1488095238095238,0
2023,Enterococcus faecium,Tigecycline,0.13714285714285715,0.1111111111111111,0.1488095238095238,0
2023,Enterococcus spp,Tigecycline,0.10285714285714286,0.11920529801324503,0.1488095238095238,0
2023,Escherichia coli,Amikacin,0.5707434052757794,0.43669724770642204,0.25,0
2023,Escherichia coli,Amoxycillin clavulanate,0.6573208722741433,0.3871559633027523,0.19642857142857142,0
2023,Escherichia coli,Ceftazidime,0.6228571428571429,0.6,0.30357142857142855,1
2023,Escherichia coli,Ceftazidime avibactam,0.662962962962963,0.3284403669724771,0.125,1
2023,Escherichia coli,Ceftolozane tazobactam,0.6902356902356902,0.3761467889908257,0.14285714285714285,0
2023,Escherichia coli,Colistin,0.599009900990099,0.22201834862385322,0.13690476190476192,0
2023,Escherichia coli,Imipenem,0.5520231213872833,0.3504587155963303,0.22023809523809523,0
2023,Escherichia coli,Meropenem,0.4897959183673469,0.30825688073394497,0.2619047619047619,0
2023,Escherichia coli,Piperacillin tazobactam,0.5965583173996176,0.5724770642201835,0.3273809523809524,0
2023,Escherichia coli,Tigecycline,0.49714285714285716,0.1596330275229358,0.1488095238095238,0
2023,Escherichia spp,Amikacin,0.5323741007194245,0.45867768595041325,0.25,0
2023,Escherichia spp,Amoxycillin clavulanate,0.5794392523364486,0.384297520661157,0.19642857142857142,0
2023,Escherichia spp,Ampicillin sulbactam,0.6075949367088608,0.5950413223140496,0.2619047619047619,1
2023,Escherichia spp,Ceftolozane tazobactam,0.6363636363636364,0.390495867768595,0.14285714285714285,1
2023,Escherichia spp,Colistin,0.5544554455445545,0.23140495867768596,0.13690476190476192,0
2023,Escherichia spp,Imipenem,0.5375722543352601,0.384297520661157,0.22023809523809523,0
2023,Escherichia spp,Meropenem,0.478134110787172,0.33884297520661155,0.2619047619047619,0
2023,Escherichia spp,Piperacillin tazobactam,0.5391969407265774,0.5826446280991735,0.3273809523809524,0
2023,Escherichia spp,Tigecycline,0.4742857142857143,0.17148760330578514,0.1488095238095238,0
2023,Haemophilus influenzae,Amoxycillin clavulanate,0.17757009345794392,0.4418604651162791,0.19642857142857142,0
2023,Haemophilus influenzae,Azithromycin,0.0625,0.007751937984496124,0.017857142857142856,0
2023,Haemophilus influenzae,Ceftaroline,0.16464891041162227,0.5271317829457365,0.2261904761904762,0
2023,Haemophilus influenzae,Ceftazidime,0.1219047619047619,0.49612403100775193,0.30357142857142855,0
2023,Haemophilus influenzae,Ceftriaxone,0.15813953488372093,0.5271317829457365,0.2619047619047619,0
2023,Haemophilus influenzae,Levofloxacin,0.12,0.32558139534883723,0.27976190476190477,0
2023,Haemophilus influenzae,Meropenem,0.0728862973760933,0.1937984496124031,0.2619047619047619,0
2023,Haemophilus influenzae,Piperacillin tazobactam,0.13575525812619502,0.5503875968992248,0.3273809523809524,0
2023,Haemophilus influenzae,Tigecycline,0.11428571428571428,0.15503875968992248,0.1488095238095238,0
2023,Klebsiella aerogenes,Amikacin,0.44364508393285373,0.3894736842105263,0.25,0
2023,Klebsiella aerogenes,Cefepime,0.48623853211009177,0.4463157894736842,0.25595238095238093,0
2023,Klebsiella aerogenes,Ceftazidime avibactam,0.6370370370370371,0.36210526315789476,0.125,0
2023,Klebsiella aerogenes,Ciprofloxacin,0.44473007712082263,0.3642105263157895,0.20238095238095238,0
2023,Klebsiella aerogenes,Colistin,0.5396039603960396,0.2294736842105263,0.13690476190476192,0
2023,Klebsiella aerogenes,Gentamicin,0.3486682808716707,0.3031578947368421,0.25595238095238093,0
2023,Klebsiella aerogenes,Imipenem,0.3815028901734104,0.27789473684210525,0.22023809523809523,0
2023,Klebsiella aerogenes,Levofloxacin,0.3457142857142857,0.25473684210526315,0.27976190476190477,0
2023,Klebsiella aerogenes,Meropenem,0.3498542274052478,0.25263157894736843,0.2619047619047619,0
2023,Klebsiella aerogenes,Meropenem vaborbactam,0.7142857142857143,0.37894736842105264,0.11904761904761904,0
2023,Klebsiella aerogenes,Tigecycline,0.44,0.16210526315789472,0.1488095238095238,0
2023,Klebsiella aerogenes,Trimethoprim sulfa,0.39787234042553193,0.3936842105263158,0.2857142857142857,0
2023,Klebsiella oxytoca,Amikacin,0.3261390887290168,0.3626666666666667,0.25,0
2023,Klebsiella oxytoca,Amoxycillin clavulanate,0.5856697819314641,0.5013333333333333,0.19642857142857142,0
2023,Klebsiella oxytoca,Cefepime,0.3623853211009174,0.42133333333333334,0.25595238095238093,0
2023,Klebsiella oxytoca,Ceftazidime,0.43047619047619046,0.6026666666666667,0.30357142857142855,0
2023,Klebsiella oxytoca,Ceftazidime avibactam,0.5,0.36,0.125,1
2023,Klebsiella oxytoca,Ceftibuten,0.6125,0.392,0.1130952380952381,0
2023,Klebsiella oxytoca,Ciprofloxacin,0.34190231362467866,0.3546666666666667,0.20238095238095238,0
2023,Klebsiella oxytoca,Colistin,0.4207920792079208,0.22666666666666666,0.13690476190476192,0
2023,Klebsiella oxytoca,Gentamicin,0.26634382566585957,0.29333333333333333,0.25595238095238093,0
2023,Klebsiella oxytoca,Imipenem,0.28901734104046245,0.26666666666666666,0.22023809523809523,0
2023,Klebsiella oxytoca,Levofloxacin,0.26571428571428574,0.248,0.27976190476190477,0
2023,Klebsiella oxytoca,Meropenem,0.26239067055393583,0.24,0.2619047619047619,0
2023,Klebsiella oxytoca,Meropenem vaborbactam,0.5714285714285714,0.384,0.11904761904761904,1
2023,Klebsiella oxytoca,Tigecycline,0.33714285714285713,0.15733333333333333,0.1488095238095238,0
2023,Klebsiella oxytoca,Trimethoprim sulfa,0.31063829787234043,0.3893333333333333,0.2857142857142857,0
2023,Klebsiella pneumoniae,Amoxycillin clavulanate,0.8068535825545171,0.4015503875968992,0.19642857142857142,0
2023,Klebsiella pneumoniae,Ampicillin,0.7579908675799086,0.5147286821705427,0.31547619047619047,0
2023,Klebsiella pneumoniae,Colistin,0.7079207920792079,0.22170542635658916,0.13690476190476192,0
2023,Klebsiella pneumoniae,Imipenem,0.7630057803468208,0.40930232558139534,0.22023809523809523,0
2023,Klebsiella pneumoniae,Levofloxacin,0.5828571428571429,0.31627906976744186,0.27976190476190477,0
2023,Klebsiella pneumoniae,Meropenem,0.7317784256559767,0.3891472868217054,0.2619047619047619,1
2023,Klebsiella pneumoniae,Tigecycline,0.5828571428571429,0.15813953488372093,0.1488095238095238,0
2023,Klebsiella spp,Amoxycillin clavulanate,0.7819314641744548,0.3702064896755162,0.19642857142857142,0
2023,Klebsiella spp,Colistin,0.801980198019802,0.23893805309734514,0.13690476190476192,0
2023,Klebsiella spp,Levofloxacin,0.5971428571428572,0.308259587020649,0.27976190476190477,0
2023,Klebsiella spp,Tigecycline,0.6457142857142857,0.16666666666666666,0.1488095238095238,0
2023,Klebsiella variicola,Amikacin,0.5731414868105515,0.44014732965009207,0.25,0
2023,Klebsiella variicola,Amoxycillin clavulanate,0.7507788161993769,0.4438305709023941,0.19642857142857142,0
2023,Klebsiella variicola,Ceftazidime,0.6647619047619048,0.6427255985267035,0.30357142857142855,1
2023,Klebsiella variicola,Colistin,0.6138613861386139,0.2283609576427256,0.13690476190476192,0
2023,Klebsiella variicola,Gentamicin,0.5205811138014528,0.39594843462246776,0.25595238095238093,0
2023,Klebsiella variicola,Imipenem,0.5404624277456648,0.3443830570902394,0.22023809523809523,0
2023,Klebsiella variicola,Levofloxacin,0.44571428571428573,0.287292817679558,0.27976190476190477,0
2023,Klebsiella variicola,Meropenem,0.4956268221574344,0.31307550644567217,0.2619047619047619,0
2023,Klebsiella variicola,Tigecycline,0.52,0.16758747697974216,0.1488095238095238,1
2023,Morganella morganii,Amikacin,0.34532374100719426,0.4864864864864865,0.25,0
2023,Morganella morganii,Ampicillin sulbactam,0.3227848101265823,0.5168918918918919,0.2619047619047619,0
2023,Morganella morganii,Aztreonam,0.30612244897959184,0.3547297297297297,0.17261904761904762,0
2023,Morganella morganii,Cefepime,0.30275229357798167,0.44594594594594594,0.25595238095238093,0
2023,Morganella morganii,Ceftaroline,0.387409200968523,0.5405405405405406,0.2261904761904762,0
2023,Morganella morganii,Ceftazidime,0.3028571428571429,0.5371621621621622,0.30357142857142855,0
2023,Morganella morganii,Ceftazidime avibactam,0.3296296296296296,0.30067567567567566,0.125,0
2023,Morganella morganii,Ceftibuten,0.35833333333333334,0.2905405405405405,0.1130952380952381,0
2023,Morganella morganii,Ceftolozane tazobactam,0.3333333333333333,0.3344594594594595,0.14285714285714285,0
2023,Morganella morganii,Gentamicin,0.29539951573849876,0.41216216216216217,0.25595238095238093,0
2023,Morganella morganii,Levofloxacin,0.2571428571428571,0.30405405405405406,0.27976190476190477,0
2023,Morganella morganii,Meropenem,0.27113702623906705,0.3141891891891892,0.2619047619047619,0
2023,Morganella morganii,Meropenem vaborbactam,0.3412698412698413,0.2905405405405405,0.11904761904761904,0
2023,Morganella morganii,Piperacillin tazobactam,0.29063097514340347,0.5135135135135135,0.3273809523809524,0
2023,Prevotella bivia,Meropenem,0.07871720116618076,0.24545454545454545,0.2619047619047619,0
2023,Prevotella bivia,Piperacillin tazobactam,0.019120458891013385,0.09090909090909091,0.3273809523809524,0
2023,Prevotella bivia,Tigecycline,0.11428571428571428,0.18181818181818182,0.1488095238095238,0
2023,Proteus mirabilis,Amoxycillin clavulanate,0.42679127725856697,0.3254156769596199,0.19642857142857142,0
2023,Proteus mirabilis,Ampicillin,0.4246575342465753,0.4418052256532066,0.31547619047619047,0
2023,Proteus mirabilis,Ampicillin sulbactam,0.4345991561181435,0.48931116389548696,0.2619047619047619,0
2023,Proteus mirabilis,Aztreonam,0.37900874635568516,0.3087885985748218,0.17261904761904762,0
2023,Proteus mirabilis,Cefepime,0.5045871559633027,0.5225653206650831,0.25595238095238093,0
2023,Proteus mirabilis,Ceftazidime,0.46285714285714286,0.5771971496437055,0.30357142857142855,0
2023,Proteus mirabilis,Ceftazidime avibactam,0.4185185185185185,0.2684085510688836,0.125,1
2023,Proteus mirabilis,Ceftibuten,0.4083333333333333,0.2327790973871734,0.1130952380952381,0
2023,Proteus mirabilis,Ceftolozane tazobactam,0.3838383838383838,0.27078384798099764,0.14285714285714285,0
2023,Proteus mirabilis,Meropenem,0.4956268221574344,0.40380047505938244,0.2619047619047619,0
2023,Proteus mirabilis,Meropenem vaborbactam,0.4087301587301587,0.24465558194774348,0.11904761904761904,1
2023,Proteus mirabilis,Piperacillin tazobactam,0.4416826003824092,0.5486935866983373,0.3273809523809524,0
2023,Proteus spp,Amikacin,0.2589928057553957,0.4426229508196721,0.25,0
2023,Proteus spp,Amoxycillin clavulanate,0.30218068535825543,0.3975409836065574,0.19642857142857142,0
2023,Proteus spp,Ampicillin sulbactam,0.2616033755274262,0.5081967213114754,0.2619047619047619,0
2023,Proteus spp,Aztreonam,0.2536443148688047,0.35655737704918034,0.17261904761904762,0
2023,Proteus spp,Cefepime,0.22706422018348624,0.4057377049180328,0.25595238095238093,0
2023,Proteus spp,Cefixime,0.30666666666666664,0.3770491803278688,0.1488095238095238,0
2023,Proteus spp,Ceftazidime,0.22857142857142856,0.4918032786885246,0.30357142857142855,0
2023,Proteus spp,Ceftazidime avibactam,0.26296296296296295,0.29098360655737704,0.125,0
2023,Proteus spp,Ceftibuten,0.26666666666666666,0.26229508196721313,0.1130952380952381,0
2023,Proteus spp,Ceftolozane tazobactam,0.26262626262626265,0.319672131147541,0.14285714285714285,0
2023,Proteus spp,Ciprofloxacin,0.2647814910025707,0.42213114754098363,0.20238095238095238,0
2023,Proteus spp,Gentamicin,0.23002421307506055,0.38934426229508196,0.25595238095238093,0
2023,Proteus spp,Levofloxacin,0.2,0.28688524590163933,0.27976190476190477,0
2023,Proteus spp,Meropenem,0.21574344023323616,0.30327868852459017,0.2619047619047619,0
2023,Proteus spp,Meropenem vaborbactam,0.27380952380952384,0.2827868852459016,0.11904761904761904,0
2023,Proteus spp,Piperacillin tazobactam,0.22179732313575526,0.47540983606557374,0.3273809523809524,0
2023,Proteus vulgaris,Amikacin,0.30455635491606714,0.48659003831417624,0.25,0
2023,Proteus vulgaris,Amoxycillin clavulanate,0.308411214953271,0.3793103448275862,0.19642857142857142,0
2023,Proteus vulgaris,Ampicillin sulbactam,0.2679324894514768,0.48659003831417624,0.2619047619047619,0
2023,Proteus vulgaris,Aztreonam,0.25072886297376096,0.32950191570881227,0.17261904761904762,0
2023,Proteus vulgaris,Cefepime,0.2706422018348624,0.4521072796934866,0.25595238095238093,0
2023,Proteus vulgaris,Cefixime,0.2633333333333333,0.30268199233716475,0.1488095238095238,0
2023,Proteus vulgaris,Cefpodoxime,0.28205128205128205,0.3371647509578544,0.16071428571428573,0
2023,Proteus vulgaris,Ceftazidime,0.259047619047619,0.5210727969348659,0.30357142857142855,0
2023,Proteus vulgaris,Ceftazidime avibactam,0.2518518518518518,0.26053639846743293,0.125,0
2023,Proteus vulgaris,Ceftibuten,0.225,0.20689655172413793,0.1130952380952381,0
2023,Proteus vulgaris,Ceftolozane tazobactam,0.24242424242424243,0.27586206896551724,0.14285714285714285,0
2023,Proteus vulgaris,Ciprofloxacin,0.2802056555269923,0.41762452107279696,0.20238095238095238,0
2023,Proteus vulgaris,Gentamicin,0.25181598062953997,0.39846743295019155,0.25595238095238093,0
2023,Proteus vulgaris,Levofloxacin,0.22857142857142856,0.3065134099616858,0.27976190476190477,0
2023,Proteus vulgaris,Meropenem,0.2536443148688047,0.3333333333333333,0.2619047619047619,0
2023,Proteus vulgaris,Meropenem vaborbactam,0.24603174603174602,0.23754789272030652,0.11904761904761904,0
2023,Proteus vulgaris,Piperacillin tazobactam,0.25812619502868067,0.5172413793103449,0.3273809523809524,0
2023,Providencia rettgeri,Ampicillin,0.4406392694063927,0.5146666666666667,0.31547619047619047,0
2023,Providencia rettgeri,Ampicillin sulbactam,0.46835443037974683,0.592,0.2619047619047619,0
2023,Providencia rettgeri,Aztreonam,0.4752186588921283,0.43466666666666665,0.17261904761904762,0
2023,Providencia rettgeri,Cefepime,0.43119266055045874,0.5013333333333333,0.25595238095238093,0
2023,Providencia rettgeri,Ceftaroline,0.5326876513317191,0.5866666666666667,0.2261904761904762,0
2023,Providencia rettgeri,Ceftazidime,0.4419047619047619,0.6186666666666667,0.30357142857142855,0
2023,Providencia rettgeri,Gentamicin,0.4188861985472155,0.4613333333333333,0.25595238095238093,0
2023,Providencia rettgeri,Levofloxacin,0.3142857142857143,0.29333333333333333,0.27976190476190477,0
2023,Providencia rettgeri,Meropenem,0.3935860058309038,0.36,0.2619047619047619,0
2023,Providencia rettgeri,Piperacillin tazobactam,0.4225621414913958,0.5893333333333334,0.3273809523809524,0
2023,Providencia stuartii,Ampicillin,0.5319634703196348,0.513215859030837,0.31547619047619047,0
2023,Providencia stuartii,Ampicillin sulbactam,0.5358649789029536,0.5594713656387665,0.2619047619047619,0
2023,Providencia stuartii,Aztreonam,0.5597667638483965,0.42290748898678415,0.17261904761904762,0
2023,Providencia stuartii,Cefepime,0.48623853211009177,0.4669603524229075,0.25595238095238093,0
2023,Providencia stuartii,Ceftazidime,0.49714285714285716,0.5748898678414097,0.30357142857142855,0
2023,Providencia stuartii,Imipenem,0.5202312138728323,0.3964757709251101,0.22023809523809523,1
2023,Providencia stuartii,Meropenem,0.4110787172011662,0.31057268722466963,0.2619047619047619,0
2023,Providencia stuartii,Piperacillin tazobactam,0.4684512428298279,0.539647577092511,0.3273809523809524,0
2023,Pseudomonas aeruginosa,Colistin,0.40594059405940597,0.19248826291079812,0.13690476190476192,0
2023,Serratia marcescens,Amikacin,0.30455635491606714,0.3469945355191257,0.25,0
2023,Serratia marcescens,Aztreonam,0.5714285714285714,0.5355191256830601,0.17261904761904762,0
2023,Serratia marcescens,Cefepime,0.30275229357798167,0.36065573770491804,0.25595238095238093,0
2023,Serratia marcescens,Ceftazidime,0.379047619047619,0.5437158469945356,0.30357142857142855,0
2023,Serratia marcescens,Ceftazidime avibactam,0.5037037037037037,0.37158469945355194,0.125,0
2023,Serratia marcescens,Ceftibuten,0.625,0.4098360655737705,0.1130952380952381,0
2023,Serratia marcescens,Ciprofloxacin,0.31876606683804626,0.33879781420765026,0.20238095238095238,0
2023,Serratia marcescens,Gentamicin,0.23728813559322035,0.2677595628415301,0.25595238095238093,0
2023,Serratia marcescens,Imipenem,0.2630057803468208,0.24863387978142076,0.22023809523809523,0
2023,Serratia marcescens,Levofloxacin,0.24857142857142858,0.23770491803278687,0.27976190476190477,0
2023,Serratia marcescens,Meropenem,0.18658892128279883,0.17486338797814208,0.2619047619047619,0
2023,Serratia marcescens,Piperacillin tazobactam,0.3881453154875717,0.5546448087431693,0.3273809523809524,0
2023,Serratia marcescens,Tigecycline,0.42857142857142855,0.20491803278688525,0.1488095238095238,1
2023,Serratia marcescens,Trimethoprim sulfa,0.2872340425531915,0.36885245901639346,0.2857142857142857,0
2023,Serratia spp,Amikacin,0.18705035971223022,0.3305084745762712,0.25,0
2023,Serratia spp,Aztreonam,0.3673469387755102,0.5338983050847458,0.17261904761904762,0
2023,Serratia spp,Cefepime,0.17889908256880735,0.3305084745762712,0.25595238095238093,0
2023,Serratia spp,Ceftazidime,0.2342857142857143,0.5211864406779662,0.30357142857142855,0
2023,Serratia spp,Ceftazidime avibactam,0.32592592592592595,0.3728813559322034,0.125,0
2023,Serratia spp,Ceftibuten,0.4166666666666667,0.423728813559322,0.1130952380952381,0
2023,Serratia spp,Ceftolozane tazobactam,0.39730639730639733,0.5,0.14285714285714285,0
2023,Serratia spp,Ciprofloxacin,0.20565552699228792,0.3389830508474576,0.20238095238095238,0
2023,Serratia spp,Gentamicin,0.15012106537530268,0.2627118644067797,0.25595238095238093,0
2023,Serratia spp,Imipenem,0.18208092485549132,0.2669491525423729,0.22023809523809523,0
2023,Serratia spp,Levofloxacin,0.13714285714285715,0.2033898305084746,0.27976190476190477,0
2023,Serratia spp,Meropenem,0.10787172011661808,0.15677966101694915,0.2619047619047619,0
2023,Serratia spp,Meropenem vaborbactam,0.3888888888888889,0.4152542372881356,0.11904761904761904,0
2023,Serratia spp,Piperacillin tazobactam,0.2332695984703633,0.5169491525423728,0.3273809523809524,0
2023,Serratia spp,Tigecycline,0.32571428571428573,0.24152542372881355,0.1488095238095238,1
2023,Serratia spp,Trimethoprim sulfa,0.1829787234042553,0.3644067796610169,0.2857142857142857,0
2023,Staphylococcus aureus,Ceftaroline,0.03631961259079903,0.06912442396313365,0.2261904761904762,0
2023,Staphylococcus aureus,Daptomycin,0.2727272727272727,0.027649769585253458,0.017857142857142856,0
2023,Staphylococcus aureus,Linezolid,0.6216216216216216,0.2119815668202765,0.06547619047619048,0
2023,Staphylococcus aureus,Teicoplanin,0.4,0.055299539170506916,0.023809523809523808,0
2023,Staphylococcus aureus,Tigecycline,0.11428571428571428,0.09216589861751152,0.1488095238095238,0
2023,Staphylococcus aureus,Trimethoprim sulfa,0.18085106382978725,0.391705069124424,0.2857142857142857,0
2023,Staphylococcus aureus,Vancomycin,0.26,0.059907834101382486,0.05952380952380952,0
2023,Staphylococcus epidermidis,Daptomycin,0.4090909090909091,0.03308823529411765,0.017857142857142856,0
2023,Staphylococcus epidermidis,Teicoplanin,0.5666666666666667,0.0625,0.023809523809523808,0
2023,Staphylococcus epidermidis,Tigecycline,0.16,0.10294117647058823,0.1488095238095238,0
2023,Staphylococcus epidermidis,Vancomycin,0.34,0.0625,0.05952380952380952,0
2023,Staphylococcus haemolyticus,Daptomycin,0.5454545454545454,0.04363636363636364,0.017857142857142856,0
2023,Staphylococcus haemolyticus,Tigecycline,0.16,0.10181818181818182,0.1488095238095238,0
2023,Staphylococcus haemolyticus,Vancomycin,0.4,0.07272727272727272,0.05952380952380952,0
2023,Staphylococcus spp,Daptomycin,0.4090909090909091,0.034482758620689655,0.017857142857142856,0
2023,Staphylococcus spp,Teicoplanin,0.5333333333333333,0.06130268199233716,0.023809523809523808,0
2023,Staphylococcus spp,Tigecycline,0.16,0.10727969348659004,0.1488095238095238,0
2023,Staphylococcus spp,Vancomycin,0.34,0.06513409961685823,0.05952380952380952,0
2023,Streptococcus agalactiae,Ceftaroline,0.021791767554479417,0.06521739130434782,0.2261904761904762,0
2023,Streptococcus agalactiae,Ceftriaxone,0.044186046511627906,0.13768115942028986,0.2619047619047619,0
2023,Streptococcus agalactiae,Levofloxacin,0.13428571428571429,0.34057971014492755,0.27976190476190477,1
2023,Streptococcus agalactiae,Linezolid,0.28378378378378377,0.15217391304347827,0.06547619047619048,0
2023,Streptococcus agalactiae,Meropenem,0.05539358600583091,0.13768115942028986,0.2619047619047619,0
2023,Streptococcus agalactiae,Penicillin,0.4318181818181818,0.2753623188405797,0.18452380952380953,0
2023,Streptococcus agalactiae,Tigecycline,0.08,0.10144927536231885,0.1488095238095238,0
2023,Streptococcus agalactiae,Vancomycin,0.24,0.08695652173913043,0.05952380952380952,0
2023,Streptococcus dysgalactiae,Ceftaroline,0.0,0.0,0.2261904761904762,0
2023,Streptococcus dysgalactiae,Ceftriaxone,0.0,0.0,0.2619047619047619,0
2023,Streptococcus dysgalactiae,Levofloxacin,0.07714285714285714,0.2647058823529412,0.27976190476190477,0
2023,Streptococcus dysgalactiae,Linezolid,0.22972972972972974,0.16666666666666666,0.06547619047619048,0
2023,Streptococcus dysgalactiae,Meropenem,0.04081632653061224,0.13725490196078433,0.2619047619047619,0
2023,Streptococcus dysgalactiae,Penicillin,0.32954545454545453,0.28431372549019607,0.18452380952380953,0
2023,Streptococcus dysgalactiae,Tigecycline,0.05142857142857143,0.08823529411764706,0.1488095238095238,0
2023,Streptococcus dysgalactiae,Vancomycin,0.06,0.029411764705882353,0.05952380952380952,0
2023,Streptococcus pneumoniae,Ceftaroline,0.06053268765133172,0.11160714285714286,0.2261904761904762,0
2023,Streptococcus pneumoniae,Ceftriaxone,0.09534883720930233,0.18303571428571427,0.2619047619047619,1
2023,Streptococcus pneumoniae,Levofloxacin,0.18571428571428572,0.29017857142857145,0.27976190476190477,0
2023,Streptococcus pneumoniae,Linezolid,0.25675675675675674,0.08482142857142858,0.06547619047619048,0
2023,Streptococcus pneumoniae,Tigecycline,0.13142857142857142,0.10267857142857142,0.1488095238095238,0
2023,Streptococcus pneumoniae,Vancomycin,0.22,0.049107142857142856,0.05952380952380952,0
2023,Streptococcus pyogenes,Ceftaroline,0.021791767554479417,0.0661764705882353,0.2261904761904762,0
2023,Streptococcus pyogenes,Ceftriaxone,0.044186046511627906,0.13970588235294118,0.2619047619047619,0
2023,Streptococcus pyogenes,Levofloxacin,0.13142857142857142,0.3382352941176471,0.27976190476190477,0
2023,Streptococcus pyogenes,Linezolid,0.28378378378378377,0.15441176470588236,0.06547619047619048,0
2023,Streptococcus pyogenes,Meropenem,0.052478134110787174,0.1323529411764706,0.2619047619047619,0
2023,Streptococcus pyogenes,Penicillin,0.42045454545454547,0.27205882352941174,0.18452380952380953,0
2023,Streptococcus pyogenes,Tigecycline,0.08,0.10294117647058823,0.1488095238095238,0
2023,Streptococcus pyogenes,Vancomycin,0.24,0.08823529411764706,0.05952380952380952,0
2023,"Streptococcus, Beta Hemolytic",Ceftaroline,0.0,0.0,0.2261904761904762,0
2023,"Streptococcus, Beta Hemolytic",Ceftriaxone,0.0,0.0,0.2619047619047619,0
2023,"Streptococcus, Beta Hemolytic",Levofloxacin,0.07714285714285714,0.2647058823529412,0.27976190476190477,0
2023,"Streptococcus, Beta Hemolytic",Linezolid,0.22972972972972974,0.16666666666666666,0.06547619047619048,0
2023,"Streptococcus, Beta Hemolytic",Meropenem,0.04081632653061224,0.13725490196078433,0.2619047619047619,0
2023,"Streptococcus, Beta Hemolytic",Penicillin,0.32954545454545453,0.28431372549019607,0.18452380952380953,0
2023,"Streptococcus, Beta Hemolytic",Tigecycline,0.05142857142857143,0.08823529411764706,0.1488095238095238,0
2023,"Streptococcus, Beta Hemolytic",Vancomycin,0.06,0.029411764705882353,0.05952380952380952,0
