t,Species,Antibiotic,rho_abx,rho_path,prev,label
2019,Acinetobacter baumannii,Colistin,0.6217838880984334,0.20074839075174641,0.11724137931034483,0
2019,Acinetobacter bereziniae,Ampicillin sulbactam,0.4564501966488311,0.45245463767076527,0.2413793103448276,0
2019,Acinetobacter bereziniae,Levofloxacin,0.25799852013579855,0.32341207430654245,0.2689655172413793,1
2019,Acinetobacter calcoaceticus,Ampicillin sulbactam,0.3470423085785597,0.3922527899593462,0.2413793103448276,1
2019,Acinetobacter calcoaceticus,Ciprofloxacin,0.3188453311107526,0.38837330795191977,0.2,1
2019,Acinetobacter calcoaceticus,Colistin,0.346187346981018,0.16149300072490047,0.11724137931034483,0
2019,Acinetobacter calcoaceticus,Gentamicin,0.34506472814614436,0.4007570240405278,0.2206896551724138,1
2019,Acinetobacter calcoaceticus,Imipenem,0.44768654109181877,0.46982962668562694,0.2206896551724138,1
2019,Acinetobacter dijkshoorniae,Colistin,0.5535004113291702,0.20438256224672813,0.11724137931034483,0
2019,Acinetobacter johnsonii,Colistin,0.5758883518018526,0.21315956042256945,0.11724137931034483,0
2019,Acinetobacter johnsonii,Levofloxacin,0.2771522458582532,0.3093659172317712,0.2689655172413793,0
2019,Acinetobacter junii,Ampicillin sulbactam,0.5111208641623023,0.45249205370112133,0.2413793103448276,0
2019,Acinetobacter junii,Levofloxacin,0.2815273516844863,0.31706384914681224,0.2689655172413793,0
2019,Acinetobacter lwoffii,Ciprofloxacin,0.4005152751956639,0.4482728738077029,0.2,0
2019,Acinetobacter lwoffii,Colistin,0.4770282547935738,0.20780756331586603,0.11724137931034483,0
2019,Acinetobacter lwoffii,Gentamicin,0.3821116725129567,0.41549941932075285,0.2206896551724138,1
2019,Acinetobacter lwoffii,Levofloxacin,0.2244043294064525,0.29756690764165833,0.2689655172413793,0
2019,Acinetobacter nosocomialis,Ampicillin sulbactam,0.5442820921603837,0.39755632023298054,0.2413793103448276,0
2019,Acinetobacter nosocomialis,Colistin,0.5665313390695238,0.17996371441081008,0.11724137931034483,0
2019,Acinetobacter pitii,Ampicillin sulbactam,0.5442820921603837,0.39755632023298054,0.2413793103448276,1
2019,Acinetobacter pitii,Colistin,0.5665313390695238,0.17996371441081008,0.11724137931034483,0
2019,Acinetobacter radioresistens,Cefepime,0.6524612611743591,0.561869615579982,0.2620689655172414,0
2019,Acinetobacter radioresistens,Colistin,0.5455907884096989,0.19756210011997752,0.11724137931034483,0
2019,Acinetobacter radioresistens,Levofloxacin,0.3076355061244309,0.32891263403449933,0.2689655172413793,1
2019,Acinetobacter spp,Colistin,0.47806159222580685,0.2174127154044847,0.11724137931034483,0
2019,Acinetobacter spp,Gentamicin,0.4028864201071964,0.45041707601774006,0.2206896551724138,1
2019,Acinetobacter spp,Levofloxacin,0.2171239620454159,0.2973584811696842,0.2689655172413793,1
2019,Acinetobacter ursingii,Ampicillin sulbactam,0.4126402805478032,0.43317696305569586,0.2413793103448276,1
2019,Acinetobacter ursingii,Ciprofloxacin,0.39517093762113514,0.44669749847574375,0.2,1
2019,Acinetobacter ursingii,Colistin,0.47266789390613034,0.20889073186667947,0.11724137931034483,0
2019,Acinetobacter ursingii,Levofloxacin,0.252171359690768,0.3360786917365414,0.2689655172413793,0
2019,Citrobacter braakii,Amikacin,0.43832753242223943,0.390536882449005,0.2482758620689655,0
2019,Citrobacter braakii,Cefepime,0.48665880741087647,0.47664243437106607,0.2620689655172414,0
2019,Citrobacter braakii,Ceftazidime avibactam,0.5594478504353082,0.2533221428825792,0.09655172413793103,0
2019,Citrobacter braakii,Ceftolozane tazobactam,0.6887219227175977,0.2709294260937202,0.08275862068965517,0
2019,Citrobacter braakii,Colistin,0.4943938570957763,0.2020833073571283,0.11724137931034483,0
2019,Citrobacter braakii,Gentamicin,0.252353951448668,0.266471946840726,0.2206896551724138,0
2019,Citrobacter braakii,Imipenem,0.3568994792831978,0.31911712722724944,0.2206896551724138,0
2019,Citrobacter braakii,Levofloxacin,0.17795249896843238,0.20719483431568256,0.2689655172413793,0
2019,Citrobacter braakii,Meropenem,0.2733088577506997,0.24113816842943947,0.23448275862068965,0
2019,Citrobacter braakii,Tigecycline,0.30720019947758637,0.1632519918842697,0.15862068965517243,0
2019,Citrobacter braakii,Trimethoprim sulfa,0.3414155564836492,0.4066475463948597,0.2689655172413793,0
2019,Citrobacter freundii,Amikacin,0.4876901414900944,0.40613636923233604,0.2482758620689655,0
2019,Citrobacter freundii,Ampicillin,0.530574283979234,0.689938610328065,0.33793103448275863,1
2019,Citrobacter freundii,Cefepime,0.5433838032094228,0.4862590485023288,0.2620689655172414,0
2019,Citrobacter freundii,Colistin,0.5377691733851646,0.21331750486462783,0.11724137931034483,0
2019,Citrobacter freundii,Gentamicin,0.34280029806489704,0.31964072103701985,0.2206896551724138,0
2019,Citrobacter freundii,Imipenem,0.4349036410290254,0.35947264360719455,0.2206896551724138,0
2019,Citrobacter freundii,Levofloxacin,0.1894920474586575,0.20951178360043834,0.2689655172413793,0
2019,Citrobacter freundii,Meropenem,0.3256406916952586,0.2568377953822693,0.23448275862068965,0
2019,Citrobacter freundii,Tigecycline,0.32670943230958727,0.1731756831311836,0.15862068965517243,0
2019,Citrobacter koseri,Amikacin,0.06854844442997533,0.2517221898047944,0.2482758620689655,0
2019,Citrobacter koseri,Amoxycillin clavulanate,0.1918511034539924,0.6152818819388847,0.2,0
2019,Citrobacter koseri,Ampicillin sulbactam,0.1688957973312537,0.736486128182399,0.2413793103448276,0
2019,Citrobacter koseri,Aztreonam,0.19479212118723394,0.6514242767757521,0.16551724137931034,0
2019,Citrobacter koseri,Cefepime,0.06373455886428987,0.24822441748980809,0.2620689655172414,0
2019,Citrobacter koseri,Ceftaroline,0.20123395627999238,0.7446889835984283,0.20689655172413793,0
2019,Citrobacter koseri,Ceftazidime,0.1032005066052531,0.5610463575869896,0.296551724137931,0
2019,Citrobacter koseri,Ceftazidime avibactam,0.13472093486828451,0.32376464421218076,0.09655172413793103,0
2019,Citrobacter koseri,Ciprofloxacin,0.07251723421873396,0.39842247795791763,0.2,0
2019,Citrobacter koseri,Colistin,0.13161488615308253,0.22316356696939277,0.11724137931034483,0
2019,Citrobacter koseri,Gentamicin,0.03113627641438882,0.17899798596433847,0.2206896551724138,0
2019,Citrobacter koseri,Imipenem,0.0513461580981305,0.18547429314589897,0.2206896551724138,0
2019,Citrobacter koseri,Levofloxacin,0.04534917317873477,0.1675985365403586,0.2689655172413793,0
2019,Citrobacter koseri,Meropenem,0.020595380838148276,0.08330259383064308,0.23448275862068965,0
2019,Citrobacter koseri,Piperacillin tazobactam,0.11810316889199436,0.6846473112564438,0.33793103448275863,0
2019,Citrobacter koseri,Tigecycline,0.0746194718426487,0.13885097474782299,0.15862068965517243,0
2019,Citrobacter koseri,Trimethoprim sulfa,0.05058951593292528,0.28204344302231604,0.2689655172413793,0
2019,Clostridioides difficile,Piperacillin tazobactam,0.07962077532867597,0.14800274711975142,0.33793103448275863,0
2019,Clostridioides difficile,Tigecycline,0.21333920346859245,0.11874812910206992,0.15862068965517243,0
2019,Clostridium perfringens,Meropenem,0.1274116773269132,0.14395096900340068,0.23448275862068965,0
2019,Clostridium perfringens,Metronidazole,0.632552112637956,0.19327379673943124,0.10344827586206896,0
2019,Clostridium perfringens,Piperacillin tazobactam,0.035657176484190416,0.08771015247253906,0.33793103448275863,0
2019,Enterobacter asburiae,Amikacin,0.44935480763713054,0.37700731739413235,0.2482758620689655,0
2019,Enterobacter asburiae,Cefepime,0.47066278670610034,0.42296288515742925,0.2620689655172414,0
2019,Enterobacter asburiae,Ceftazidime avibactam,0.5788568671581507,0.2550255220530368,0.09655172413793103,1
2019,Enterobacter asburiae,Ciprofloxacin,0.38071232130465377,0.39524240711448927,0.2,0
2019,Enterobacter asburiae,Gentamicin,0.25131211360158084,0.2531330204447445,0.2206896551724138,0
2019,Enterobacter asburiae,Imipenem,0.38547206381522964,0.32986851100586345,0.2206896551724138,0
2019,Enterobacter asburiae,Levofloxacin,0.18164891494525465,0.19933449394572575,0.2689655172413793,0
2019,Enterobacter asburiae,Meropenem,0.26267182775571774,0.21374944904281873,0.23448275862068965,0
2019,Enterobacter asburiae,Tigecycline,0.35168346713400916,0.1841555383056851,0.15862068965517243,0
2019,Enterobacter asburiae,Trimethoprim sulfa,0.34822595701334197,0.3888468878415293,0.2689655172413793,0
2019,Enterobacter bugandensis,Amikacin,0.3567171746281488,0.4035214964258323,0.2482758620689655,0
2019,Enterobacter bugandensis,Cefepime,0.38628622697686327,0.47497276480034367,0.2620689655172414,0
2019,Enterobacter bugandensis,Ceftazidime avibactam,0.4555449917765645,0.25413375205718575,0.09655172413793103,0
2019,Enterobacter bugandensis,Ciprofloxacin,0.29894263726512355,0.4059471651640678,0.2,0
2019,Enterobacter bugandensis,Gentamicin,0.20099902397142996,0.2734074783994809,0.2206896551724138,0
2019,Enterobacter bugandensis,Imipenem,0.3177152000107231,0.3673440329875753,0.2206896551724138,0
2019,Enterobacter bugandensis,Levofloxacin,0.15128273103816042,0.22153915482923814,0.2689655172413793,0
2019,Enterobacter bugandensis,Meropenem,0.20812623895402504,0.22941846333456767,0.23448275862068965,0
2019,Enterobacter bugandensis,Tigecycline,0.31268335008067755,0.21934912493487135,0.15862068965517243,1
2019,Enterobacter bugandensis,Trimethoprim sulfa,0.2795698061354324,0.4217363242434334,0.2689655172413793,0
2019,Enterobacter cloacae,Amikacin,0.521013343398487,0.3777317207259102,0.2482758620689655,0
2019,Enterobacter cloacae,Cefepime,0.5716957166283024,0.44857418352530193,0.2620689655172414,1
2019,Enterobacter cloacae,Colistin,0.5464881413343455,0.18758815306718224,0.11724137931034483,0
2019,Enterobacter cloacae,Gentamicin,0.305312692727577,0.25919356030907026,0.2206896551724138,0
2019,Enterobacter cloacae,Imipenem,0.4117575024730878,0.3019591670417424,0.2206896551724138,0
2019,Enterobacter cloacae,Levofloxacin,0.2557166263684286,0.23661662693883614,0.2689655172413793,0
2019,Enterobacter cloacae,Meropenem,0.3006551318158666,0.21183853543681141,0.23448275862068965,0
2019,Enterobacter cloacae,Tigecycline,0.37718454004547747,0.1694521768541422,0.15862068965517243,0
2019,Enterobacter cloacae,Trimethoprim sulfa,0.41293022504071064,0.39392238848666056,0.2689655172413793,0
2019,Enterobacter spp,Amikacin,0.5614129392799473,0.4297355211171326,0.2482758620689655,0
2019,Enterobacter spp,Colistin,0.6086578123889104,0.2110879802466807,0.11724137931034483,0
2019,Enterobacter spp,Gentamicin,0.35887718126005275,0.30802403216950563,0.2206896551724138,0
2019,Enterobacter spp,Imipenem,0.49030233265382156,0.37323709488366946,0.2206896551724138,0
2019,Enterobacter spp,Levofloxacin,0.2477402071641129,0.2480895333488318,0.2689655172413793,0
2019,Enterobacter spp,Meropenem,0.35035202814828154,0.2585156074839439,0.23448275862068965,0
2019,Enterobacter xiangfangensis,Amikacin,0.5466765639063838,0.4516364474970721,0.2482758620689655,0
2019,Enterobacter xiangfangensis,Ceftazidime avibactam,0.6165995948450732,0.24177799805809255,0.09655172413793103,1
2019,Enterobacter xiangfangensis,Colistin,0.5688113458725627,0.20836777436133114,0.11724137931034483,0
2019,Enterobacter xiangfangensis,Imipenem,0.47464013054437537,0.3894703297384376,0.2206896551724138,0
2019,Enterobacter xiangfangensis,Levofloxacin,0.25395444694111885,0.27559524362406523,0.2689655172413793,0
2019,Enterobacter xiangfangensis,Meropenem,0.3623372101645729,0.2961546648118466,0.23448275862068965,0
2019,Enterobacter xiangfangensis,Tigecycline,0.36247247522334086,0.17785781482345955,0.15862068965517243,0
2019,Enterococcus faecalis,Ampicillin,0.23836328754373287,0.4879193665795883,0.33793103448275863,0
2019,Enterococcus faecalis,Tigecycline,0.05786248756536632,0.03680286549868264,0.15862068965517243,0
2019,Enterococcus faecium,Tigecycline,0.1363552644709606,0.05324782754287648,0.15862068965517243,0
2019,Escherichia coli,Amikacin,0.5693217853316697,0.41893284772992573,0.2482758620689655,0
2019,Escherichia coli,Amoxycillin clavulanate,0.6113256641747343,0.357776599334396,0.2,0
2019,Escherichia coli,Ceftazidime avibactam,0.5977020700775908,0.20555274977802576,0.09655172413793103,0
2019,Escherichia coli,Ceftolozane tazobactam,0.5736989404709937,0.16154904411010082,0.08275862068965517,0
2019,Escherichia coli,Colistin,0.5325834649619685,0.17079571529681234,0.11724137931034483,0
2019,Escherichia coli,Imipenem,0.49230641187766583,0.3594325834031142,0.2206896551724138,0
2019,Escherichia coli,Meropenem,0.3752540128988558,0.27853088486763117,0.23448275862068965,0
2019,Escherichia coli,Piperacillin tazobactam,0.5763364463807646,0.6036327143436754,0.33793103448275863,0
2019,Escherichia coli,Tigecycline,0.35255608007829486,0.14987983049826176,0.15862068965517243,0
2019,Finegoldia magna,Meropenem,0.11371982643069127,0.16969521679737037,0.23448275862068965,0
2019,Finegoldia magna,Metronidazole,0.5285266757263151,0.19459111045284275,0.10344827586206896,0
2019,Finegoldia magna,Piperacillin tazobactam,0.017621862968091293,0.03628259461424872,0.33793103448275863,0
2019,Finegoldia magna,Tigecycline,0.12351649078245792,0.0832070157283058,0.15862068965517243,0
2019,Haemophilus influenzae,Amoxycillin clavulanate,0.2077552774043518,0.44197628568001845,0.2,0
2019,Haemophilus influenzae,Azithromycin,0.0870292398916061,0.012706891946974516,0.020689655172413793,0
2019,Haemophilus influenzae,Ceftaroline,0.1872486430967396,0.46243860312863666,0.20689655172413793,0
2019,Haemophilus influenzae,Ceftazidime,0.13298576007258214,0.5024748013351719,0.296551724137931,0
2019,Haemophilus influenzae,Ceftriaxone,0.16263491973761166,0.5519936553163973,0.2896551724137931,0
2019,Haemophilus influenzae,Levofloxacin,0.10785791560658495,0.3387553317912879,0.2689655172413793,0
2019,Haemophilus influenzae,Meropenem,0.044656460138379706,0.1456340473603145,0.23448275862068965,0
2019,Haemophilus influenzae,Piperacillin tazobactam,0.14429140009841393,0.577731214531411,0.33793103448275863,0
2019,Haemophilus influenzae,Tigecycline,0.10514849376937845,0.15999955886744846,0.15862068965517243,0
2019,Klebsiella aerogenes,Amikacin,0.44184317796143574,0.35431624247475396,0.2482758620689655,0
2019,Klebsiella aerogenes,Cefepime,0.4849712863327088,0.42361717498726953,0.2620689655172414,0
2019,Klebsiella aerogenes,Ceftazidime avibactam,0.5743446601640719,0.24527056404142425,0.09655172413793103,0
2019,Klebsiella aerogenes,Ciprofloxacin,0.36898451589947845,0.37131806461577394,0.2,0
2019,Klebsiella aerogenes,Colistin,0.47260459245857606,0.17978382058553793,0.11724137931034483,0
2019,Klebsiella aerogenes,Gentamicin,0.23714377544797505,0.22780437236391604,0.2206896551724138,0
2019,Klebsiella aerogenes,Imipenem,0.32630876542583576,0.2619979084531712,0.2206896551724138,0
2019,Klebsiella aerogenes,Levofloxacin,0.2291550599456102,0.23510496465141328,0.2689655172413793,0
2019,Klebsiella aerogenes,Meropenem,0.24999169806660027,0.19436922494364828,0.23448275862068965,0
2019,Klebsiella aerogenes,Tigecycline,0.31421198944136247,0.1523923625436807,0.15862068965517243,0
2019,Klebsiella aerogenes,Trimethoprim sulfa,0.32749078500153256,0.3504594151509758,0.2689655172413793,0
2019,Klebsiella oxytoca,Amikacin,0.3236033725099289,0.32212574672917604,0.2482758620689655,0
2019,Klebsiella oxytoca,Amoxycillin clavulanate,0.5568796312165822,0.4847560886917772,0.2,0
2019,Klebsiella oxytoca,Cefepime,0.3667626238099546,0.40069279669814756,0.2620689655172414,0
2019,Klebsiella oxytoca,Ceftazidime,0.4347897797795688,0.5847184147871385,0.296551724137931,0
2019,Klebsiella oxytoca,Ceftazidime avibactam,0.4614776962410677,0.2527603490612392,0.09655172413793103,0
2019,Klebsiella oxytoca,Ciprofloxacin,0.29459468496733143,0.3762670769681519,0.2,0
2019,Klebsiella oxytoca,Colistin,0.3634313552047004,0.16998477033436907,0.11724137931034483,0
2019,Klebsiella oxytoca,Gentamicin,0.18647213894384487,0.2288502929415251,0.2206896551724138,0
2019,Klebsiella oxytoca,Imipenem,0.25321573223459404,0.25267309134413346,0.2206896551724138,0
2019,Klebsiella oxytoca,Levofloxacin,0.18144109065707176,0.22441716341820234,0.2689655172413793,0
2019,Klebsiella oxytoca,Meropenem,0.19080915244310898,0.18603762997835832,0.23448275862068965,0
2019,Klebsiella oxytoca,Tigecycline,0.22766288026013312,0.13270148426257306,0.15862068965517243,0
2019,Klebsiella oxytoca,Trimethoprim sulfa,0.26083257638779145,0.350504518750848,0.2689655172413793,0
2019,Klebsiella pneumoniae,Amoxycillin clavulanate,0.8453457839450186,0.39936341507231155,0.2,0
2019,Klebsiella pneumoniae,Colistin,0.7121249187688453,0.18945130046717135,0.11724137931034483,0
2019,Klebsiella pneumoniae,Imipenem,0.6842098812845724,0.39282628530070063,0.2206896551724138,0
2019,Klebsiella pneumoniae,Levofloxacin,0.38267949739706164,0.2835819516081044,0.2689655172413793,0
2019,Klebsiella pneumoniae,Meropenem,0.5381585048431259,0.305836530869983,0.23448275862068965,1
2019,Klebsiella pneumoniae,Tigecycline,0.44639597308279305,0.1526845690632507,0.15862068965517243,0
2019,Klebsiella variicola,Amikacin,0.554099713154817,0.4201352647057178,0.2482758620689655,0
2019,Klebsiella variicola,Amoxycillin clavulanate,0.6226153135268166,0.3879478721948917,0.2,0
2019,Klebsiella variicola,Ceftazidime,0.6111443350623694,0.5944761328387369,0.296551724137931,0
2019,Klebsiella variicola,Ceftazidime avibactam,0.6223727908089824,0.2342578771233738,0.09655172413793103,0
2019,Klebsiella variicola,Colistin,0.5327513242828791,0.18202649082144473,0.11724137931034483,0
2019,Klebsiella variicola,Imipenem,0.4709939352501666,0.3557974377344756,0.2206896551724138,0
2019,Klebsiella variicola,Levofloxacin,0.2972203343660973,0.29071392718258,0.2689655172413793,0
2019,Klebsiella variicola,Meropenem,0.3592544275377565,0.27009308197411,0.23448275862068965,0
2019,Klebsiella variicola,Tigecycline,0.33790524990478077,0.151529411557678,0.15862068965517243,0
2019,Morganella morganii,Amikacin,0.3826017057198787,0.4544372835618723,0.2482758620689655,0
2019,Morganella morganii,Aztreonam,0.3432799426096304,0.2827378372818705,0.16551724137931034,0
2019,Morganella morganii,Cefepime,0.34240680399649853,0.42985095045073046,0.2620689655172414,0
2019,Morganella morganii,Ceftaroline,0.4376046987235816,0.43705822666534233,0.20689655172413793,0
2019,Morganella morganii,Ceftazidime,0.3437947601856425,0.5059661799444007,0.296551724137931,0
2019,Morganella morganii,Ceftazidime avibactam,0.39299507311299187,0.21577489430004726,0.09655172413793103,0
2019,Morganella morganii,Ceftolozane tazobactam,0.3487108404612999,0.15485945875989754,0.08275862068965517,0
2019,Morganella morganii,Gentamicin,0.2675305178654456,0.3522785484885454,0.2206896551724138,0
2019,Morganella morganii,Levofloxacin,0.17453242534287386,0.2630594414468243,0.2689655172413793,0
2019,Morganella morganii,Meropenem,0.2205826821819112,0.26328935032828144,0.23448275862068965,0
2019,Morganella morganii,Piperacillin tazobactam,0.3224314103305835,0.5274536680479447,0.33793103448275863,0
2019,Prevotella bivia,Meropenem,0.18476811807502838,0.25361807199282166,0.23448275862068965,0
2019,Prevotella bivia,Piperacillin tazobactam,0.03509581665940154,0.06649194405840665,0.33793103448275863,0
2019,Prevotella bivia,Tigecycline,0.3136995685563863,0.2529708238701507,0.15862068965517243,0
2019,Proteus mirabilis,Amoxycillin clavulanate,0.2821336542019024,0.27893318176818604,0.2,0
2019,Proteus mirabilis,Ampicillin,0.22422719261428103,0.3792757636759076,0.33793103448275863,0
2019,Proteus mirabilis,Ampicillin sulbactam,0.2875018901099526,0.37530503801578646,0.2413793103448276,0
2019,Proteus mirabilis,Aztreonam,0.17940207505472017,0.1616156159374339,0.16551724137931034,0
2019,Proteus mirabilis,Cefepime,0.3765395619390117,0.47460962215056113,0.2620689655172414,0
2019,Proteus mirabilis,Ceftaroline,0.2633449393768177,0.28274984393562835,0.20689655172413793,0
2019,Proteus mirabilis,Ceftazidime,0.3239461763069477,0.48228284333931404,0.296551724137931,0
2019,Proteus mirabilis,Ceftazidime avibactam,0.29943426914658444,0.17192887826514794,0.09655172413793103,1
2019,Proteus mirabilis,Ceftolozane tazobactam,0.21150179596547042,0.10698141144554703,0.08275862068965517,0
2019,Proteus mirabilis,Meropenem,0.306227306094159,0.3615526611347874,0.23448275862068965,0
2019,Proteus mirabilis,Piperacillin tazobactam,0.2972176484951761,0.49738260417277047,0.33793103448275863,0
2019,Proteus vulgaris,Amikacin,0.34051077585960393,0.43883086974938224,0.2482758620689655,0
2019,Proteus vulgaris,Amoxycillin clavulanate,0.38979452216534793,0.39449819931384134,0.2,0
2019,Proteus vulgaris,Ampicillin sulbactam,0.3355753807775835,0.44883122177226736,0.2413793103448276,0
2019,Proteus vulgaris,Aztreonam,0.31726252045583675,0.28426928133650936,0.16551724137931034,0
2019,Proteus vulgaris,Cefepime,0.30857870326574427,0.42152764299431356,0.2620689655172414,0
2019,Proteus vulgaris,Ceftazidime,0.29574360884472084,0.47564485732536543,0.296551724137931,0
2019,Proteus vulgaris,Ceftazidime avibactam,0.33481400135869566,0.20276200622638663,0.09655172413793103,0
2019,Proteus vulgaris,Ceftolozane tazobactam,0.2978014402547692,0.14384856929630885,0.08275862068965517,0
2019,Proteus vulgaris,Ciprofloxacin,0.244686863457112,0.36681194673563944,0.2,0
2019,Proteus vulgaris,Gentamicin,0.21728953525372016,0.3207222511481453,0.2206896551724138,0
2019,Proteus vulgaris,Levofloxacin,0.16364866707074685,0.2668442851133939,0.2689655172413793,0
2019,Proteus vulgaris,Meropenem,0.2080728431127123,0.26864264057303805,0.23448275862068965,0
2019,Proteus vulgaris,Piperacillin tazobactam,0.2831670535888153,0.5058058323693561,0.33793103448275863,0
2019,Providencia rettgeri,Ampicillin,0.3922999123020926,0.5158739171291582,0.33793103448275863,0
2019,Providencia rettgeri,Aztreonam,0.45406174013420847,0.3281258850283887,0.16551724137931034,0
2019,Providencia rettgeri,Cefepime,0.5162188266536604,0.49680666391187156,0.2620689655172414,0
2019,Providencia rettgeri,Ceftaroline,0.5204922603279808,0.4397251751212561,0.20689655172413793,0
2019,Providencia rettgeri,Ceftazidime,0.4954745765450211,0.5587985578436888,0.296551724137931,0
2019,Providencia rettgeri,Levofloxacin,0.23741786995923575,0.28670127549601937,0.2689655172413793,0
2019,Providencia rettgeri,Meropenem,0.3682862066658864,0.3309566245730387,0.23448275862068965,1
2019,Providencia rettgeri,Piperacillin tazobactam,0.4655921807318522,0.5859269934840635,0.33793103448275863,0
2019,Providencia stuartii,Ampicillin,0.478440648238034,0.5389106529834539,0.33793103448275863,0
2019,Providencia stuartii,Aztreonam,0.5359615765376328,0.32360415501362855,0.16551724137931034,0
2019,Providencia stuartii,Cefepime,0.5443456196592384,0.44374836510822624,0.2620689655172414,0
2019,Providencia stuartii,Ceftazidime,0.5353815574538502,0.5165318373209681,0.296551724137931,0
2019,Providencia stuartii,Meropenem,0.36180716629392384,0.2708962118575886,0.23448275862068965,0
2019,Providencia stuartii,Piperacillin tazobactam,0.49922436549684185,0.5405511367942571,0.33793103448275863,0
2019,Pseudomonas aeruginosa,Colistin,0.46826701284806194,0.19079702717473923,0.11724137931034483,0
2019,Serratia marcescens,Amikacin,0.2016832959226483,0.3296868038436579,0.2482758620689655,0
2019,Serratia marcescens,Aztreonam,0.38469256542800834,0.48468205731072017,0.16551724137931034,0
2019,Serratia marcescens,Cefepime,0.19041654083221643,0.3369707055930902,0.2620689655172414,0
2019,Serratia marcescens,Ceftazidime,0.2488264875367364,0.5440482268328674,0.296551724137931,0
2019,Serratia marcescens,Ceftazidime avibactam,0.30659137949002563,0.2549302128297706,0.09655172413793103,0
2019,Serratia marcescens,Ceftolozane tazobactam,0.42550369496524654,0.30967844718564336,0.08275862068965517,0
2019,Serratia marcescens,Ciprofloxacin,0.18553043649521928,0.37459141960375636,0.2,0
2019,Serratia marcescens,Gentamicin,0.10969131579435713,0.2267023113978869,0.2206896551724138,0
2019,Serratia marcescens,Imipenem,0.19589181925600482,0.32546520359073694,0.2206896551724138,0
2019,Serratia marcescens,Levofloxacin,0.09155060109631663,0.181677468223371,0.2689655172413793,0
2019,Serratia marcescens,Meropenem,0.07521422033042137,0.13560729757248577,0.23448275862068965,0
2019,Serratia marcescens,Piperacillin tazobactam,0.24689826731322528,0.5911079785354543,0.33793103448275863,0
2019,Serratia marcescens,Tigecycline,0.25325314645004005,0.24119153159940487,0.15862068965517243,0
2019,Serratia marcescens,Trimethoprim sulfa,0.17216311144903151,0.3741442202182944,0.2689655172413793,0
2019,Staphylococcus Coagulase Negative,Daptomycin,0.48171151103997517,0.07846711150304835,0.013793103448275862,0
2019,Staphylococcus Coagulase Negative,Tigecycline,0.19184058291532186,0.06411655770470417,0.15862068965517243,0
2019,Staphylococcus Coagulase Negative,Vancomycin,0.3231743688021759,0.11442008122322532,0.06206896551724138,0
2019,Staphylococcus aureus,Ceftaroline,0.033285358407394,0.033524984959769376,0.20689655172413793,0
2019,Staphylococcus aureus,Daptomycin,0.2113588832580684,0.014768583216284317,0.013793103448275862,0
2019,Staphylococcus aureus,Linezolid,0.5005351266885457,0.2086327743314827,0.06206896551724138,0
2019,Staphylococcus aureus,Teicoplanin,0.4065413698635609,0.07691826985140153,0.027586206896551724,0
2019,Staphylococcus aureus,Tigecycline,0.1586102693288233,0.05897465309347396,0.15862068965517243,0
2019,Staphylococcus aureus,Trimethoprim sulfa,0.2424724222111159,0.314371249544151,0.2689655172413793,0
2019,Staphylococcus aureus,Vancomycin,0.19563998492187343,0.042722171961325967,0.06206896551724138,0
2019,Staphylococcus epidermidis,Daptomycin,0.3327416957315776,0.03532658912515813,0.013793103448275862,0
2019,Staphylococcus epidermidis,Teicoplanin,0.5805124649685174,0.1171037253314361,0.027586206896551724,0
2019,Staphylococcus epidermidis,Tigecycline,0.19184058291532186,0.06948688872671614,0.15862068965517243,0
2019,Staphylococcus epidermidis,Vancomycin,0.2615999963922912,0.07402409368673485,0.06206896551724138,0
2019,Staphylococcus haemolyticus,Daptomycin,0.48171151103997517,0.07846711150304835,0.013793103448275862,0
2019,Staphylococcus haemolyticus,Tigecycline,0.19184058291532186,0.06411655770470417,0.15862068965517243,0
2019,Staphylococcus haemolyticus,Vancomycin,0.3231743688021759,0.11442008122322532,0.06206896551724138,0
2019,Streptococcus agalactiae,Ceftaroline,0.02232433865638231,0.04452403225792099,0.20689655172413793,0
2019,Streptococcus agalactiae,Ceftriaxone,0.04549710436094437,0.10550764777861171,0.2896551724137931,0
2019,Streptococcus agalactiae,Levofloxacin,0.15335855582707647,0.3400233497722875,0.2689655172413793,1
2019,Streptococcus agalactiae,Linezolid,0.20839827175290007,0.11084692534176,0.06206896551724138,0
2019,Streptococcus agalactiae,Meropenem,0.10009120539475887,0.150182656597584,0.23448275862068965,0
2019,Streptococcus agalactiae,Penicillin,0.3759682905385214,0.29445603655996677,0.2,0
2019,Streptococcus agalactiae,Tigecycline,0.12872913519925236,0.06778721043142551,0.15862068965517243,0
2019,Streptococcus agalactiae,Vancomycin,0.20033122960019936,0.08107511801939447,0.06206896551724138,0
2019,Streptococcus anginosus,Ceftriaxone,0.0,0.0,0.2896551724137931,0
2019,Streptococcus anginosus,Levofloxacin,0.07266719891879221,0.25581787993069555,0.2689655172413793,0
2019,Streptococcus anginosus,Linezolid,0.1604688707751564,0.15798269555976696,0.06206896551724138,0
2019,Streptococcus anginosus,Meropenem,0.06760281826801239,0.09642580154698047,0.23448275862068965,0
2019,Streptococcus anginosus,Penicillin,0.2867009848989922,0.261709118192234,0.2,0
2019,Streptococcus anginosus,Tigecycline,0.10574736838991464,0.07016577628462851,0.15862068965517243,0
2019,Streptococcus anginosus,Vancomycin,0.025504177921254024,0.029729761452251174,0.06206896551724138,0
2019,Streptococcus dysgalactiae,Ceftaroline,0.0,0.0,0.20689655172413793,0
2019,Streptococcus dysgalactiae,Ceftriaxone,0.0,0.0,0.2896551724137931,0
2019,Streptococcus dysgalactiae,Levofloxacin,0.07266719891879221,0.25581787993069555,0.2689655172413793,0
2019,Streptococcus dysgalactiae,Linezolid,0.1604688707751564,0.15798269555976696,0.06206896551724138,0
2019,Streptococcus dysgalactiae,Meropenem,0.06760281826801239,0.09642580154698047,0.23448275862068965,0
2019,Streptococcus dysgalactiae,Penicillin,0.2867009848989922,0.261709118192234,0.2,0
2019,Streptococcus dysgalactiae,Tigecycline,0.10574736838991464,0.07016577628462851,0.15862068965517243,0
2019,Streptococcus dysgalactiae,Vancomycin,0.025504177921254024,0.029729761452251174,0.06206896551724138,0
2019,Streptococcus pneumoniae,Ceftaroline,0.10811418040006335,0.1199075909834148,0.20689655172413793,0
2019,Streptococcus pneumoniae,Ceftriaxone,0.12151106581472787,0.16348639211185056,0.2896551724137931,1
2019,Streptococcus pneumoniae,Levofloxacin,0.17431329068112636,0.21579898748313975,0.2689655172413793,0
2019,Streptococcus pneumoniae,Linezolid,0.18609932779489197,0.05187371697017411,0.06206896551724138,0
2019,Streptococcus pneumoniae,Tigecycline,0.1859503546720414,0.06471016471854993,0.15862068965517243,0
2019,Streptococcus pneumoniae,Vancomycin,0.19284806615654737,0.04632076040343619,0.06206896551724138,0
2019,Streptococcus pyogenes,Ceftaroline,0.02232433865638231,0.056329452027310635,0.20689655172413793,0
2019,Streptococcus pyogenes,Ceftriaxone,0.04549710436094437,0.13213083369708148,0.2896551724137931,0
2019,Streptococcus pyogenes,Levofloxacin,0.1332808717252148,0.32354931200036025,0.2689655172413793,0
2019,Streptococcus pyogenes,Linezolid,0.20839827175290007,0.13703567658811613,0.06206896551724138,0
2019,Streptococcus pyogenes,Meropenem,0.07686200859913513,0.09563653099617819,0.23448275862068965,0
2019,Streptococcus pyogenes,Penicillin,0.347243923882953,0.26134588792036717,0.2,0
2019,Streptococcus pyogenes,Tigecycline,0.12872913519925236,0.08096200778977898,0.15862068965517243,0
2019,Streptococcus pyogenes,Vancomycin,0.20033122960019936,0.09840373491155394,0.06206896551724138,0
2019,"Streptococcus, Beta Hemolytic",Ceftaroline,0.0,0.0,0.20689655172413793,0
2019,"Streptococcus, Beta Hemolytic",Ceftriaxone,0.0,0.0,0.2896551724137931,0
2019,"Streptococcus, Beta Hemolytic",Levofloxacin,0.07266719891879221,0.25581787993069555,0.2689655172413793,0
2019,"Streptococcus, Beta Hemolytic",Linezolid,0.1604688707751564,0.15798269555976696,0.06206896551724138,0
2019,"Streptococcus, Beta Hemolytic",Meropenem,0.06760281826801239,0.09642580154698047,0.23448275862068965,0
2019,"Streptococcus, Beta Hemolytic",Penicillin,0.2867009848989922,0.261709118192234,0.2,0
2019,"Streptococcus, Beta Hemolytic",Tigecycline,0.10574736838991464,0.07016577628462851,0.15862068965517243,0
2019,"Streptococcus, Beta Hemolytic",Vancomycin,0.025504177921254024,0.029729761452251174,0.06206896551724138,0
2020,Acinetobacter baumannii,Colistin,0.5408264172435545,0.2140833209239894,0.13548387096774195,0
2020,Acinetobacter bereziniae,Ampicillin sulbactam,0.39540228237251607,0.3632223528242521,0.24516129032258063,1
2020,Acinetobacter calcoaceticus,Ampicillin sulbactam,0.3183687825298005,0.3775405075553859,0.24516129032258063,1
2020,Acinetobacter calcoaceticus,Ciprofloxacin,0.32627239433384525,0.44319086579704003,0.2129032258064516,1
2020,Acinetobacter calcoaceticus,Colistin,0.30751108354745715,0.17865765068348016,0.13548387096774195,0
2020,Acinetobacter calcoaceticus,Gentamicin,0.3639425877483506,0.41919135465698554,0.2129032258064516,1
2020,Acinetobacter calcoaceticus,Imipenem,0.46090319038185096,0.47876640764595196,0.2129032258064516,1
2020,Acinetobacter dijkshoorniae,Colistin,0.44754619276559005,0.23065251370867965,0.13548387096774195,0
2020,Acinetobacter dijkshoorniae,Levofloxacin,0.28407460957886427,0.39017329598424755,0.2838709677419355,1
2020,Acinetobacter johnsonii,Colistin,0.49652398701065237,0.2269767387331051,0.13548387096774195,0
2020,Acinetobacter johnsonii,Levofloxacin,0.3111612759840593,0.38424831640365154,0.2838709677419355,0
2020,Acinetobacter junii,Ampicillin sulbactam,0.4381413089671329,0.4041076179024565,0.24516129032258063,0
2020,Acinetobacter junii,Levofloxacin,0.318311899069302,0.39579476903134386,0.2838709677419355,0
2020,Acinetobacter lwoffii,Ciprofloxacin,0.41420592435248904,0.4536424525116383,0.2129032258064516,0
2020,Acinetobacter lwoffii,Colistin,0.4299909432941606,0.2038556018836961,0.13548387096774195,0
2020,Acinetobacter lwoffii,Gentamicin,0.43712061259788154,0.4087159470990019,0.2129032258064516,1
2020,Acinetobacter nosocomialis,Ampicillin sulbactam,0.4854613015232622,0.37569230539234993,0.24516129032258063,1
2020,Acinetobacter nosocomialis,Colistin,0.5104291444394194,0.19876875739286146,0.13548387096774195,0
2020,Acinetobacter pitii,Ampicillin sulbactam,0.4854613015232622,0.37569230539234993,0.24516129032258063,1
2020,Acinetobacter pitii,Colistin,0.5104291444394194,0.19876875739286146,0.13548387096774195,0
2020,Acinetobacter radioresistens,Ampicillin sulbactam,0.40818054602564136,0.3987614836234717,0.24516129032258063,1
2020,Acinetobacter radioresistens,Cefepime,0.6097381205588013,0.590288410380185,0.25806451612903225,0
2020,Acinetobacter radioresistens,Colistin,0.43939307779916725,0.21599562397647704,0.13548387096774195,0
2020,Acinetobacter radioresistens,Levofloxacin,0.3243455188167079,0.42168498704821,0.2838709677419355,0
2020,Acinetobacter spp,Colistin,0.47473621296204715,0.2170885358839951,0.13548387096774195,0
2020,Acinetobacter ursingii,Ampicillin sulbactam,0.4122064221025341,0.41661829261514716,0.24516129032258063,1
2020,Acinetobacter ursingii,Colistin,0.4608641881092881,0.23209858999405492,0.13548387096774195,0
2020,Acinetobacter ursingii,Levofloxacin,0.30339763946491083,0.41148610107280453,0.2838709677419355,0
2020,Bacteroides fragilis,Piperacillin tazobactam,0.08712736610770272,0.13855582474655992,0.33548387096774196,1
2020,Citrobacter braakii,Amikacin,0.35163931029528656,0.3103615858581517,0.22580645161290322,0
2020,Citrobacter braakii,Cefepime,0.40525369975496933,0.4355825081873995,0.25806451612903225,0
2020,Citrobacter braakii,Ceftazidime avibactam,0.5047973949421494,0.31238584244983275,0.12903225806451613,0
2020,Citrobacter braakii,Ceftolozane tazobactam,0.5783742542035577,0.3603535682851672,0.12258064516129032,0
2020,Citrobacter braakii,Ciprofloxacin,0.27526278789586084,0.36130862103437683,0.2129032258064516,0
2020,Citrobacter braakii,Colistin,0.4183098529387087,0.21310670100891177,0.13548387096774195,0
2020,Citrobacter braakii,Gentamicin,0.19037709680828183,0.21410107042925813,0.2129032258064516,0
2020,Citrobacter braakii,Imipenem,0.29294104635035867,0.26582523345945563,0.2129032258064516,0
2020,Citrobacter braakii,Levofloxacin,0.1583078455759023,0.21820289232301518,0.2838709677419355,0
2020,Citrobacter braakii,Meropenem,0.24530906990388537,0.22672704202165392,0.22580645161290322,0
2020,Citrobacter braakii,Meropenem vaborbactam,0.4918680837934404,0.22973352079863874,0.08387096774193549,0
2020,Citrobacter braakii,Tigecycline,0.26890292534451155,0.14879699453536976,0.15483870967741936,0
2020,Citrobacter braakii,Trimethoprim sulfa,0.2875157994590183,0.4161016792806103,0.2967741935483871,0
2020,Citrobacter freundii,Amikacin,0.5164757879428716,0.3288708062168215,0.22580645161290322,0
2020,Citrobacter freundii,Cefepime,0.5947794683196794,0.45341212015642524,0.25806451612903225,0
2020,Citrobacter freundii,Colistin,0.6488890169032631,0.25045575694617445,0.13548387096774195,0
2020,Citrobacter freundii,Gentamicin,0.3567955945276014,0.2737133862884029,0.2129032258064516,0
2020,Citrobacter freundii,Imipenem,0.46235298836169986,0.29715400114953083,0.2129032258064516,0
2020,Citrobacter freundii,Levofloxacin,0.23527874696796877,0.23213805355634914,0.2838709677419355,0
2020,Citrobacter freundii,Meropenem,0.3712278708698242,0.24423426565456618,0.22580645161290322,0
2020,Citrobacter freundii,Tigecycline,0.39227115394603396,0.16464040829413584,0.15483870967741936,0
2020,Citrobacter koseri,Amikacin,0.04017107852929093,0.1578237952292856,0.22580645161290322,0
2020,Citrobacter koseri,Amoxycillin clavulanate,0.1374153762257904,0.5816452141743437,0.2064516129032258,0
2020,Citrobacter koseri,Ampicillin sulbactam,0.12073857732186805,0.7028316680290825,0.24516129032258063,0
2020,Citrobacter koseri,Aztreonam,0.13112592916952817,0.6052020596936944,0.17419354838709677,0
2020,Citrobacter koseri,Cefepime,0.04584735138894056,0.25141474517138923,0.25806451612903225,0
2020,Citrobacter koseri,Ceftaroline,0.13843189598474553,0.741381972096815,0.22580645161290322,0
2020,Citrobacter koseri,Ceftazidime,0.07207040154670659,0.5613584318821049,0.3096774193548387,0
2020,Citrobacter koseri,Ceftazidime avibactam,0.08607392485134911,0.27276490537930914,0.12903225806451613,0
2020,Citrobacter koseri,Ceftolozane tazobactam,0.1287480418306062,0.4838119281199198,0.12258064516129032,0
2020,Citrobacter koseri,Ciprofloxacin,0.0348072952999478,0.28237190323510536,0.2129032258064516,0
2020,Citrobacter koseri,Colistin,0.09797553788187947,0.20863149157023372,0.13548387096774195,0
2020,Citrobacter koseri,Gentamicin,0.01472816500298722,0.12548175235810738,0.2129032258064516,0
2020,Citrobacter koseri,Imipenem,0.03772059031280953,0.13551666778127686,0.2129032258064516,0
2020,Citrobacter koseri,Levofloxacin,0.034235966168101206,0.1841609233319254,0.2838709677419355,0
2020,Citrobacter koseri,Meropenem,0.014916107429219524,0.07368331917910854,0.22580645161290322,0
2020,Citrobacter koseri,Meropenem vaborbactam,0.1093074569215776,0.33873822116864805,0.08387096774193549,0
2020,Citrobacter koseri,Piperacillin tazobactam,0.08070781293861976,0.6074318249461784,0.33548387096774196,0
2020,Citrobacter koseri,Tigecycline,0.059012645421756244,0.11023757276586389,0.15483870967741936,0
2020,Citrobacter koseri,Trimethoprim sulfa,0.03698390137563185,0.28268141739196573,0.2967741935483871,0
2020,Citrobacter spp,Amikacin,0.3734525433167933,0.3210375088986916,0.22580645161290322,0
2020,Citrobacter spp,Cefepime,0.4490078691398953,0.4662060786934005,0.25806451612903225,0
2020,Citrobacter spp,Ciprofloxacin,0.35106917021743683,0.43675990918963536,0.2129032258064516,1
2020,Citrobacter spp,Colistin,0.49029305555777497,0.24384889192041845,0.13548387096774195,0
2020,Citrobacter spp,Gentamicin,0.2443226492080591,0.25155450605958846,0.2129032258064516,0
2020,Citrobacter spp,Imipenem,0.34405641932126685,0.2969937955323075,0.2129032258064516,0
2020,Citrobacter spp,Levofloxacin,0.1762562806197017,0.22880560524764762,0.2838709677419355,0
2020,Citrobacter spp,Meropenem,0.27350899206782603,0.24203401914071473,0.22580645161290322,0
2020,Citrobacter spp,Meropenem vaborbactam,0.5941424991076389,0.25956239165242984,0.08387096774193549,1
2020,Citrobacter spp,Tigecycline,0.31171089809652114,0.17448573410536264,0.15483870967741936,0
2020,Clostridioides difficile,Meropenem,0.11958091633981276,0.14482796500371364,0.22580645161290322,0
2020,Clostridioides difficile,Piperacillin tazobactam,0.014312579082575288,0.018979824963352095,0.33548387096774196,0
2020,Clostridioides difficile,Tigecycline,0.19554633988957779,0.127717134058055,0.15483870967741936,0
2020,Clostridium perfringens,Meropenem,0.08774379711259091,0.10717334453346793,0.22580645161290322,0
2020,Clostridium perfringens,Metronidazole,0.660106965638633,0.2023501736560635,0.1032258064516129,0
2020,Clostridium perfringens,Piperacillin tazobactam,0.026886009834387773,0.06780370934171148,0.33548387096774196,0
2020,Clostridium spp,Meropenem,0.11958091633981276,0.14482796500371364,0.22580645161290322,1
2020,Clostridium spp,Piperacillin tazobactam,0.014312579082575288,0.018979824963352095,0.33548387096774196,1
2020,Clostridium spp,Tigecycline,0.19554633988957779,0.127717134058055,0.15483870967741936,0
2020,Enterobacter bugandensis,Amikacin,0.32786330294171695,0.31326321842341404,0.22580645161290322,0
2020,Enterobacter bugandensis,Cefepime,0.3789021485308415,0.4291417209994009,0.25806451612903225,0
2020,Enterobacter bugandensis,Ceftazidime avibactam,0.5428981458124938,0.3527812273913695,0.12903225806451613,0
2020,Enterobacter bugandensis,Ciprofloxacin,0.2998385884479005,0.41441998524054163,0.2129032258064516,0
2020,Enterobacter bugandensis,Gentamicin,0.19018907150929382,0.22680538587936813,0.2129032258064516,0
2020,Enterobacter bugandensis,Imipenem,0.3140327803740008,0.30760687699327866,0.2129032258064516,0
2020,Enterobacter bugandensis,Levofloxacin,0.15011846750859928,0.22059947953972844,0.2838709677419355,0
2020,Enterobacter bugandensis,Meropenem,0.22965584418857285,0.2267876556270122,0.22580645161290322,0
2020,Enterobacter bugandensis,Meropenem vaborbactam,0.5219116707802834,0.2523349085804458,0.08387096774193549,0
2020,Enterobacter bugandensis,Tigecycline,0.3351630231735248,0.20977547325890486,0.15483870967741936,0
2020,Enterobacter bugandensis,Trimethoprim sulfa,0.30164374974358,0.45932999128819096,0.2967741935483871,0
2020,Enterobacter cloacae,Amikacin,0.4995699675869266,0.31605630830042125,0.22580645161290322,0
2020,Enterobacter cloacae,Cefepime,0.5711459005381354,0.4327915552583464,0.25806451612903225,0
2020,Enterobacter cloacae,Colistin,0.5914703446457933,0.22914739513441015,0.13548387096774195,0
2020,Enterobacter cloacae,Gentamicin,0.3082874961164389,0.24192731753697602,0.2129032258064516,0
2020,Enterobacter cloacae,Imipenem,0.40435991067854044,0.2612135372755339,0.2129032258064516,0
2020,Enterobacter cloacae,Levofloxacin,0.25788587186284856,0.248752708082564,0.2838709677419355,0
2020,Enterobacter cloacae,Meropenem,0.3293801439742105,0.2164765696255367,0.22580645161290322,0
2020,Enterobacter cloacae,Tigecycline,0.38826013855554364,0.16148065730128425,0.15483870967741936,0
2020,Enterobacter cloacae,Trimethoprim sulfa,0.45236972202690595,0.4593232333408802,0.2967741935483871,0
2020,Enterobacter spp,Amikacin,0.5298214916496475,0.36740396322871954,0.22580645161290322,0
2020,Enterobacter spp,Colistin,0.6100624200612605,0.2549356399487486,0.13548387096774195,0
2020,Enterobacter spp,Gentamicin,0.3631420002060592,0.3006943420925289,0.2129032258064516,0
2020,Enterobacter spp,Imipenem,0.4719098926314538,0.33004651245476996,0.2129032258064516,0
2020,Enterobacter spp,Levofloxacin,0.24057068711320373,0.2577091208517688,0.2838709677419355,0
2020,Enterobacter spp,Meropenem,0.3873524437770879,0.275912901304081,0.22580645161290322,0
2020,Enterobacter spp,Tigecycline,0.39179608520199444,0.18004181046721043,0.15483870967741936,0
2020,Enterococcus faecalis,Ampicillin,0.22346406275059763,0.48150134212292894,0.34838709677419355,0
2020,Enterococcus faecalis,Tigecycline,0.04877850386807474,0.03227772738983351,0.15483870967741936,0
2020,Enterococcus faecium,Tigecycline,0.1249884269774115,0.04802102722800077,0.15483870967741936,0
2020,Escherichia coli,Amikacin,0.6023756520119702,0.34539238425374874,0.22580645161290322,0
2020,Escherichia coli,Amoxycillin clavulanate,0.705623544217967,0.3942736114879563,0.2064516129032258,0
2020,Escherichia coli,Ceftazidime avibactam,0.704228443629842,0.2819598761264728,0.12903225806451613,0
2020,Escherichia coli,Colistin,0.604683487326536,0.20956922577771414,0.13548387096774195,0
2020,Escherichia coli,Imipenem,0.5248462338975449,0.30452958584721246,0.2129032258064516,0
2020,Escherichia coli,Meropenem,0.4376155573230797,0.2637254775064324,0.22580645161290322,0
2020,Escherichia coli,Piperacillin tazobactam,0.6712168339610081,0.6068972941700691,0.33548387096774196,0
2020,Escherichia coli,Tigecycline,0.3719698620707613,0.13601469001593466,0.15483870967741936,0
2020,Finegoldia magna,Meropenem,0.07491202557627308,0.10938794922740978,0.22580645161290322,0
2020,Finegoldia magna,Metronidazole,0.5544412419395748,0.20737761002995103,0.1032258064516129,1
2020,Finegoldia magna,Piperacillin tazobactam,0.014312579082575288,0.028282003154204934,0.33548387096774196,0
2020,Finegoldia magna,Tigecycline,0.12150250540138396,0.07793579710503828,0.15483870967741936,0
2020,Haemophilus influenzae,Amoxycillin clavulanate,0.20054152732548,0.4523050638676244,0.2064516129032258,0
2020,Haemophilus influenzae,Azithromycin,0.08711183968609665,0.012370365893903784,0.01935483870967742,0
2020,Haemophilus influenzae,Ceftaroline,0.18077527258431259,0.4989596146131989,0.22580645161290322,0
2020,Haemophilus influenzae,Ceftazidime,0.12126505742443464,0.4906581802868697,0.3096774193548387,0
2020,Haemophilus influenzae,Ceftriaxone,0.162957966744893,0.5446216853484717,0.2838709677419355,0
2020,Haemophilus influenzae,Levofloxacin,0.09532608858947668,0.3280298897370128,0.2838709677419355,0
2020,Haemophilus influenzae,Meropenem,0.04450184072534563,0.14363328255159885,0.22580645161290322,0
2020,Haemophilus influenzae,Piperacillin tazobactam,0.1430128304103602,0.5725190450122172,0.33548387096774196,0
2020,Haemophilus influenzae,Tigecycline,0.10298091567076677,0.14964436453443022,0.15483870967741936,0
2020,Klebsiella aerogenes,Amikacin,0.40331554121606794,0.29614472853613544,0.22580645161290322,0
2020,Klebsiella aerogenes,Cefepime,0.4594084545038167,0.4088865548486221,0.25806451612903225,0
2020,Klebsiella aerogenes,Ceftazidime avibactam,0.5725495136808555,0.29860486577541867,0.12903225806451613,0
2020,Klebsiella aerogenes,Ciprofloxacin,0.3239238866844124,0.35418135533069894,0.2129032258064516,0
2020,Klebsiella aerogenes,Colistin,0.4637130484629037,0.20266905250389777,0.13548387096774195,0
2020,Klebsiella aerogenes,Gentamicin,0.21762992028702519,0.20151621581953572,0.2129032258064516,0
2020,Klebsiella aerogenes,Imipenem,0.30946893121046914,0.23180747594516357,0.2129032258064516,0
2020,Klebsiella aerogenes,Levofloxacin,0.22097506257881722,0.24874827226177446,0.2838709677419355,0
2020,Klebsiella aerogenes,Meropenem,0.2613608531471409,0.20030134930124513,0.22580645161290322,0
2020,Klebsiella aerogenes,Meropenem vaborbactam,0.6122716190487788,0.24193794885192035,0.08387096774193549,0
2020,Klebsiella aerogenes,Tigecycline,0.3091489039084451,0.1446271409624805,0.15483870967741936,0
2020,Klebsiella aerogenes,Trimethoprim sulfa,0.33045184804380295,0.3942281727309547,0.2967741935483871,0
2020,Klebsiella oxytoca,Amikacin,0.28906727818406863,0.2643275209995281,0.22580645161290322,0
2020,Klebsiella oxytoca,Amoxycillin clavulanate,0.5368550591261221,0.4827785880188611,0.2064516129032258,0
2020,Klebsiella oxytoca,Cefepime,0.33885430414332535,0.3830734406245744,0.25806451612903225,0
2020,Klebsiella oxytoca,Ceftazidime,0.41231832858203654,0.586818386879087,0.3096774193548387,0
2020,Klebsiella oxytoca,Ceftazidime avibactam,0.4667587062674114,0.3056586372868801,0.12903225806451613,1
2020,Klebsiella oxytoca,Ciprofloxacin,0.2525796052981012,0.35338274363958144,0.2129032258064516,0
2020,Klebsiella oxytoca,Colistin,0.35617389181842934,0.18991605533669947,0.13548387096774195,0
2020,Klebsiella oxytoca,Gentamicin,0.1666495472949622,0.19870877688318994,0.2129032258064516,0
2020,Klebsiella oxytoca,Imipenem,0.23584582813011828,0.21818278532925459,0.2129032258064516,0
2020,Klebsiella oxytoca,Levofloxacin,0.1740680974751912,0.2381885613917501,0.2838709677419355,0
2020,Klebsiella oxytoca,Meropenem,0.19132880673451516,0.18489758286173086,0.22580645161290322,0
2020,Klebsiella oxytoca,Meropenem vaborbactam,0.51713838454452,0.2617337728109762,0.08387096774193549,0
2020,Klebsiella oxytoca,Tigecycline,0.22260257154909113,0.12410989821231534,0.15483870967741936,0
2020,Klebsiella oxytoca,Trimethoprim sulfa,0.266311333632117,0.39892299439045664,0.2967741935483871,0
2020,Klebsiella pneumoniae,Amoxycillin clavulanate,0.8406216492373189,0.4033257746836475,0.2064516129032258,0
2020,Klebsiella pneumoniae,Colistin,0.7047662058592717,0.2165760847872763,0.13548387096774195,0
2020,Klebsiella pneumoniae,Imipenem,0.6787594640710304,0.35480153189892744,0.2129032258064516,0
2020,Klebsiella pneumoniae,Levofloxacin,0.3995017478271357,0.3112362121385106,0.2838709677419355,0
2020,Klebsiella pneumoniae,Meropenem,0.5933269882662238,0.32153418204570794,0.22580645161290322,1
2020,Klebsiella pneumoniae,Tigecycline,0.4416877762410713,0.14452090688822952,0.15483870967741936,0
2020,Klebsiella spp,Amikacin,0.5365643014718813,0.37847444029839983,0.22580645161290322,1
2020,Klebsiella spp,Amoxycillin clavulanate,0.6308785686942853,0.42935136273529734,0.2064516129032258,0
2020,Klebsiella spp,Colistin,0.574980255897269,0.24372027066382865,0.13548387096774195,0
2020,Klebsiella spp,Imipenem,0.5064852276162456,0.35940876518112996,0.2129032258064516,1
2020,Klebsiella spp,Levofloxacin,0.2623777012776248,0.2843488841225715,0.2838709677419355,0
2020,Klebsiella spp,Meropenem,0.4279345744299574,0.31033711066004843,0.22580645161290322,1
2020,Klebsiella spp,Tigecycline,0.3415714184196271,0.15849254867660525,0.15483870967741936,0
2020,Klebsiella variicola,Amikacin,0.4971937867179681,0.3583474515317317,0.22580645161290322,0
2020,Klebsiella variicola,Amoxycillin clavulanate,0.6339297239779824,0.43616433310880054,0.2064516129032258,0
2020,Klebsiella variicola,Ceftazidime,0.5766238647163243,0.6163724696259277,0.3096774193548387,1
2020,Klebsiella variicola,Ceftazidime avibactam,0.6520392927163802,0.3278002227036245,0.12903225806451613,1
2020,Klebsiella variicola,Colistin,0.5220420156723238,0.22307058442007552,0.13548387096774195,0
2020,Klebsiella variicola,Gentamicin,0.343001063032251,0.29853408663857933,0.2129032258064516,0
2020,Klebsiella variicola,Imipenem,0.4239814211835611,0.3081806741410962,0.2129032258064516,0
2020,Klebsiella variicola,Levofloxacin,0.26910186497604044,0.2955944435954362,0.2838709677419355,0
2020,Klebsiella variicola,Meropenem,0.3491310339727606,0.2622838837113705,0.22580645161290322,0
2020,Klebsiella variicola,Tigecycline,0.32844104655006723,0.15231376090417867,0.15483870967741936,1
2020,Morganella morganii,Amikacin,0.3620356635778622,0.40088289091896917,0.22580645161290322,0
2020,Morganella morganii,Aztreonam,0.3259386690118901,0.27749241486382054,0.17419354838709677,0
2020,Morganella morganii,Cefepime,0.33348948733080386,0.4225939539019078,0.25806451612903225,0
2020,Morganella morganii,Ceftaroline,0.42892278003286743,0.46980268938174735,0.22580645161290322,0
2020,Morganella morganii,Ceftazidime,0.3248052216950052,0.5049152192921207,0.3096774193548387,0
2020,Morganella morganii,Ceftazidime avibactam,0.3969443766284411,0.2700313851770403,0.12903225806451613,0
2020,Morganella morganii,Ceftolozane tazobactam,0.36712245967200163,0.24077147683798286,0.12258064516129032,0
2020,Morganella morganii,Gentamicin,0.24502911295395072,0.3126286060891949,0.2129032258064516,0
2020,Morganella morganii,Levofloxacin,0.16602891977033077,0.2761449952370936,0.2838709677419355,0
2020,Morganella morganii,Meropenem,0.24588533895540948,0.29414694986111906,0.22580645161290322,0
2020,Morganella morganii,Meropenem vaborbactam,0.37371809094029823,0.18046409755422846,0.08387096774193549,0
2020,Morganella morganii,Piperacillin tazobactam,0.3147149554067165,0.5163284686329738,0.33548387096774196,0
2020,Proteus mirabilis,Amoxycillin clavulanate,0.4381676029255496,0.3419091698812595,0.2064516129032258,0
2020,Proteus mirabilis,Ampicillin,0.3530969427282426,0.4823951374612235,0.34838709677419355,0
2020,Proteus mirabilis,Ampicillin sulbactam,0.39318067936341317,0.3960676859931144,0.24516129032258063,0
2020,Proteus mirabilis,Aztreonam,0.34059352352558064,0.24497320011323365,0.17419354838709677,0
2020,Proteus mirabilis,Cefepime,0.49281155153017436,0.46964771978218833,0.25806451612903225,0
2020,Proteus mirabilis,Ceftazidime,0.44390691952830413,0.52271964705012,0.3096774193548387,0
2020,Proteus mirabilis,Ceftazidime avibactam,0.43384295483343616,0.24486835070715393,0.12903225806451613,0
2020,Proteus mirabilis,Ceftolozane tazobactam,0.40904052754670517,0.23649774771251966,0.12258064516129032,0
2020,Proteus mirabilis,Meropenem,0.40068033468944697,0.34712607738460777,0.22580645161290322,0
2020,Proteus mirabilis,Piperacillin tazobactam,0.4174674217690652,0.5256029762052618,0.33548387096774196,0
2020,Proteus spp,Amikacin,0.24047374378752306,0.38167469296692336,0.22580645161290322,0
2020,Proteus spp,Amoxycillin clavulanate,0.3053936652129383,0.4260423962565252,0.2064516129032258,0
2020,Proteus spp,Ampicillin sulbactam,0.29625116658539286,0.5262437058276174,0.24516129032258063,0
2020,Proteus spp,Aztreonam,0.3051402748826646,0.39003195345207897,0.17419354838709677,0
2020,Proteus spp,Cefepime,0.23223110380335513,0.4315058754877643,0.25806451612903225,0
2020,Proteus spp,Ceftazidime,0.23637481731182397,0.53781102778661,0.3096774193548387,0
2020,Proteus spp,Ceftolozane tazobactam,0.292534713387889,0.28935562585682567,0.12258064516129032,0
2020,Proteus spp,Ciprofloxacin,0.21792972574024475,0.47438939897967913,0.2129032258064516,0
2020,Proteus spp,Gentamicin,0.1773535604288592,0.3282268093644948,0.2129032258064516,0
2020,Proteus spp,Levofloxacin,0.12197328109567807,0.2748764783147593,0.2838709677419355,0
2020,Proteus spp,Meropenem,0.1796627544548732,0.3073717787168216,0.22580645161290322,0
2020,Proteus spp,Meropenem vaborbactam,0.2973057184157641,0.2189697373199674,0.08387096774193549,0
2020,Proteus spp,Piperacillin tazobactam,0.22993509604984727,0.5480938734391313,0.33548387096774196,0
2020,Proteus spp,Tigecycline,0.27719051855001087,0.26233581386085214,0.15483870967741936,1
2020,Proteus vulgaris,Amikacin,0.31825656576592254,0.38417759255111095,0.22580645161290322,0
2020,Proteus vulgaris,Amoxycillin clavulanate,0.3838142295583816,0.40081399250036215,0.2064516129032258,0
2020,Proteus vulgaris,Ampicillin sulbactam,0.3130329843782765,0.4176320939427245,0.24516129032258063,0
2020,Proteus vulgaris,Aztreonam,0.298190192612236,0.27396713981696247,0.17419354838709677,0
2020,Proteus vulgaris,Cefepime,0.27996895818648093,0.3876475007791794,0.25806451612903225,0
2020,Proteus vulgaris,Ceftazidime,0.27547737209956924,0.4671070013719872,0.3096774193548387,0
2020,Proteus vulgaris,Ceftazidime avibactam,0.33501467352285363,0.2470277140238225,0.12903225806451613,0
2020,Proteus vulgaris,Ceftolozane tazobactam,0.3028460063119429,0.2167781955536848,0.12258064516129032,0
2020,Proteus vulgaris,Ciprofloxacin,0.23542504713042123,0.38694996946189314,0.2129032258064516,0
2020,Proteus vulgaris,Gentamicin,0.2037256662671296,0.2899684763894243,0.2129032258064516,0
2020,Proteus vulgaris,Levofloxacin,0.15629668712278577,0.2823046612596709,0.2838709677419355,0
2020,Proteus vulgaris,Meropenem,0.21497210548353834,0.27903860661436736,0.22580645161290322,0
2020,Proteus vulgaris,Meropenem vaborbactam,0.3101684762409919,0.1648326001462855,0.08387096774193549,0
2020,Proteus vulgaris,Piperacillin tazobactam,0.2685833542737128,0.48079267722343233,0.33548387096774196,0
2020,Providencia rettgeri,Ampicillin,0.41980620433166316,0.544714205536807,0.34838709677419355,0
2020,Providencia rettgeri,Aztreonam,0.497088260187719,0.34393034136242256,0.17419354838709677,0
2020,Providencia rettgeri,Cefepime,0.5475610717679904,0.48976504385316777,0.25806451612903225,0
2020,Providencia rettgeri,Ceftaroline,0.572117037113757,0.49253705599772474,0.22580645161290322,1
2020,Providencia rettgeri,Ceftazidime,0.5212139596179008,0.5723711755548511,0.3096774193548387,0
2020,Providencia rettgeri,Gentamicin,0.39835462848248293,0.3531992658827907,0.2129032258064516,0
2020,Providencia rettgeri,Levofloxacin,0.23555643909236645,0.2868503970983591,0.2838709677419355,0
2020,Providencia rettgeri,Piperacillin tazobactam,0.503984177492307,0.5869459170923985,0.33548387096774196,0
2020,Providencia spp,Ampicillin,0.42104303939105386,0.4812858062922993,0.34838709677419355,1
2020,Providencia spp,Aztreonam,0.5010892095528134,0.2798876178874652,0.17419354838709677,0
2020,Providencia spp,Ceftaroline,0.5120014854500008,0.38240079752963657,0.22580645161290322,1
2020,Providencia spp,Levofloxacin,0.3038703785776775,0.3249824852766382,0.2838709677419355,0
2020,Providencia spp,Trimethoprim sulfa,0.5340854753463171,0.5439527679377455,0.2967741935483871,0
2020,Providencia stuartii,Ampicillin,0.421565487092695,0.5742073752997691,0.34838709677419355,0
2020,Providencia stuartii,Ampicillin sulbactam,0.4754862957076138,0.4743081422986125,0.24516129032258063,0
2020,Providencia stuartii,Aztreonam,0.45254369711141784,0.33427642901952787,0.17419354838709677,0
2020,Providencia stuartii,Cefepime,0.4661271734282725,0.43684980859722256,0.25806451612903225,0
2020,Providencia stuartii,Ceftazidime,0.44641738873056386,0.5198849542561907,0.3096774193548387,0
2020,Providencia stuartii,Imipenem,0.4728534072353365,0.37992135542912514,0.2129032258064516,0
2020,Providencia stuartii,Meropenem,0.318877944627187,0.26790340052034883,0.22580645161290322,0
2020,Providencia stuartii,Piperacillin tazobactam,0.4279644004001689,0.5307301323318839,0.33548387096774196,0
2020,Pseudomonas aeruginosa,Colistin,0.4416756972530363,0.2167846329640752,0.13548387096774195,0
2020,Pseudomonas spp,Ciprofloxacin,0.3007186913392615,0.5182378630731016,0.2129032258064516,1
2020,Pseudomonas spp,Gentamicin,0.30054999601237714,0.44001247800387977,0.2129032258064516,1
2020,Pseudomonas spp,Levofloxacin,0.1974744431035686,0.38723520440895254,0.2838709677419355,1
2020,Serratia marcescens,Amikacin,0.30103630013156424,0.27892543374243345,0.22580645161290322,0
2020,Serratia marcescens,Aztreonam,0.5666402770152698,0.47118802020057377,0.17419354838709677,0
2020,Serratia marcescens,Cefepime,0.3072980885238023,0.3418798981827502,0.25806451612903225,0
2020,Serratia marcescens,Ceftazidime,0.3781714487321497,0.5237277201612084,0.3096774193548387,0
2020,Serratia marcescens,Ceftazidime avibactam,0.47475210906320847,0.31012659693787187,0.12903225806451613,0
2020,Serratia marcescens,Ciprofloxacin,0.2791733637814219,0.3889333293526687,0.2129032258064516,0
2020,Serratia marcescens,Gentamicin,0.16811596550770697,0.2049045067570753,0.2129032258064516,0
2020,Serratia marcescens,Imipenem,0.2541336746308629,0.23778333450875513,0.2129032258064516,0
2020,Serratia marcescens,Levofloxacin,0.17833995375432649,0.24251352136283835,0.2838709677419355,0
2020,Serratia marcescens,Meropenem,0.13985421833000705,0.14372178483853826,0.22580645161290322,0
2020,Serratia marcescens,Piperacillin tazobactam,0.4013112628512042,0.5734370473862509,0.33548387096774196,0
2020,Serratia marcescens,Tigecycline,0.3612626082196136,0.21095289915927126,0.15483870967741936,1
2020,Serratia marcescens,Trimethoprim sulfa,0.2839770600475598,0.41588930152914394,0.2967741935483871,0
2020,Serratia spp,Amikacin,0.26336089002219226,0.30902579070820524,0.22580645161290322,0
2020,Serratia spp,Aztreonam,0.42336126479086555,0.397570435968165,0.17419354838709677,0
2020,Serratia spp,Cefepime,0.26043726196346023,0.3566387556173488,0.25806451612903225,0
2020,Serratia spp,Ceftazidime,0.2933057593044563,0.48840021177672704,0.3096774193548387,0
2020,Serratia spp,Ceftazidime avibactam,0.43911108294728957,0.3269668932188919,0.12903225806451613,0
2020,Serratia spp,Gentamicin,0.15990114577974665,0.23026668254922053,0.2129032258064516,0
2020,Serratia spp,Imipenem,0.2730763373819785,0.3158009677568992,0.2129032258064516,0
2020,Serratia spp,Levofloxacin,0.11852601740855769,0.2109831111421627,0.2838709677419355,0
2020,Serratia spp,Meropenem,0.1399647713475978,0.18188595400248864,0.22580645161290322,0
2020,Serratia spp,Meropenem vaborbactam,0.46856289119231354,0.2570970900866918,0.08387096774193549,0
2020,Serratia spp,Piperacillin tazobactam,0.3016131928647803,0.5219207708020394,0.33548387096774196,0
2020,Serratia spp,Trimethoprim sulfa,0.25271471436522863,0.4411811413512549,0.2967741935483871,0
2020,Staphylococcus Coagulase Negative,Daptomycin,0.33231097430054063,0.03473754140082079,0.012903225806451613,0
2020,Staphylococcus Coagulase Negative,Teicoplanin,0.5556811223067285,0.11291032748996065,0.025806451612903226,0
2020,Staphylococcus Coagulase Negative,Tigecycline,0.1730655131979121,0.06009696018446233,0.15483870967741936,0
2020,Staphylococcus Coagulase Negative,Vancomycin,0.25982323069154206,0.07089808812736874,0.05806451612903226,0
2020,Staphylococcus aureus,Ceftaroline,0.024621317582522423,0.03028600627798174,0.22580645161290322,0
2020,Staphylococcus aureus,Daptomycin,0.21077053735233284,0.013866675572990792,0.012903225806451613,0
2020,Staphylococcus aureus,Linezolid,0.49988577122088296,0.2044873952983374,0.05806451612903226,0
2020,Staphylococcus aureus,Teicoplanin,0.40561658038521037,0.07497592046558628,0.025806451612903226,0
2020,Staphylococcus aureus,Tigecycline,0.14731222530240928,0.05370298581940384,0.15483870967741936,0
2020,Staphylococcus aureus,Trimethoprim sulfa,0.21919689233360426,0.3186196868876058,0.2967741935483871,0
2020,Staphylococcus aureus,Vancomycin,0.19332803347972238,0.03881931643958606,0.05806451612903226,0
2020,Staphylococcus epidermidis,Daptomycin,0.33231097430054063,0.03473754140082078,0.012903225806451613,0
2020,Staphylococcus epidermidis,Teicoplanin,0.5556811223067285,0.11291032748996062,0.025806451612903226,0
2020,Staphylococcus epidermidis,Tigecycline,0.1730655131979121,0.06009696018446232,0.15483870967741936,0
2020,Staphylococcus epidermidis,Vancomycin,0.25982323069154206,0.07089808812736872,0.05806451612903226,0
2020,Staphylococcus haemolyticus,Daptomycin,0.48147423782788656,0.07830169553572683,0.012903225806451613,0
2020,Staphylococcus haemolyticus,Tigecycline,0.1730655131979121,0.05541905862462811,0.15483870967741936,0
2020,Staphylococcus haemolyticus,Vancomycin,0.3218972046844908,0.1118887458071386,0.05806451612903226,0
2020,Streptococcus agalactiae,Ceftaroline,0.02150091676784826,0.04836020439092377,0.22580645161290322,0
2020,Streptococcus agalactiae,Ceftriaxone,0.04606058861128587,0.10735682568545818,0.2838709677419355,0
2020,Streptococcus agalactiae,Levofloxacin,0.14925182839479195,0.34855125230056105,0.2838709677419355,1
2020,Streptococcus agalactiae,Linezolid,0.20664741761651254,0.10563954761313646,0.05806451612903226,0
2020,Streptococcus agalactiae,Meropenem,0.08120603420546427,0.13299994762090228,0.22580645161290322,0
2020,Streptococcus agalactiae,Penicillin,0.3760216917138755,0.2861901989051613,0.1935483870967742,0
2020,Streptococcus agalactiae,Tigecycline,0.12604750021881594,0.064225992433089,0.15483870967741936,0
2020,Streptococcus agalactiae,Vancomycin,0.2006578473917769,0.07834307289369377,0.05806451612903226,0
2020,Streptococcus dysgalactiae,Ceftaroline,0.0,0.0,0.22580645161290322,0
2020,Streptococcus dysgalactiae,Ceftriaxone,0.0,0.0,0.2838709677419355,0
2020,Streptococcus dysgalactiae,Levofloxacin,0.07397516391679368,0.2667586465571858,0.2838709677419355,0
2020,Streptococcus dysgalactiae,Linezolid,0.15999018091734485,0.14988781685876784,0.05806451612903226,0
2020,Streptococcus dysgalactiae,Meropenem,0.04851669433733552,0.0689712932177587,0.22580645161290322,0
2020,Streptococcus dysgalactiae,Penicillin,0.28797195750883914,0.2515819646215367,0.1935483870967742,0
2020,Streptococcus dysgalactiae,Tigecycline,0.10430522771380346,0.0654368931260727,0.15483870967741936,0
2020,Streptococcus dysgalactiae,Vancomycin,0.025466245740696905,0.0284519207380725,0.05806451612903226,0
2020,Streptococcus pneumoniae,Ceftaroline,0.09475259455280266,0.11710998527704346,0.22580645161290322,0
2020,Streptococcus pneumoniae,Ceftriaxone,0.12115107467493118,0.1678215221113887,0.2838709677419355,1
2020,Streptococcus pneumoniae,Levofloxacin,0.18737698235523373,0.24931184784552968,0.2838709677419355,0
2020,Streptococcus pneumoniae,Linezolid,0.1855801871832872,0.04951991116000805,0.05806451612903226,0
2020,Streptococcus pneumoniae,Tigecycline,0.17937933154088107,0.06294079019319117,0.15483870967741936,0
2020,Streptococcus pneumoniae,Vancomycin,0.19283607191427715,0.04466248131150724,0.05806451612903226,0
2020,Streptococcus pyogenes,Ceftaroline,0.02150091676784826,0.06119189153144786,0.22580645161290322,0
2020,Streptococcus pyogenes,Ceftriaxone,0.04606058861128587,0.13450423727342445,0.2838709677419355,0
2020,Streptococcus pyogenes,Levofloxacin,0.1299805010026142,0.33387428018553483,0.2838709677419355,0
2020,Streptococcus pyogenes,Linezolid,0.20664741761651254,0.1306008954682337,0.05806451612903226,0
2020,Streptococcus pyogenes,Meropenem,0.05784975145328665,0.07552620248270679,0.22580645161290322,0
2020,Streptococcus pyogenes,Penicillin,0.3471385781078497,0.2519714346368476,0.1935483870967742,0
2020,Streptococcus pyogenes,Tigecycline,0.12604750021881594,0.07663939916413698,0.15483870967741936,0
2020,Streptococcus pyogenes,Vancomycin,0.2006578473917769,0.09504892408205569,0.05806451612903226,0
2020,"Streptococcus, Beta Hemolytic",Ceftaroline,0.0,0.0,0.22580645161290322,0
2020,"Streptococcus, Beta Hemolytic",Ceftriaxone,0.0,0.0,0.2838709677419355,0
2020,"Streptococcus, Beta Hemolytic",Levofloxacin,0.07397516391679368,0.2667586465571858,0.2838709677419355,1
2020,"Streptococcus, Beta Hemolytic",Linezolid,0.15999018091734485,0.14988781685876784,0.05806451612903226,0
2020,"Streptococcus, Beta Hemolytic",Meropenem,0.04851669433733552,0.0689712932177587,0.22580645161290322,0
2020,"Streptococcus, Beta Hemolytic",Penicillin,0.28797195750883914,0.2515819646215367,0.1935483870967742,0
2020,"Streptococcus, Beta Hemolytic",Tigecycline,0.10430522771380346,0.0654368931260727,0.15483870967741936,0
2020,"Streptococcus, Beta Hemolytic",Vancomycin,0.025466245740696905,0.0284519207380725,0.05806451612903226,0
2021,Acinetobacter baumannii,Colistin,0.4898475328347906,0.19489777323727944,0.13291139240506328,0
2021,Acinetobacter bereziniae,Ampicillin sulbactam,0.35374865859108906,0.40290280184105626,0.2468354430379747,1
2021,Acinetobacter bereziniae,Levofloxacin,0.2829115291476806,0.4042780518422309,0.2974683544303797,0
2021,Acinetobacter calcoaceticus,Ampicillin sulbactam,0.3255369846385626,0.3827851125848246,0.2468354430379747,0
2021,Acinetobacter calcoaceticus,Ciprofloxacin,0.36398745279363454,0.4204457810627556,0.20253164556962025,1
2021,Acinetobacter calcoaceticus,Colistin,0.36318569476523965,0.18933265216889822,0.13291139240506328,1
2021,Acinetobacter calcoaceticus,Gentamicin,0.4053539885937632,0.42915212447721846,0.22151898734177214,1
2021,Acinetobacter johnsonii,Ampicillin sulbactam,0.37732277293167377,0.42150379795759124,0.2468354430379747,1
2021,Acinetobacter johnsonii,Colistin,0.42007892478036074,0.21121758295855614,0.13291139240506328,0
2021,Acinetobacter johnsonii,Levofloxacin,0.2966828124572576,0.4177516460274966,0.2974683544303797,0
2021,Acinetobacter junii,Ampicillin sulbactam,0.40016648526849286,0.40817520723663603,0.2468354430379747,1
2021,Acinetobacter junii,Levofloxacin,0.3084315566106357,0.3979623749278356,0.2974683544303797,0
2021,Acinetobacter lactucae,Ampicillin sulbactam,0.15634077868618973,0.46478509362666554,0.2468354430379747,1
2021,Acinetobacter lactucae,Cefepime,0.25974872466491056,0.6390499675715117,0.2468354430379747,1
2021,Acinetobacter lactucae,Ceftazidime,0.21234438050117707,0.6592910016580626,0.2911392405063291,1
2021,Acinetobacter lactucae,Colistin,0.17927334605327902,0.23127869506998683,0.13291139240506328,0
2021,Acinetobacter lactucae,Gentamicin,0.19914326779944755,0.5306043709322448,0.22151898734177214,1
2021,Acinetobacter lactucae,Imipenem,0.23396517226208552,0.591382573801959,0.22784810126582278,1
2021,Acinetobacter lactucae,Levofloxacin,0.11388979624981854,0.409897631856343,0.2974683544303797,0
2021,Acinetobacter lactucae,Meropenem,0.20890915915448208,0.5281272050042144,0.25316455696202533,1
2021,Acinetobacter lwoffii,Ciprofloxacin,0.4001071767377112,0.4191697097843295,0.20253164556962025,0
2021,Acinetobacter lwoffii,Colistin,0.39608077900831207,0.18776575546508192,0.13291139240506328,0
2021,Acinetobacter lwoffii,Gentamicin,0.4338450084439518,0.41644155327428684,0.22151898734177214,0
2021,Acinetobacter nosocomialis,Ampicillin sulbactam,0.4513292070627466,0.38828365435560236,0.2468354430379747,0
2021,Acinetobacter nosocomialis,Colistin,0.4569524485917182,0.1779275342444374,0.13291139240506328,0
2021,Acinetobacter pitii,Colistin,0.4898475328347906,0.17738281330515984,0.13291139240506328,0
2021,Acinetobacter radioresistens,Ampicillin sulbactam,0.36763798027944916,0.3978871325398833,0.2468354430379747,0
2021,Acinetobacter radioresistens,Cefepime,0.6008409861273116,0.5534655734655072,0.2468354430379747,1
2021,Acinetobacter radioresistens,Colistin,0.3969020820419605,0.1943548271910074,0.13291139240506328,0
2021,Acinetobacter radioresistens,Levofloxacin,0.31659016446590155,0.4278489560927224,0.2974683544303797,0
2021,Acinetobacter spp,Colistin,0.4335914632664869,0.1975712300687006,0.13291139240506328,0
2021,Acinetobacter ursingii,Ciprofloxacin,0.42143890667818845,0.45762345608930427,0.20253164556962025,0
2021,Acinetobacter ursingii,Colistin,0.41096400837134806,0.20249346224279804,0.13291139240506328,0
2021,Acinetobacter ursingii,Levofloxacin,0.28906503312043796,0.4026800452903547,0.2974683544303797,0
2021,Citrobacter braakii,Amikacin,0.35352902439231043,0.36094769717835773,0.2468354430379747,0
2021,Citrobacter braakii,Cefepime,0.3989051853014387,0.41894521976658433,0.2468354430379747,0
2021,Citrobacter braakii,Ceftazidime avibactam,0.4358936549492339,0.2930032006431736,0.12025316455696203,0
2021,Citrobacter braakii,Ceftolozane tazobactam,0.4820698530682734,0.3673565698250346,0.12658227848101267,0
2021,Citrobacter braakii,Ciprofloxacin,0.24263173125775597,0.31780505592196123,0.20253164556962025,1
2021,Citrobacter braakii,Colistin,0.3805139351011485,0.20789286359380568,0.13291139240506328,0
2021,Citrobacter braakii,Gentamicin,0.17581400339865427,0.21170429826785678,0.22151898734177214,0
2021,Citrobacter braakii,Imipenem,0.2817520233492062,0.2941071845973398,0.22784810126582278,0
2021,Citrobacter braakii,Levofloxacin,0.15451343976839874,0.22762989765078512,0.2974683544303797,0
2021,Citrobacter braakii,Meropenem,0.2377276859124118,0.25276233221839234,0.25316455696202533,0
2021,Citrobacter braakii,Meropenem vaborbactam,0.46524219772251824,0.27624305876113064,0.10126582278481013,0
2021,Citrobacter braakii,Tigecycline,0.26969886152800365,0.17053196501251405,0.16455696202531644,0
2021,Citrobacter braakii,Trimethoprim sulfa,0.25508582803265023,0.37716250093277115,0.2974683544303797,0
2021,Citrobacter freundii,Amikacin,0.45316025473056337,0.3539955507709486,0.2468354430379747,0
2021,Citrobacter freundii,Ampicillin,0.525160331363163,0.6668236167406754,0.3291139240506329,0
2021,Citrobacter freundii,Cefepime,0.4995917835258298,0.39367709235504883,0.2468354430379747,0
2021,Citrobacter freundii,Colistin,0.5249912218125808,0.256964377470078,0.13291139240506328,0
2021,Citrobacter freundii,Gentamicin,0.29258705580625866,0.26701567929313114,0.22151898734177214,0
2021,Citrobacter freundii,Imipenem,0.390638588998822,0.31482915328494526,0.22784810126582278,0
2021,Citrobacter freundii,Levofloxacin,0.17430511962996337,0.20469714418162505,0.2974683544303797,0
2021,Citrobacter freundii,Meropenem,0.3143462469995096,0.24404145672914854,0.25316455696202533,0
2021,Citrobacter freundii,Tigecycline,0.3409081799161005,0.18669652413099536,0.16455696202531644,0
2021,Citrobacter freundii,Trimethoprim sulfa,0.39887064189955396,0.44675836341387826,0.2974683544303797,0
2021,Citrobacter koseri,Amikacin,0.042406967590987714,0.18790198846790193,0.2468354430379747,0
2021,Citrobacter koseri,Amoxycillin clavulanate,0.12205473963815333,0.5997128804679615,0.20253164556962025,0
2021,Citrobacter koseri,Ampicillin sulbactam,0.09729910969875274,0.6664005216172517,0.2468354430379747,0
2021,Citrobacter koseri,Aztreonam,0.1062413284499793,0.5729465139819507,0.17088607594936708,0
2021,Citrobacter koseri,Cefepime,0.04319093159410566,0.2132694605516725,0.2468354430379747,0
2021,Citrobacter koseri,Ceftaroline,0.11448720146350735,0.7171515514845525,0.22784810126582278,0
2021,Citrobacter koseri,Ceftazidime,0.06577023131459947,0.5278375222947401,0.2911392405063291,0
2021,Citrobacter koseri,Ceftazidime avibactam,0.06504827183862491,0.2496709368748313,0.12025316455696203,0
2021,Citrobacter koseri,Ceftolozane tazobactam,0.10173200294281018,0.49183346269184675,0.12658227848101267,0
2021,Citrobacter koseri,Ciprofloxacin,0.023351216439343025,0.18447300724587806,0.20253164556962025,0
2021,Citrobacter koseri,Colistin,0.09240504246278645,0.22079487819059365,0.13291139240506328,0
2021,Citrobacter koseri,Gentamicin,0.008646367551489256,0.0807947094929421,0.22151898734177214,0
2021,Citrobacter koseri,Imipenem,0.035887331188571785,0.1530673656148583,0.22784810126582278,0
2021,Citrobacter koseri,Levofloxacin,0.03266660409616686,0.16134174108243607,0.2974683544303797,0
2021,Citrobacter koseri,Meropenem,0.015173549222920036,0.08859412449403886,0.25316455696202533,0
2021,Citrobacter koseri,Meropenem vaborbactam,0.08489701469612372,0.3230248851742285,0.10126582278481013,0
2021,Citrobacter koseri,Piperacillin tazobactam,0.06872951676740088,0.6075296591064256,0.34177215189873417,0
2021,Citrobacter koseri,Tigecycline,0.061803870512906006,0.1355017814774061,0.16455696202531644,0
2021,Citrobacter koseri,Trimethoprim sulfa,0.02776394844618481,0.19275825198066154,0.2974683544303797,0
2021,Citrobacter spp,Amikacin,0.457482236680997,0.3999292816878936,0.2468354430379747,0
2021,Citrobacter spp,Cefepime,0.5073522071923443,0.44741304282138883,0.2468354430379747,0
2021,Citrobacter spp,Colistin,0.527450862157214,0.252415274021448,0.13291139240506328,0
2021,Citrobacter spp,Gentamicin,0.29755224066271735,0.28783737831957923,0.22151898734177214,0
2021,Citrobacter spp,Imipenem,0.40373306254011415,0.3578936168235952,0.22784810126582278,0
2021,Citrobacter spp,Levofloxacin,0.19896006094445962,0.244348346632396,0.2974683544303797,0
2021,Citrobacter spp,Meropenem,0.325469563839946,0.2962036329396318,0.25316455696202533,0
2021,Citrobacter spp,Tigecycline,0.3615991415957203,0.2039739313830727,0.16455696202531644,0
2021,Clostridioides difficile,Meropenem,0.1582617427311662,0.2144399509156357,0.25316455696202533,0
2021,Clostridioides difficile,Piperacillin tazobactam,0.04631982302479052,0.09317107321410599,0.34177215189873417,0
2021,Clostridioides difficile,Tigecycline,0.16719387323651055,0.11826914871616967,0.16455696202531644,0
2021,Clostridium perfringens,Meropenem,0.11950956080948681,0.1669638450028456,0.25316455696202533,0
2021,Clostridium perfringens,Metronidazole,0.6524884888605349,0.2495427167115269,0.12025316455696203,0
2021,Clostridium perfringens,Piperacillin tazobactam,0.0440809265049242,0.10899141716263283,0.34177215189873417,0
2021,Enterobacter bugandensis,Amikacin,0.3544936186497918,0.36688986570405546,0.2468354430379747,0
2021,Enterobacter bugandensis,Cefepime,0.38106673459706036,0.39277838418466604,0.2468354430379747,0
2021,Enterobacter bugandensis,Ceftazidime avibactam,0.524635461886552,0.3553211754953681,0.12025316455696203,0
2021,Enterobacter bugandensis,Ciprofloxacin,0.2927233002054718,0.3869854128173701,0.20253164556962025,0
2021,Enterobacter bugandensis,Gentamicin,0.19343027584824196,0.2350071735232443,0.22151898734177214,0
2021,Enterobacter bugandensis,Imipenem,0.32143859452611195,0.341895978724182,0.22784810126582278,0
2021,Enterobacter bugandensis,Levofloxacin,0.14939337909073572,0.21800501895691438,0.2974683544303797,0
2021,Enterobacter bugandensis,Meropenem,0.24241309816401674,0.2594864913681629,0.25316455696202533,0
2021,Enterobacter bugandensis,Tigecycline,0.35713247091622274,0.23767515388309546,0.16455696202531644,0
2021,Enterobacter bugandensis,Trimethoprim sulfa,0.29096055940415483,0.4295062301071648,0.2974683544303797,0
2021,Enterobacter cloacae,Amikacin,0.4301916457201323,0.3268244793223643,0.2468354430379747,0
2021,Enterobacter cloacae,Ampicillin,0.5700373983635031,0.6932726518405302,0.3291139240506329,1
2021,Enterobacter cloacae,Cefepime,0.48028536881456724,0.3681724661684937,0.2468354430379747,0
2021,Enterobacter cloacae,Ciprofloxacin,0.3884401611812378,0.39297471619993835,0.20253164556962025,0
2021,Enterobacter cloacae,Colistin,0.4829812211604958,0.23301253351969786,0.13291139240506328,0
2021,Enterobacter cloacae,Gentamicin,0.2588760946565063,0.2332413415470395,0.22151898734177214,0
2021,Enterobacter cloacae,Imipenem,0.34494552685863217,0.27133468818215073,0.22784810126582278,0
2021,Enterobacter cloacae,Levofloxacin,0.2099044089617142,0.2296336202872892,0.2974683544303797,0
2021,Enterobacter cloacae,Meropenem,0.28006967368524865,0.21011793405716683,0.25316455696202533,0
2021,Enterobacter cloacae,Tigecycline,0.3393772116940277,0.18020945402061522,0.16455696202531644,1
2021,Enterobacter cloacae,Trimethoprim sulfa,0.3611766601560382,0.3969611023334151,0.2974683544303797,0
2021,Enterobacter hormaechi,Amikacin,0.5701417170474063,0.46881092191688034,0.2468354430379747,0
2021,Enterobacter hormaechi,Colistin,0.555558907310931,0.23729590155641475,0.13291139240506328,0
2021,Enterobacter hormaechi,Gentamicin,0.3657596395131365,0.3299897408061547,0.22151898734177214,0
2021,Enterobacter hormaechi,Levofloxacin,0.25536920930076346,0.30410364210887514,0.2974683544303797,0
2021,Enterobacter hormaechi,Meropenem,0.4209339800636788,0.3627847317187972,0.25316455696202533,0
2021,Enterobacter hormaechi,Tigecycline,0.39613889069693087,0.20628535725590233,0.16455696202531644,0
2021,Enterobacter kobei,Amikacin,0.37037288143662345,0.3536682053955914,0.2468354430379747,0
2021,Enterobacter kobei,Cefepime,0.412791208426882,0.4015620819481515,0.2468354430379747,0
2021,Enterobacter kobei,Ceftazidime avibactam,0.4955278221282138,0.3169704344467903,0.12025316455696203,0
2021,Enterobacter kobei,Ciprofloxacin,0.2680910318623785,0.33036205698043586,0.20253164556962025,0
2021,Enterobacter kobei,Colistin,0.42283902580576105,0.2232917348963869,0.13291139240506328,0
2021,Enterobacter kobei,Gentamicin,0.18589558154849548,0.2078590712622242,0.22151898734177214,0
2021,Enterobacter kobei,Imipenem,0.29617501134336,0.28931432087916065,0.22784810126582278,0
2021,Enterobacter kobei,Levofloxacin,0.15872710592380895,0.21649717441161348,0.2974683544303797,0
2021,Enterobacter kobei,Meropenem,0.252593432990928,0.2524332865297608,0.25316455696202533,0
2021,Enterobacter kobei,Tigecycline,0.291356993926096,0.1746559566453106,0.16455696202531644,0
2021,Enterobacter kobei,Trimethoprim sulfa,0.27339141118649574,0.3768450204112944,0.2974683544303797,0
2021,Enterobacter ludwigii,Amikacin,0.2802977327936327,0.38195757807402475,0.2468354430379747,0
2021,Enterobacter ludwigii,Cefepime,0.3242705063181732,0.45567382528455325,0.2468354430379747,0
2021,Enterobacter ludwigii,Ceftazidime avibactam,0.3791296837338251,0.32780052015674777,0.12025316455696203,0
2021,Enterobacter ludwigii,Ciprofloxacin,0.19325148221908642,0.3417359000840438,0.20253164556962025,0
2021,Enterobacter ludwigii,Colistin,0.33532226199438675,0.2267274529678612,0.13291139240506328,0
2021,Enterobacter ludwigii,Gentamicin,0.13670804825185448,0.22360018696880782,0.22151898734177214,0
2021,Enterobacter ludwigii,Imipenem,0.2254813144163021,0.31070961539447167,0.22784810126582278,0
2021,Enterobacter ludwigii,Levofloxacin,0.12854976222364586,0.24997431425189892,0.2974683544303797,0
2021,Enterobacter ludwigii,Meropenem,0.16173005087980077,0.23864401925707487,0.25316455696202533,0
2021,Enterobacter ludwigii,Piperacillin tazobactam,0.313427567332317,0.6501184817552891,0.34177215189873417,0
2021,Enterobacter ludwigii,Tigecycline,0.24681099040720547,0.20575733819170688,0.16455696202531644,0
2021,Enterobacter ludwigii,Trimethoprim sulfa,0.21241859256101805,0.4198370529192606,0.2974683544303797,0
2021,Enterobacter spp,Amikacin,0.36467847281855315,0.3277103865364884,0.2468354430379747,0
2021,Enterobacter spp,Cefepime,0.42010198634514945,0.3805562855015916,0.2468354430379747,0
2021,Enterobacter spp,Ciprofloxacin,0.3614531316046223,0.4332662491205744,0.20253164556962025,0
2021,Enterobacter spp,Colistin,0.5023823589759481,0.26981617234853567,0.13291139240506328,0
2021,Enterobacter spp,Gentamicin,0.21594562685179172,0.23706513336922463,0.22151898734177214,0
2021,Enterobacter spp,Imipenem,0.31481727667791437,0.2894685784381656,0.22784810126582278,0
2021,Enterobacter spp,Levofloxacin,0.16206189356992212,0.2096282030978808,0.2974683544303797,0
2021,Enterobacter spp,Meropenem,0.23750006938582918,0.208863652433702,0.25316455696202533,0
2021,Enterobacter spp,Tigecycline,0.3510553202782516,0.21106800685353996,0.16455696202531644,0
2021,Enterobacter spp,Trimethoprim sulfa,0.3277817749871915,0.4294050449537134,0.2974683544303797,0
2021,Enterococcus faecalis,Ampicillin,0.24500213400738854,0.5253623641797085,0.3291139240506329,0
2021,Enterococcus faecalis,Tigecycline,0.046272762052294136,0.03459331199118706,0.16455696202531644,0
2021,Enterococcus faecium,Tigecycline,0.12375862215040595,0.05454629393816968,0.16455696202531644,0
2021,Enterococcus spp,Daptomycin,0.6461624204037623,0.15737517530276166,0.012658227848101266,1
2021,Enterococcus spp,Tigecycline,0.08514891087456858,0.05966075028153077,0.16455696202531644,0
2021,Escherichia coli,Amikacin,0.5318766782106666,0.37103269923592097,0.2468354430379747,0
2021,Escherichia coli,Amoxycillin clavulanate,0.5855834051799212,0.4065593100151578,0.20253164556962025,0
2021,Escherichia coli,Ceftazidime,0.5756782791382193,0.5365588313615174,0.2911392405063291,1
2021,Escherichia coli,Ceftazidime avibactam,0.6029537276856107,0.28716770835644373,0.12025316455696203,1
2021,Escherichia coli,Ceftolozane tazobactam,0.6041246032488589,0.3411874665806417,0.12658227848101267,0
2021,Escherichia coli,Colistin,0.5385142013760629,0.21934499277775518,0.13291139240506328,0
2021,Escherichia coli,Imipenem,0.4768706037570102,0.3381133565977856,0.22784810126582278,0
2021,Escherichia coli,Meropenem,0.3400756165726132,0.2471055061706384,0.25316455696202533,0
2021,Escherichia coli,Piperacillin tazobactam,0.5286001961764769,0.5666644374220904,0.34177215189873417,0
2021,Escherichia coli,Tigecycline,0.3697345116056441,0.17053944633841947,0.16455696202531644,0
2021,Finegoldia magna,Meropenem,0.1582617427311662,0.2144399509156357,0.25316455696202533,0
2021,Finegoldia magna,Piperacillin tazobactam,0.04631982302479052,0.09317107321410599,0.34177215189873417,0
2021,Finegoldia magna,Tigecycline,0.16719387323651055,0.11826914871616967,0.16455696202531644,0
2021,Haemophilus influenzae,Amoxycillin clavulanate,0.16985508708360658,0.4206512261726339,0.20253164556962025,0
2021,Haemophilus influenzae,Azithromycin,0.08771070847733012,0.013160807802987336,0.0189873417721519,0
2021,Haemophilus influenzae,Ceftaroline,0.14822442251106102,0.4725614367682661,0.22784810126582278,0
2021,Haemophilus influenzae,Ceftazidime,0.11534488909098457,0.4699918205052054,0.2911392405063291,0
2021,Haemophilus influenzae,Ceftriaxone,0.14653523018088188,0.5112095490353038,0.2721518987341772,0
2021,Haemophilus influenzae,Levofloxacin,0.09942771947760416,0.3748733569378008,0.2974683544303797,0
2021,Haemophilus influenzae,Meropenem,0.04626524453576242,0.1730976012880634,0.25316455696202533,0
2021,Haemophilus influenzae,Piperacillin tazobactam,0.12174634015433723,0.5448962942235863,0.34177215189873417,0
2021,Haemophilus influenzae,Tigecycline,0.10229094666819746,0.17433048338601867,0.16455696202531644,0
2021,Klebsiella aerogenes,Amikacin,0.3917933582997869,0.3175165744941424,0.2468354430379747,0
2021,Klebsiella aerogenes,Cefepime,0.4374084875975515,0.36190256161004597,0.2468354430379747,0
2021,Klebsiella aerogenes,Ceftazidime avibactam,0.57692694982036,0.33504610969408616,0.12025316455696203,0
2021,Klebsiella aerogenes,Ciprofloxacin,0.3283711486076805,0.36379570916614173,0.20253164556962025,0
2021,Klebsiella aerogenes,Colistin,0.4990787671428381,0.24657400767875065,0.13291139240506328,0
2021,Klebsiella aerogenes,Gentamicin,0.21930232065348298,0.21908674259196173,0.22151898734177214,0
2021,Klebsiella aerogenes,Imipenem,0.326767527883908,0.27350369206986724,0.22784810126582278,0
2021,Klebsiella aerogenes,Levofloxacin,0.1757457890728127,0.21110703276841863,0.2974683544303797,0
2021,Klebsiella aerogenes,Meropenem,0.252593432990928,0.20348503293076953,0.25316455696202533,0
2021,Klebsiella aerogenes,Meropenem vaborbactam,0.6882676482990079,0.37680953499802866,0.10126582278481013,0
2021,Klebsiella aerogenes,Tigecycline,0.33533657364674907,0.18194971565682985,0.16455696202531644,1
2021,Klebsiella aerogenes,Trimethoprim sulfa,0.31784303921612284,0.3815242373926931,0.2974683544303797,0
2021,Klebsiella oxytoca,Amikacin,0.31210560289665057,0.2937571870148034,0.2468354430379747,0
2021,Klebsiella oxytoca,Amoxycillin clavulanate,0.5409324593051078,0.5035073901150998,0.20253164556962025,0
2021,Klebsiella oxytoca,Cefepime,0.34972270518581555,0.3367336452232765,0.2468354430379747,0
2021,Klebsiella oxytoca,Ceftazidime,0.4342529369944019,0.5588795087300497,0.2911392405063291,0
2021,Klebsiella oxytoca,Ceftazidime avibactam,0.46339429617471845,0.306632060678186,0.12025316455696203,1
2021,Klebsiella oxytoca,Ceftibuten,0.6438248899589742,0.2622797757524986,0.05063291139240506,0
2021,Klebsiella oxytoca,Ciprofloxacin,0.26335675237885137,0.3360731895896286,0.20253164556962025,0
2021,Klebsiella oxytoca,Colistin,0.38476305153346,0.21353462946153803,0.13291139240506328,0
2021,Klebsiella oxytoca,Gentamicin,0.18129703134142858,0.21109156472083804,0.22151898734177214,0
2021,Klebsiella oxytoca,Imipenem,0.25981183672235625,0.25086866582328565,0.22784810126582278,0
2021,Klebsiella oxytoca,Levofloxacin,0.18362646827267184,0.24309585286573598,0.2974683544303797,0
2021,Klebsiella oxytoca,Meropenem,0.2011991055571872,0.19058927400117112,0.25316455696202533,0
2021,Klebsiella oxytoca,Meropenem vaborbactam,0.5554432198976406,0.34166272984485313,0.10126582278481013,1
2021,Klebsiella oxytoca,Tigecycline,0.2706873098377029,0.16511914688694615,0.16455696202531644,0
2021,Klebsiella oxytoca,Trimethoprim sulfa,0.2693538905167028,0.36692499376530713,0.2974683544303797,0
2021,Klebsiella pneumoniae,Amoxycillin clavulanate,0.7741904812805614,0.43431691533593386,0.20253164556962025,0
2021,Klebsiella pneumoniae,Ampicillin,0.625776101995276,0.5652689642839713,0.3291139240506329,0
2021,Klebsiella pneumoniae,Colistin,0.6416990253314714,0.21984591905266565,0.13291139240506328,0
2021,Klebsiella pneumoniae,Imipenem,0.6585413183102042,0.37665337761531,0.22784810126582278,0
2021,Klebsiella pneumoniae,Levofloxacin,0.3697613133651892,0.30015023227827325,0.2974683544303797,0
2021,Klebsiella pneumoniae,Meropenem,0.5565002655462953,0.32108722869628664,0.25316455696202533,1
2021,Klebsiella pneumoniae,Tigecycline,0.42806723567184823,0.16607703794806747,0.16455696202531644,0
2021,Klebsiella spp,Amoxycillin clavulanate,0.6279730690951674,0.36887751165549854,0.20253164556962025,0
2021,Klebsiella spp,Colistin,0.6842251346543081,0.2365484243851035,0.13291139240506328,0
2021,Klebsiella spp,Levofloxacin,0.3467312439123302,0.3163262671105209,0.2974683544303797,0
2021,Klebsiella spp,Tigecycline,0.44718763491573194,0.18178755072061248,0.16455696202531644,0
2021,Klebsiella variicola,Amikacin,0.5593447156608673,0.41731897828224923,0.2468354430379747,0
2021,Klebsiella variicola,Amoxycillin clavulanate,0.606654757905891,0.4185482119532377,0.20253164556962025,0
2021,Klebsiella variicola,Ceftazidime avibactam,0.6338632843162817,0.30431592513028805,0.12025316455696203,1
2021,Klebsiella variicola,Colistin,0.5019364273295261,0.20562464688575877,0.13291139240506328,0
2021,Klebsiella variicola,Gentamicin,0.365421737137887,0.3031320236564214,0.22151898734177214,0
2021,Klebsiella variicola,Imipenem,0.4720591818154014,0.3584211450092901,0.22784810126582278,0
2021,Klebsiella variicola,Levofloxacin,0.29236735559411525,0.3119304146144246,0.2974683544303797,0
2021,Klebsiella variicola,Meropenem,0.4020386232312908,0.31555485779579784,0.25316455696202533,0
2021,Klebsiella variicola,Tigecycline,0.34881523087846256,0.1661218708032217,0.16455696202531644,1
2021,Morganella morganii,Amikacin,0.36486088060008526,0.39932858907187374,0.2468354430379747,0
2021,Morganella morganii,Ampicillin sulbactam,0.3465481065823361,0.5032003332807515,0.2468354430379747,0
2021,Morganella morganii,Aztreonam,0.3234122700849528,0.3572918151835934,0.17088607594936708,0
2021,Morganella morganii,Cefepime,0.3111793596678351,0.3475491500838364,0.2468354430379747,0
2021,Morganella morganii,Ceftaroline,0.44476495702734037,0.5840583908756378,0.22784810126582278,0
2021,Morganella morganii,Ceftazidime,0.30589195430891913,0.4597216639620143,0.2911392405063291,0
2021,Morganella morganii,Ceftazidime avibactam,0.3624910988419362,0.28137949951564883,0.12025316455696203,0
2021,Morganella morganii,Ceftolozane tazobactam,0.3839560668188927,0.3546012768166975,0.12658227848101267,0
2021,Morganella morganii,Gentamicin,0.24750770615144504,0.31329301661330744,0.22151898734177214,0
2021,Morganella morganii,Levofloxacin,0.1732565609485825,0.2777577381535894,0.2974683544303797,0
2021,Morganella morganii,Meropenem,0.19933103909891592,0.22826254914783262,0.25316455696202533,0
2021,Morganella morganii,Meropenem vaborbactam,0.3930667533310635,0.3045549928936235,0.10126582278481013,0
2021,Morganella morganii,Piperacillin tazobactam,0.29726320137417017,0.5066901601346434,0.34177215189873417,0
2021,Proteus mirabilis,Amoxycillin clavulanate,0.4184724783910235,0.34871999115864827,0.20253164556962025,0
2021,Proteus mirabilis,Ampicillin,0.35050444188104857,0.4633769262243574,0.3291139240506329,0
2021,Proteus mirabilis,Ampicillin sulbactam,0.3872586828161207,0.4251076555540507,0.2468354430379747,0
2021,Proteus mirabilis,Aztreonam,0.34970485769843174,0.28088708346828967,0.17088607594936708,0
2021,Proteus mirabilis,Cefepime,0.4853481556609562,0.4132843988744701,0.2468354430379747,0
2021,Proteus mirabilis,Ceftazidime,0.42390610060413136,0.46940124009065204,0.2911392405063291,0
2021,Proteus mirabilis,Ceftazidime avibactam,0.4003156749682744,0.2269025046044225,0.12025316455696203,1
2021,Proteus mirabilis,Ceftibuten,0.44628622031718784,0.16595539481258206,0.05063291139240506,0
2021,Proteus mirabilis,Ceftolozane tazobactam,0.37239869484299526,0.2535856890623573,0.12658227848101267,0
2021,Proteus mirabilis,Meropenem,0.3629141747387439,0.3237490922955828,0.25316455696202533,0
2021,Proteus mirabilis,Meropenem vaborbactam,0.39284033009081226,0.21607206344462762,0.10126582278481013,0
2021,Proteus mirabilis,Piperacillin tazobactam,0.40016025972161534,0.5114443638925836,0.34177215189873417,0
2021,Proteus spp,Amikacin,0.2567262799773485,0.41681249659886643,0.2468354430379747,0
2021,Proteus spp,Amoxycillin clavulanate,0.2754038776366848,0.3812324694993501,0.20253164556962025,0
2021,Proteus spp,Ampicillin sulbactam,0.22215960288525075,0.39868178338482335,0.2468354430379747,0
2021,Proteus spp,Aztreonam,0.20407635702028004,0.25262936906604755,0.17088607594936708,0
2021,Proteus spp,Cefepime,0.2199454316482437,0.35214908910911685,0.2468354430379747,0
2021,Proteus spp,Ceftazidime,0.19437592429627823,0.39386073203679217,0.2911392405063291,0
2021,Proteus spp,Ceftazidime avibactam,0.2473844812043924,0.23411124419648752,0.12025316455696203,0
2021,Proteus spp,Ceftolozane tazobactam,0.22067039499313715,0.23024941940098467,0.12658227848101267,0
2021,Proteus spp,Ciprofloxacin,0.1906763502575715,0.3674063162085678,0.20253164556962025,0
2021,Proteus spp,Gentamicin,0.17318423258591006,0.30781159816559284,0.22151898734177214,0
2021,Proteus spp,Levofloxacin,0.12818005254785245,0.28533757048634406,0.2974683544303797,0
2021,Proteus spp,Meropenem,0.1638835493189003,0.28898061925057944,0.25316455696202533,0
2021,Proteus spp,Meropenem vaborbactam,0.2241842642725776,0.18844862813007024,0.10126582278481013,0
2021,Proteus spp,Piperacillin tazobactam,0.18254916637783786,0.42150710389468576,0.34177215189873417,0
2021,Proteus vulgaris,Amikacin,0.3235191344660182,0.43558088568054854,0.2468354430379747,0
2021,Proteus vulgaris,Amoxycillin clavulanate,0.3353619012761733,0.38671250150298536,0.20253164556962025,0
2021,Proteus vulgaris,Ampicillin sulbactam,0.26857742956265457,0.40861805799397344,0.2468354430379747,0
2021,Proteus vulgaris,Aztreonam,0.25461263355080016,0.2657884661559792,0.17088607594936708,0
2021,Proteus vulgaris,Cefepime,0.2822014995167582,0.3774698647763589,0.2468354430379747,0
2021,Proteus vulgaris,Ceftazidime,0.25631185330186373,0.4318350780531833,0.2911392405063291,0
2021,Proteus vulgaris,Ceftazidime avibactam,0.2766573535833583,0.22113969388715513,0.12025316455696203,0
2021,Proteus vulgaris,Ceftolozane tazobactam,0.2521279551247955,0.22157931694411007,0.12658227848101267,0
2021,Proteus vulgaris,Ciprofloxacin,0.2155645495796396,0.35175063127289224,0.20253164556962025,0
2021,Proteus vulgaris,Gentamicin,0.20343862881909142,0.30497151780945436,0.22151898734177214,0
2021,Proteus vulgaris,Levofloxacin,0.15370008001080757,0.2923139331729725,0.2974683544303797,0
2021,Proteus vulgaris,Meropenem,0.19883163993117986,0.292858047052624,0.25316455696202533,0
2021,Proteus vulgaris,Meropenem vaborbactam,0.25722579835355874,0.18026875925722738,0.10126582278481013,0
2021,Proteus vulgaris,Piperacillin tazobactam,0.23917948309421153,0.4624595788489835,0.34177215189873417,0
2021,Providencia rettgeri,Ampicillin,0.3766326791219209,0.4893400875408482,0.3291139240506329,0
2021,Providencia rettgeri,Aztreonam,0.4580427800256147,0.3500082109795272,0.17088607594936708,0
2021,Providencia rettgeri,Cefepime,0.5253331711637751,0.4489288903444367,0.2468354430379747,0
2021,Providencia rettgeri,Ceftaroline,0.53023376520263,0.5129429693117622,0.22784810126582278,0
2021,Providencia rettgeri,Ceftazidime,0.4867086437892363,0.5316620278703119,0.2911392405063291,0
2021,Providencia rettgeri,Gentamicin,0.3921344723427984,0.3590946358906558,0.22151898734177214,0
2021,Providencia rettgeri,Levofloxacin,0.22279789498287444,0.278343397110576,0.2974683544303797,0
2021,Providencia rettgeri,Piperacillin tazobactam,0.4660283459292556,0.5719922712728482,0.34177215189873417,0
2021,Providencia stuartii,Ampicillin,0.40321082543883485,0.5015565645404488,0.3291139240506329,0
2021,Providencia stuartii,Ampicillin sulbactam,0.4634462519614094,0.4708197266604498,0.2468354430379747,0
2021,Providencia stuartii,Aztreonam,0.4408526764525858,0.3256292601543923,0.17088607594936708,0
2021,Providencia stuartii,Cefepime,0.5058451020922582,0.4114796630553626,0.2468354430379747,0
2021,Providencia stuartii,Ceftazidime,0.46264928898624696,0.487702004703561,0.2911392405063291,0
2021,Providencia stuartii,Meropenem,0.37416343081998255,0.3256161125684211,0.25316455696202533,0
2021,Providencia stuartii,Piperacillin tazobactam,0.4235971347746684,0.5107276190268182,0.34177215189873417,0
2021,Pseudomonas aeruginosa,Colistin,0.3964087362676336,0.19864682354536306,0.13291139240506328,0
2021,Serratia marcescens,Amikacin,0.23323584796010108,0.2720290260731926,0.2468354430379747,0
2021,Serratia marcescens,Aztreonam,0.5341033190744943,0.5729695601464805,0.17088607594936708,0
2021,Serratia marcescens,Cefepime,0.22035401847976482,0.2625675396888704,0.2468354430379747,0
2021,Serratia marcescens,Ceftazidime,0.33241373592748685,0.5248105075997896,0.2911392405063291,0
2021,Serratia marcescens,Ceftazidime avibactam,0.4680924675101172,0.3734018926451334,0.12025316455696203,0
2021,Serratia marcescens,Ciprofloxacin,0.24629057184343353,0.3865918497721795,0.20253164556962025,0
2021,Serratia marcescens,Gentamicin,0.14212312745261724,0.21205222167808777,0.22151898734177214,0
2021,Serratia marcescens,Imipenem,0.23971661244454126,0.2796976611489983,0.22784810126582278,0
2021,Serratia marcescens,Levofloxacin,0.10275923357062743,0.17035720331444526,0.2974683544303797,0
2021,Serratia marcescens,Meropenem,0.10768157614953512,0.13513359075454764,0.25316455696202533,0
2021,Serratia marcescens,Piperacillin tazobactam,0.321267739229918,0.5752484190255521,0.34177215189873417,0
2021,Serratia marcescens,Tigecycline,0.3546151612051796,0.251469813209838,0.16455696202531644,1
2021,Serratia marcescens,Trimethoprim sulfa,0.23076814655192823,0.37900591409718853,0.2974683544303797,0
2021,Serratia spp,Amikacin,0.22632506746789324,0.33927896003073227,0.2468354430379747,0
2021,Serratia spp,Aztreonam,0.3279142636488006,0.3949090383873214,0.17088607594936708,0
2021,Serratia spp,Cefepime,0.19649466916763733,0.29161374397348067,0.2468354430379747,0
2021,Serratia spp,Ceftazidime,0.22838093679891902,0.43685214444798215,0.2911392405063291,0
2021,Serratia spp,Ceftazidime avibactam,0.34375165239944183,0.31579832569644994,0.12025316455696203,0
2021,Serratia spp,Ciprofloxacin,0.1672025934333897,0.31927736291015296,0.20253164556962025,0
2021,Serratia spp,Gentamicin,0.10280515330101951,0.18888466893329292,0.22151898734177214,0
2021,Serratia spp,Imipenem,0.22445007828185362,0.3371032322872703,0.22784810126582278,0
2021,Serratia spp,Levofloxacin,0.09444505262865228,0.1952940433639524,0.2974683544303797,0
2021,Serratia spp,Meropenem,0.10304685692270298,0.17870211898800645,0.25316455696202533,0
2021,Serratia spp,Meropenem vaborbactam,0.3813254753600463,0.30838826266608715,0.10126582278481013,0
2021,Serratia spp,Piperacillin tazobactam,0.21916973727507702,0.47603851359066773,0.34177215189873417,0
2021,Serratia spp,Trimethoprim sulfa,0.18312600093184037,0.37465522406762564,0.2974683544303797,0
2021,Staphylococcus aureus,Ceftaroline,0.02213022497304902,0.03098144158875864,0.22784810126582278,0
2021,Staphylococcus aureus,Daptomycin,0.2113726393058956,0.013096672388491668,0.012658227848101266,0
2021,Staphylococcus aureus,Linezolid,0.502653107380827,0.22950195578297589,0.06962025316455696,1
2021,Staphylococcus aureus,Teicoplanin,0.3295032751368365,0.050605269297464645,0.02531645569620253,0
2021,Staphylococcus aureus,Tigecycline,0.13091259072642647,0.053920830990833966,0.16455696202531644,0
2021,Staphylococcus aureus,Trimethoprim sulfa,0.22847600281376085,0.3335585180500043,0.2974683544303797,0
2021,Staphylococcus aureus,Vancomycin,0.19813732833213293,0.04468148866585333,0.06329113924050633,0
2021,Staphylococcus epidermidis,Daptomycin,0.32967802170090366,0.029989850064653063,0.012658227848101266,0
2021,Staphylococcus epidermidis,Teicoplanin,0.49050702390320045,0.08553979142775608,0.02531645569620253,0
2021,Staphylococcus epidermidis,Tigecycline,0.1609773018518439,0.06360965994740234,0.16455696202531644,0
2021,Staphylococcus epidermidis,Vancomycin,0.2757885018323273,0.08080795881011141,0.06329113924050633,0
2021,Staphylococcus haemolyticus,Daptomycin,0.47983485320225994,0.07381398806127487,0.012658227848101266,0
2021,Staphylococcus haemolyticus,Tigecycline,0.1609773018518439,0.05820510838763049,0.16455696202531644,0
2021,Staphylococcus haemolyticus,Vancomycin,0.37565331949302494,0.1495959038157669,0.06329113924050633,0
2021,Staphylococcus spp,Daptomycin,0.32967802170090366,0.03431988216463451,0.012658227848101266,0
2021,Staphylococcus spp,Teicoplanin,0.4609198331760772,0.08793728387210877,0.02531645569620253,0
2021,Staphylococcus spp,Tigecycline,0.1609773018518439,0.07234638009652668,0.16455696202531644,0
2021,Staphylococcus spp,Vancomycin,0.2757885018323273,0.09157079973965397,0.06329113924050633,0
2021,Streptococcus agalactiae,Ceftaroline,0.013733670467107079,0.03933654164620803,0.22784810126582278,0
2021,Streptococcus agalactiae,Ceftriaxone,0.041161218969603515,0.10282442471833897,0.2721518987341772,0
2021,Streptococcus agalactiae,Levofloxacin,0.15001354518923443,0.3726642392716664,0.2974683544303797,1
2021,Streptococcus agalactiae,Linezolid,0.20667903275810875,0.12384395792880512,0.06962025316455696,0
2021,Streptococcus agalactiae,Meropenem,0.092958331317589,0.15132848580999061,0.25316455696202533,0
2021,Streptococcus agalactiae,Penicillin,0.3486367763814749,0.2862270859922874,0.189873417721519,0
2021,Streptococcus agalactiae,Tigecycline,0.11474782167644426,0.07067327556635199,0.16455696202531644,0
2021,Streptococcus agalactiae,Vancomycin,0.19420754572570234,0.09071414618266498,0.06329113924050633,0
2021,Streptococcus dysgalactiae,Ceftaroline,0.0,0.0,0.22784810126582278,0
2021,Streptococcus dysgalactiae,Ceftriaxone,0.0,0.0,0.2721518987341772,0
2021,Streptococcus dysgalactiae,Levofloxacin,0.0763369785304283,0.2906203955407705,0.2974683544303797,0
2021,Streptococcus dysgalactiae,Linezolid,0.16654000880692624,0.17849871854789512,0.06962025316455696,0
2021,Streptococcus dysgalactiae,Meropenem,0.06232055816781224,0.09489524053691938,0.25316455696202533,0
2021,Streptococcus dysgalactiae,Penicillin,0.26197159418610644,0.245954657521422,0.189873417721519,0
2021,Streptococcus dysgalactiae,Tigecycline,0.09182009998581271,0.0644312125392238,0.16455696202531644,0
2021,Streptococcus dysgalactiae,Vancomycin,0.03837170333760798,0.041637443965303535,0.06329113924050633,0
2021,Streptococcus pneumoniae,Ceftaroline,0.08823780151346582,0.1254531785583056,0.22784810126582278,0
2021,Streptococcus pneumoniae,Ceftriaxone,0.10853659901597573,0.1543370095232156,0.2721518987341772,1
2021,Streptococcus pneumoniae,Levofloxacin,0.18521677153139826,0.25871521521126967,0.2974683544303797,0
2021,Streptococcus pneumoniae,Linezolid,0.187774847284326,0.059426811184324864,0.06962025316455696,0
2021,Streptococcus pneumoniae,Tigecycline,0.17074346649356517,0.07088850496447455,0.16455696202531644,0
2021,Streptococcus pneumoniae,Vancomycin,0.18569001591509113,0.050209476500003646,0.06329113924050633,0
2021,Streptococcus pyogenes,Ceftaroline,0.013733670467107079,0.050082422746255385,0.22784810126582278,0
2021,Streptococcus pyogenes,Ceftriaxone,0.041161218969603515,0.12900277922384276,0.2721518987341772,0
2021,Streptococcus pyogenes,Levofloxacin,0.13132607055543216,0.36177858016114206,0.2974683544303797,0
2021,Streptococcus pyogenes,Linezolid,0.20667903275810875,0.15266081006381604,0.06962025316455696,0
2021,Streptococcus pyogenes,Meropenem,0.07074514602785213,0.09590161677535472,0.25316455696202533,0
2021,Streptococcus pyogenes,Penicillin,0.3207323403898847,0.2517395117826938,0.189873417721519,0
2021,Streptococcus pyogenes,Tigecycline,0.11474782167644426,0.08498284265989557,0.16455696202531644,0
2021,Streptococcus pyogenes,Vancomycin,0.19420754572570234,0.11000423856211271,0.06329113924050633,0
2022,Acinetobacter baumannii,Colistin,0.4725980175391548,0.18911385944968806,0.13414634146341464,0
2022,Acinetobacter bereziniae,Levofloxacin,0.2872397363379452,0.36887419013313194,0.2926829268292683,1
2022,Acinetobacter johnsonii,Colistin,0.43712998233478567,0.20131342852194348,0.13414634146341464,0
2022,Acinetobacter johnsonii,Levofloxacin,0.30158186800426123,0.38150801601407136,0.2926829268292683,0
2022,Acinetobacter junii,Levofloxacin,0.3125024613195526,0.36597959867423324,0.2926829268292683,0
2022,Acinetobacter lactucae,Colistin,0.39362257562071584,0.2025611095695522,0.13414634146341464,0
2022,Acinetobacter lactucae,Levofloxacin,0.27631914302265387,0.38611192900904023,0.2926829268292683,1
2022,Acinetobacter lwoffii,Ciprofloxacin,0.40620349574775283,0.456059797425304,0.21951219512195122,1
2022,Acinetobacter lwoffii,Colistin,0.3826693988825481,0.18439206146157402,0.13414634146341464,0
2022,Acinetobacter lwoffii,Gentamicin,0.44875937079633793,0.47259575737040205,0.25,0
2022,Acinetobacter nosocomialis,Ampicillin sulbactam,0.47315508165727904,0.4362652188465191,0.27439024390243905,0
2022,Acinetobacter nosocomialis,Colistin,0.43783403611526783,0.17194188791142692,0.13414634146341464,0
2022,Acinetobacter pitii,Colistin,0.47681361698432884,0.17393313639629907,0.13414634146341464,0
2022,Acinetobacter radioresistens,Ampicillin sulbactam,0.3928464314464936,0.45827450549422244,0.27439024390243905,0
2022,Acinetobacter radioresistens,Cefepime,0.6113046055325332,0.5919708872908594,0.2621951219512195,1
2022,Acinetobacter radioresistens,Colistin,0.38130754858064203,0.18826054940549672,0.13414634146341464,0
2022,Acinetobacter radioresistens,Levofloxacin,0.3100372897560562,0.4126340032338866,0.2926829268292683,0
2022,Acinetobacter spp,Colistin,0.4135594549744435,0.18915038855745797,0.13414634146341464,0
2022,Acinetobacter ursingii,Ampicillin sulbactam,0.36124033095212693,0.4729620728693104,0.27439024390243905,0
2022,Acinetobacter ursingii,Ciprofloxacin,0.39173450915909375,0.4992282360198939,0.21951219512195122,0
2022,Acinetobacter ursingii,Colistin,0.35572783490659016,0.1942645569435414,0.13414634146341464,0
2022,Acinetobacter ursingii,Levofloxacin,0.2702720736987932,0.4065781823820608,0.2926829268292683,0
2022,Citrobacter braakii,Amikacin,0.3854360830361975,0.3382876776852211,0.25609756097560976,0
2022,Citrobacter braakii,Cefepime,0.41368749866442295,0.38822341608367383,0.2621951219512195,0
2022,Citrobacter braakii,Ceftazidime avibactam,0.5499158390850645,0.3374678554043945,0.12804878048780488,0
2022,Citrobacter braakii,Ceftolozane tazobactam,0.6493795434457742,0.48565249711017305,0.1524390243902439,1
2022,Citrobacter braakii,Ciprofloxacin,0.30487274658648633,0.3596507090301564,0.21951219512195122,0
2022,Citrobacter braakii,Colistin,0.5030955125183832,0.2481164905623954,0.13414634146341464,0
2022,Citrobacter braakii,Gentamicin,0.2180704943217925,0.23827697269654916,0.25,0
2022,Citrobacter braakii,Imipenem,0.31199521956070525,0.24329722213470242,0.21951219512195122,0
2022,Citrobacter braakii,Levofloxacin,0.17558175547657226,0.2199095940307363,0.2926829268292683,0
2022,Citrobacter braakii,Meropenem,0.24841772963830575,0.21957743860771303,0.2621951219512195,0
2022,Citrobacter braakii,Meropenem vaborbactam,0.6413788031192581,0.357533800652654,0.10975609756097561,0
2022,Citrobacter braakii,Tigecycline,0.3130638534288023,0.15879850944471655,0.1524390243902439,0
2022,Citrobacter braakii,Trimethoprim sulfa,0.2879833043918913,0.3445175791466885,0.2865853658536585,0
2022,Citrobacter freundii,Amikacin,0.39741000951677635,0.33804759842155746,0.25609756097560976,0
2022,Citrobacter freundii,Ampicillin,0.5115690869658905,0.682503746201459,0.3231707317073171,1
2022,Citrobacter freundii,Cefepime,0.4445608907092413,0.4003021305445001,0.2621951219512195,0
2022,Citrobacter freundii,Ciprofloxacin,0.3718555238686479,0.4191248761458866,0.21951219512195122,0
2022,Citrobacter freundii,Colistin,0.5165919266738743,0.2567358301233964,0.13414634146341464,0
2022,Citrobacter freundii,Gentamicin,0.24756288217013098,0.25469409698347506,0.25,0
2022,Citrobacter freundii,Imipenem,0.3144596626852749,0.23451828057575066,0.21951219512195122,0
2022,Citrobacter freundii,Levofloxacin,0.16211347525474692,0.1997893812936456,0.2926829268292683,0
2022,Citrobacter freundii,Meropenem,0.268066532458836,0.2239128682553696,0.2621951219512195,0
2022,Citrobacter freundii,Tigecycline,0.3042149300407981,0.15890808724910072,0.1524390243902439,0
2022,Citrobacter freundii,Trimethoprim sulfa,0.3247928007283139,0.3716530281452345,0.2865853658536585,0
2022,Citrobacter koseri,Amikacin,0.0731506551089024,0.20092796110727804,0.25609756097560976,0
2022,Citrobacter koseri,Amoxycillin clavulanate,0.2667955229611096,0.6480257094076992,0.20121951219512196,0
2022,Citrobacter koseri,Ampicillin sulbactam,0.21355314201040398,0.7626262193503051,0.27439024390243905,0
2022,Citrobacter koseri,Aztreonam,0.2631883588496425,0.6766817812580443,0.17682926829268292,0
2022,Citrobacter koseri,Cefepime,0.07853610624946028,0.25135766020660383,0.2621951219512195,0
2022,Citrobacter koseri,Ceftaroline,0.2684188867941713,0.8297447022757486,0.23170731707317074,0
2022,Citrobacter koseri,Ceftazidime,0.13549735359768544,0.5441434093065826,0.31097560975609756,0
2022,Citrobacter koseri,Ceftazidime avibactam,0.19749844609074704,0.3930408164607526,0.12804878048780488,0
2022,Citrobacter koseri,Ceftolozane tazobactam,0.27944617543408823,0.6498059163872929,0.1524390243902439,0
2022,Citrobacter koseri,Ciprofloxacin,0.088161845516182,0.3470388391345515,0.21951219512195122,0
2022,Citrobacter koseri,Colistin,0.20415730469233745,0.2868045649072584,0.13414634146341464,0
2022,Citrobacter koseri,Gentamicin,0.04170302545758429,0.1730556797738665,0.25,0
2022,Citrobacter koseri,Imipenem,0.06424434321147178,0.1427323956288033,0.21951219512195122,0
2022,Citrobacter koseri,Levofloxacin,0.05256177725622468,0.17570758346639906,0.2926829268292683,0
2022,Citrobacter koseri,Meropenem,0.023847031056350106,0.07645523276328904,0.2621951219512195,0
2022,Citrobacter koseri,Meropenem vaborbactam,0.27769549051661846,0.5051617052086826,0.10975609756097561,0
2022,Citrobacter koseri,Piperacillin tazobactam,0.13533813671888537,0.5408049935302308,0.32926829268292684,0
2022,Citrobacter koseri,Tigecycline,0.11629954582824305,0.155380270052193,0.1524390243902439,0
2022,Citrobacter koseri,Trimethoprim sulfa,0.07777607314515962,0.29838892457178845,0.2865853658536585,0
2022,Citrobacter spp,Amikacin,0.42296801424848773,0.3531238315844811,0.25609756097560976,0
2022,Citrobacter spp,Cefepime,0.4751831073187507,0.41751099136254616,0.2621951219512195,0
2022,Citrobacter spp,Colistin,0.576730135752485,0.267418417700838,0.13414634146341464,0
2022,Citrobacter spp,Gentamicin,0.2727432754835349,0.27192643768093056,0.25,0
2022,Citrobacter spp,Imipenem,0.34770571527346955,0.2531136136143223,0.21951219512195122,0
2022,Citrobacter spp,Levofloxacin,0.18823093349735368,0.21987468192641335,0.2926829268292683,0
2022,Citrobacter spp,Meropenem,0.28219803153290673,0.23405741677431952,0.2621951219512195,0
2022,Citrobacter spp,Tigecycline,0.3595253741031459,0.17677776963851988,0.1524390243902439,0
2022,Citrobacter spp,Trimethoprim sulfa,0.35668579877223927,0.3953869805045389,0.2865853658536585,0
2022,Clostridioides difficile,Meropenem,0.15556688129805046,0.2137125260030753,0.2621951219512195,0
2022,Clostridioides difficile,Piperacillin tazobactam,0.03514716025929117,0.0641389090596203,0.32926829268292684,0
2022,Clostridioides difficile,Tigecycline,0.17965418326756272,0.11713035092819925,0.1524390243902439,0
2022,Clostridium perfringens,Meropenem,0.11342294596244742,0.15722691860796922,0.2621951219512195,0
2022,Clostridium perfringens,Metronidazole,0.6620257682234403,0.2482615983302938,0.11585365853658537,0
2022,Clostridium perfringens,Piperacillin tazobactam,0.03946001118612575,0.09624309402642335,0.32926829268292684,0
2022,Enterobacter bugandensis,Amikacin,0.3702620083583709,0.3414987610943255,0.25609756097560976,0
2022,Enterobacter bugandensis,Cefepime,0.38507235542703433,0.3704962591751188,0.2621951219512195,0
2022,Enterobacter bugandensis,Ceftazidime avibactam,0.598267350811178,0.3708755183724335,0.12804878048780488,0
2022,Enterobacter bugandensis,Ciprofloxacin,0.3237089897224163,0.39196286975607814,0.21951219512195122,0
2022,Enterobacter bugandensis,Gentamicin,0.21576348150451435,0.24174109969466315,0.25,0
2022,Enterobacter bugandensis,Imipenem,0.3255682988620762,0.2668690790347599,0.21951219512195122,0
2022,Enterobacter bugandensis,Levofloxacin,0.16395327360337014,0.2112682520820902,0.2926829268292683,0
2022,Enterobacter bugandensis,Meropenem,0.23581112595589981,0.21601753845225488,0.2621951219512195,0
2022,Enterobacter bugandensis,Meropenem vaborbactam,0.6712363092269956,0.374017561767521,0.10975609756097561,0
2022,Enterobacter bugandensis,Tigecycline,0.3657707493784415,0.19777214952036154,0.1524390243902439,0
2022,Enterobacter bugandensis,Trimethoprim sulfa,0.29819916994685886,0.3668275533512527,0.2865853658536585,0
2022,Enterobacter cloacae,Amikacin,0.43008070002477994,0.3312777282615428,0.25609756097560976,0
2022,Enterobacter cloacae,Ampicillin,0.5727582453861066,0.6815750580506803,0.3231707317073171,0
2022,Enterobacter cloacae,Cefepime,0.47570230137967195,0.38788769054467076,0.2621951219512195,0
2022,Enterobacter cloacae,Ciprofloxacin,0.38545092911664625,0.3927909939926683,0.21951219512195122,0
2022,Enterobacter cloacae,Colistin,0.5208075261190485,0.23516537483829858,0.13414634146341464,1
2022,Enterobacter cloacae,Gentamicin,0.2610125586377104,0.24293093340164104,0.25,0
2022,Enterobacter cloacae,Imipenem,0.32345757701454936,0.22027934880764383,0.21951219512195122,0
2022,Enterobacter cloacae,Levofloxacin,0.21548238367481512,0.2323037129857275,0.2926829268292683,0
2022,Enterobacter cloacae,Meropenem,0.2759383653038482,0.21058664154994614,0.2621951219512195,0
2022,Enterobacter cloacae,Tigecycline,0.3282846594641302,0.15462340711110154,0.1524390243902439,0
2022,Enterobacter cloacae,Trimethoprim sulfa,0.34293551289998053,0.3532337416499316,0.2865853658536585,0
2022,Enterobacter hormaechi,Amikacin,0.4648579966397567,0.39435857289711806,0.25609756097560976,0
2022,Enterobacter hormaechi,Ampicillin,0.4742932198343611,0.6286309765665044,0.3231707317073171,0
2022,Enterobacter hormaechi,Colistin,0.5218972249902564,0.2569297197597338,0.13414634146341464,0
2022,Enterobacter hormaechi,Gentamicin,0.31468271427722677,0.31196926602919955,0.25,0
2022,Enterobacter hormaechi,Imipenem,0.3847650533273694,0.2859351324685736,0.21951219512195122,0
2022,Enterobacter hormaechi,Levofloxacin,0.1893844504882191,0.2319149431880345,0.2926829268292683,0
2022,Enterobacter hormaechi,Meropenem,0.3353409014121525,0.27944663888419863,0.2621951219512195,0
2022,Enterobacter hormaechi,Tigecycline,0.3243829281612125,0.16979923863558466,0.1524390243902439,0
2022,Enterobacter hormaechi,Trimethoprim sulfa,0.38448512247208694,0.4309293119010814,0.2865853658536585,0
2022,Enterobacter kobei,Amikacin,0.33049365268137426,0.30945275516170284,0.25609756097560976,0
2022,Enterobacter kobei,Cefepime,0.3615830342633861,0.363523738068745,0.2621951219512195,0
2022,Enterobacter kobei,Ceftazidime avibactam,0.5858340033717936,0.3781504502427708,0.12804878048780488,0
2022,Enterobacter kobei,Ciprofloxacin,0.2910681341053407,0.3658887617673343,0.21951219512195122,0
2022,Enterobacter kobei,Colistin,0.5155601223755325,0.26733526794899143,0.13414634146341464,0
2022,Enterobacter kobei,Gentamicin,0.19182778531807435,0.22466790902348704,0.25,0
2022,Enterobacter kobei,Imipenem,0.2687523010121883,0.22087965799537013,0.21951219512195122,0
2022,Enterobacter kobei,Levofloxacin,0.15492540497764049,0.20429250199594534,0.2926829268292683,0
2022,Enterobacter kobei,Meropenem,0.1922010523162645,0.18599613462703998,0.2621951219512195,0
2022,Enterobacter kobei,Meropenem vaborbactam,0.6758111790014489,0.3960152841796778,0.10975609756097561,0
2022,Enterobacter kobei,Piperacillin tazobactam,0.44169938837340644,0.5918604688357609,0.32926829268292684,0
2022,Enterobacter kobei,Tigecycline,0.29961826161225846,0.16023958612433986,0.1524390243902439,0
2022,Enterobacter kobei,Trimethoprim sulfa,0.26940448765024994,0.3408931552066638,0.2865853658536585,0
2022,Enterobacter ludwigii,Amikacin,0.24925823784989765,0.31156140023012147,0.25609756097560976,0
2022,Enterobacter ludwigii,Cefepime,0.2580918882289513,0.35471923357404883,0.2621951219512195,0
2022,Enterobacter ludwigii,Ceftazidime,0.32124263759598914,0.5671384022147933,0.31097560975609756,0
2022,Enterobacter ludwigii,Ceftazidime avibactam,0.4533672691099001,0.3872736346976521,0.12804878048780488,0
2022,Enterobacter ludwigii,Ceftolozane tazobactam,0.5262160123370048,0.533194136177453,0.1524390243902439,0
2022,Enterobacter ludwigii,Ciprofloxacin,0.2147062277282969,0.37099512710424504,0.21951219512195122,0
2022,Enterobacter ludwigii,Colistin,0.431772439000135,0.28357526221095913,0.13414634146341464,0
2022,Enterobacter ludwigii,Gentamicin,0.13116464886736479,0.2137571304067731,0.25,0
2022,Enterobacter ludwigii,Imipenem,0.19279243659946588,0.21091473091062457,0.21951219512195122,0
2022,Enterobacter ludwigii,Levofloxacin,0.11759055371492723,0.20514342639766003,0.2926829268292683,0
2022,Enterobacter ludwigii,Meropenem,0.11386578372090107,0.1532848494039746,0.2621951219512195,0
2022,Enterobacter ludwigii,Meropenem vaborbactam,0.5243302977495904,0.39815498866100263,0.10975609756097561,0
2022,Enterobacter ludwigii,Piperacillin tazobactam,0.32064668529227547,0.572219648177427,0.32926829268292684,0
2022,Enterobacter ludwigii,Tigecycline,0.2699644077053294,0.1891428299928881,0.1524390243902439,0
2022,Enterobacter ludwigii,Trimethoprim sulfa,0.20223355406252186,0.34504349314075117,0.2865853658536585,0
2022,Enterobacter roggenkampii,Amikacin,0.3830625293805234,0.3357162683178619,0.25609756097560976,0
2022,Enterobacter roggenkampii,Cefepime,0.4033697836978964,0.3698324968810069,0.2621951219512195,0
2022,Enterobacter roggenkampii,Ceftazidime avibactam,0.6569529508013976,0.3921082988200261,0.12804878048780488,0
2022,Enterobacter roggenkampii,Ciprofloxacin,0.34953963607049815,0.40388070549487576,0.21951219512195122,0
2022,Enterobacter roggenkampii,Gentamicin,0.22717500429393972,0.2420058289074759,0.25,0
2022,Enterobacter roggenkampii,Imipenem,0.3313442754277158,0.25640073408657277,0.21951219512195122,0
2022,Enterobacter roggenkampii,Levofloxacin,0.16982526639893827,0.20818817172888246,0.2926829268292683,0
2022,Enterobacter roggenkampii,Meropenem,0.2405740175019866,0.2083859895719351,0.2621951219512195,0
2022,Enterobacter roggenkampii,Tigecycline,0.37926864071083993,0.1957229336671552,0.1524390243902439,0
2022,Enterobacter roggenkampii,Trimethoprim sulfa,0.31592723557128644,0.3699176093637655,0.2865853658536585,0
2022,Enterobacter spp,Amikacin,0.36858915192230896,0.33030716259776166,0.25609756097560976,0
2022,Enterobacter spp,Cefepime,0.4149877622065624,0.3938688682787318,0.2621951219512195,0
2022,Enterobacter spp,Ciprofloxacin,0.35615277268127576,0.42480675198186685,0.21951219512195122,0
2022,Enterobacter spp,Colistin,0.5343075691933505,0.267548933940752,0.13414634146341464,0
2022,Enterobacter spp,Gentamicin,0.2201956957046557,0.24048007270136934,0.25,0
2022,Enterobacter spp,Imipenem,0.2913407650062452,0.22562968371214318,0.21951219512195122,0
2022,Enterobacter spp,Levofloxacin,0.1675474330424919,0.2084352668359661,0.2926829268292683,0
2022,Enterobacter spp,Meropenem,0.23584157096413746,0.2077193223910964,0.2621951219512195,0
2022,Enterobacter spp,Tigecycline,0.33518687383567747,0.17711366831907221,0.1524390243902439,0
2022,Enterobacter spp,Trimethoprim sulfa,0.30233947734669014,0.36573703048528705,0.2865853658536585,0
2022,Enterococcus faecalis,Ampicillin,0.2581739895133363,0.5400785314518216,0.3231707317073171,0
2022,Enterococcus faecalis,Tigecycline,0.04886658404335831,0.03261074690595328,0.1524390243902439,0
2022,Enterococcus faecium,Tigecycline,0.12555621899106442,0.05051031510113969,0.1524390243902439,0
2022,Escherichia coli,Amikacin,0.5420865058734531,0.36082068686134494,0.25609756097560976,0
2022,Escherichia coli,Amoxycillin clavulanate,0.6494889495532187,0.40296343798673573,0.20121951219512196,0
2022,Escherichia coli,Ceftazidime,0.6026681322415939,0.5446718029211056,0.31097560975609756,1
2022,Escherichia coli,Ceftazidime avibactam,0.6524378019617997,0.2973704514995471,0.12804878048780488,0
2022,Escherichia coli,Ceftolozane tazobactam,0.695755715493591,0.39002034021240745,0.1524390243902439,0
2022,Escherichia coli,Colistin,0.5870338881754703,0.21599163912469505,0.13414634146341464,0
2022,Escherichia coli,Imipenem,0.48398367808220294,0.28550940506789846,0.21951219512195122,0
2022,Escherichia coli,Meropenem,0.3672273898640325,0.2542990291716911,0.2621951219512195,0
2022,Escherichia coli,Piperacillin tazobactam,0.5664750530499116,0.5301705959266627,0.32926829268292684,0
2022,Escherichia coli,Tigecycline,0.37282323054237104,0.1419062764337904,0.1524390243902439,0
2022,Escherichia spp,Amikacin,0.45028461006410664,0.36788196378869487,0.25609756097560976,0
2022,Escherichia spp,Amoxycillin clavulanate,0.5956341592652454,0.45386241070249395,0.20121951219512196,0
2022,Escherichia spp,Ampicillin sulbactam,0.6026559754823356,0.6416712427121934,0.27439024390243905,0
2022,Escherichia spp,Colistin,0.5428981787156676,0.24551546960292592,0.13414634146341464,0
2022,Escherichia spp,Gentamicin,0.3552759825002172,0.3296274965038627,0.25,1
2022,Escherichia spp,Imipenem,0.4162535514098106,0.29260517795788843,0.21951219512195122,0
2022,Escherichia spp,Meropenem,0.3197116172586514,0.2633395791550192,0.2621951219512195,0
2022,Escherichia spp,Piperacillin tazobactam,0.48566428032167963,0.5544217884672021,0.32926829268292684,0
2022,Escherichia spp,Tigecycline,0.3495757474129073,0.166282206357279,0.1524390243902439,0
2022,Finegoldia magna,Meropenem,0.15556688129805046,0.2137125260030753,0.2621951219512195,0
2022,Finegoldia magna,Piperacillin tazobactam,0.03514716025929117,0.0641389090596203,0.32926829268292684,0
2022,Finegoldia magna,Tigecycline,0.17965418326756272,0.11713035092819925,0.1524390243902439,0
2022,Haemophilus influenzae,Amoxycillin clavulanate,0.16744806760536518,0.416613496403056,0.20121951219512196,0
2022,Haemophilus influenzae,Azithromycin,0.08761169282014325,0.012562149005588667,0.018292682926829267,0
2022,Haemophilus influenzae,Ceftaroline,0.142982737659628,0.46647191333133137,0.23170731707317074,0
2022,Haemophilus influenzae,Ceftazidime,0.1052975408538077,0.4611934145109089,0.31097560975609756,0
2022,Haemophilus influenzae,Ceftriaxone,0.14927729413265206,0.513262409293919,0.2682926829268293,0
2022,Haemophilus influenzae,Levofloxacin,0.09712887809747595,0.3617994133084275,0.2926829268292683,0
2022,Haemophilus influenzae,Meropenem,0.05057306057816237,0.18613165742052365,0.2621951219512195,0
2022,Haemophilus influenzae,Piperacillin tazobactam,0.1282972253639998,0.5435400854167223,0.32926829268292684,0
2022,Haemophilus influenzae,Tigecycline,0.09507443302821209,0.15136972384726335,0.1524390243902439,0
2022,Klebsiella aerogenes,Amikacin,0.43116212642220114,0.3236433914842823,0.25609756097560976,0
2022,Klebsiella aerogenes,Cefepime,0.46270278729423836,0.37030818381284575,0.2621951219512195,0
2022,Klebsiella aerogenes,Ceftazidime avibactam,0.6397992592255404,0.3327110616367745,0.12804878048780488,0
2022,Klebsiella aerogenes,Ciprofloxacin,0.3423038950824076,0.3425670361954356,0.21951219512195122,0
2022,Klebsiella aerogenes,Colistin,0.5456596407139799,0.23212344191647805,0.13414634146341464,0
2022,Klebsiella aerogenes,Gentamicin,0.24114428467398447,0.2231784999611167,0.25,0
2022,Klebsiella aerogenes,Imipenem,0.3286270495842334,0.2198479819889949,0.21951219512195122,0
2022,Klebsiella aerogenes,Levofloxacin,0.23410130674720359,0.24509417788494628,0.2926829268292683,0
2022,Klebsiella aerogenes,Meropenem,0.2658465776512035,0.20240924938803612,0.2621951219512195,0
2022,Klebsiella aerogenes,Meropenem vaborbactam,0.7327162148043039,0.34509400342582347,0.10975609756097561,0
2022,Klebsiella aerogenes,Tigecycline,0.34843414303739806,0.15162436966267867,0.1524390243902439,0
2022,Klebsiella aerogenes,Trimethoprim sulfa,0.3233940357408867,0.32696062894293093,0.2865853658536585,0
2022,Klebsiella oxytoca,Amikacin,0.29966911309752486,0.3099908241294941,0.25609756097560976,0
2022,Klebsiella oxytoca,Amoxycillin clavulanate,0.5116094412022549,0.48426445644880006,0.20121951219512196,0
2022,Klebsiella oxytoca,Cefepime,0.3226236117935004,0.3625388748470436,0.2621951219512195,0
2022,Klebsiella oxytoca,Cefixime,0.5193847904392555,0.4422329248282208,0.14634146341463414,0
2022,Klebsiella oxytoca,Ceftazidime,0.3775450956336084,0.5478711241687555,0.31097560975609756,0
2022,Klebsiella oxytoca,Ceftazidime avibactam,0.4614381533758698,0.3265835926350401,0.12804878048780488,1
2022,Klebsiella oxytoca,Ceftibuten,0.5665678849763122,0.3649478377312557,0.10975609756097561,0
2022,Klebsiella oxytoca,Ciprofloxacin,0.23503024410795476,0.32987316728763566,0.21951219512195122,0
2022,Klebsiella oxytoca,Colistin,0.3873036258490683,0.21810359027101497,0.13414634146341464,0
2022,Klebsiella oxytoca,Gentamicin,0.17238066956395276,0.22709144299276277,0.25,0
2022,Klebsiella oxytoca,Imipenem,0.24206520515568666,0.2226612823883144,0.21951219512195122,0
2022,Klebsiella oxytoca,Levofloxacin,0.17927015350143827,0.25163600199488306,0.2926829268292683,0
2022,Klebsiella oxytoca,Meropenem,0.19580234429526353,0.20971072826721826,0.2621951219512195,0
2022,Klebsiella oxytoca,Meropenem vaborbactam,0.5137156479826489,0.32907991421230665,0.10975609756097561,0
2022,Klebsiella oxytoca,Tigecycline,0.2479313746209418,0.14235034541229563,0.1524390243902439,0
2022,Klebsiella oxytoca,Trimethoprim sulfa,0.23933141862062718,0.3341460342842944,0.2865853658536585,0
2022,Klebsiella pneumoniae,Amoxycillin clavulanate,0.7869360575564179,0.4146439610369546,0.20121951219512196,0
2022,Klebsiella pneumoniae,Ampicillin,0.6215015845312389,0.5500421312215409,0.3231707317073171,0
2022,Klebsiella pneumoniae,Colistin,0.6714212242226819,0.2180498029347045,0.13414634146341464,0
2022,Klebsiella pneumoniae,Imipenem,0.6644355363931526,0.33957289843820154,0.21951219512195122,0
2022,Klebsiella pneumoniae,Levofloxacin,0.3737105709871966,0.2990129046546695,0.2926829268292683,0
2022,Klebsiella pneumoniae,Meropenem,0.5712567982363013,0.3326255427273098,0.2621951219512195,1
2022,Klebsiella pneumoniae,Tigecycline,0.42316626895453036,0.1457635047435951,0.1524390243902439,0
2022,Klebsiella spp,Amoxycillin clavulanate,0.7242938613651795,0.4015022395413404,0.20121951219512196,0
2022,Klebsiella spp,Colistin,0.6935788742581237,0.23152025361185194,0.13414634146341464,0
2022,Klebsiella spp,Imipenem,0.6650762363176826,0.35087691338504656,0.21951219512195122,0
2022,Klebsiella spp,Levofloxacin,0.3363976853962395,0.283151197456054,0.2926829268292683,0
2022,Klebsiella spp,Tigecycline,0.431152618143989,0.15299714099677356,0.1524390243902439,0
2022,Klebsiella variicola,Amikacin,0.5407280827738575,0.3736744828810565,0.25609756097560976,0
2022,Klebsiella variicola,Amoxycillin clavulanate,0.724815310872708,0.45760168040671007,0.20121951219512196,0
2022,Klebsiella variicola,Ceftazidime,0.6308673301782486,0.5845881265195307,0.31097560975609756,1
2022,Klebsiella variicola,Colistin,0.6047769645174824,0.23114904581707454,0.13414634146341464,0
2022,Klebsiella variicola,Gentamicin,0.3784995337733586,0.3054642536526011,0.25,0
2022,Klebsiella variicola,Imipenem,0.45826333391088836,0.27894028782185143,0.21951219512195122,0
2022,Klebsiella variicola,Levofloxacin,0.29228348417295674,0.2784705596216722,0.2926829268292683,0
2022,Klebsiella variicola,Meropenem,0.3684225891602434,0.25937816450226175,0.2621951219512195,0
2022,Klebsiella variicola,Tigecycline,0.3952742403063563,0.16029177266417652,0.1524390243902439,0
2022,Morganella morganii,Amikacin,0.3578793087881805,0.4342019150556856,0.25609756097560976,0
2022,Morganella morganii,Ampicillin sulbactam,0.318433847711903,0.4825993900738071,0.27439024390243905,0
2022,Morganella morganii,Aztreonam,0.29155077249475586,0.3046958664924551,0.17682926829268292,0
2022,Morganella morganii,Cefepime,0.30425910124790895,0.3752013378937839,0.2621951219512195,0
2022,Morganella morganii,Ceftaroline,0.4121054557182432,0.5257172030144677,0.23170731707317074,0
2022,Morganella morganii,Ceftazidime,0.2982633359431894,0.47004404621509255,0.31097560975609756,0
2022,Morganella morganii,Ceftazidime avibactam,0.3288590644326544,0.262856960561479,0.12804878048780488,0
2022,Morganella morganii,Ceftibuten,0.36687082194320697,0.25389397490829885,0.10975609756097561,0
2022,Morganella morganii,Ceftolozane tazobactam,0.3386394857873966,0.32661576586361263,0.1524390243902439,0
2022,Morganella morganii,Gentamicin,0.235247622463047,0.3274750286212164,0.25,0
2022,Morganella morganii,Levofloxacin,0.16802399547972857,0.2772587016923196,0.2926829268292683,0
2022,Morganella morganii,Meropenem,0.20593731152233696,0.26079705036367373,0.2621951219512195,0
2022,Morganella morganii,Meropenem vaborbactam,0.34882503947787386,0.25291341519791555,0.10975609756097561,0
2022,Morganella morganii,Piperacillin tazobactam,0.27432079118661684,0.44758323506118297,0.32926829268292684,0
2022,Proteus mirabilis,Amoxycillin clavulanate,0.4422978774561724,0.34202323523905864,0.20121951219512196,0
2022,Proteus mirabilis,Ampicillin,0.36376057798703076,0.4598546147959527,0.3231707317073171,0
2022,Proteus mirabilis,Ampicillin sulbactam,0.4110528482038714,0.45325161583744283,0.27439024390243905,0
2022,Proteus mirabilis,Aztreonam,0.35453354627700223,0.26719799656739396,0.17682926829268292,0
2022,Proteus mirabilis,Cefepime,0.49240839300992356,0.43401738922635935,0.2621951219512195,0
2022,Proteus mirabilis,Ceftazidime,0.44654912498992955,0.4977457007471809,0.31097560975609756,0
2022,Proteus mirabilis,Ceftazidime avibactam,0.4010984600533963,0.2293038203034497,0.12804878048780488,0
2022,Proteus mirabilis,Ceftibuten,0.3818156436998488,0.19673263992213136,0.10975609756097561,0
2022,Proteus mirabilis,Ceftolozane tazobactam,0.3753670808559205,0.26373880225090746,0.1524390243902439,0
2022,Proteus mirabilis,Meropenem,0.3760030226942399,0.3379392582393648,0.2621951219512195,0
2022,Proteus mirabilis,Meropenem vaborbactam,0.40224580524602316,0.20798773270522264,0.10975609756097561,0
2022,Proteus mirabilis,Piperacillin tazobactam,0.4032039602321143,0.4695880143814344,0.32926829268292684,0
2022,Proteus spp,Amikacin,0.2628032911931812,0.4028066915744873,0.25609756097560976,0
2022,Proteus spp,Amoxycillin clavulanate,0.3103960183029869,0.3978131823891862,0.20121951219512196,0
2022,Proteus spp,Ampicillin sulbactam,0.24969887391816697,0.46014994199871145,0.27439024390243905,0
2022,Proteus spp,Aztreonam,0.2373438214855402,0.2940167001949167,0.17682926829268292,0
2022,Proteus spp,Cefepime,0.21729687139557272,0.3375907588313153,0.2621951219512195,0
2022,Proteus spp,Cefixime,0.30750861833480647,0.3439047983746533,0.14634146341463414,0
2022,Proteus spp,Ceftazidime,0.21311567822949162,0.4204984957363327,0.31097560975609756,0
2022,Proteus spp,Ceftazidime avibactam,0.25752549385408147,0.24784804714318287,0.12804878048780488,0
2022,Proteus spp,Ceftibuten,0.2542881210600135,0.21174467932743488,0.10975609756097561,0
2022,Proteus spp,Ceftolozane tazobactam,0.2632245748471374,0.30469221113393996,0.1524390243902439,0
2022,Proteus spp,Ciprofloxacin,0.2030362151299665,0.3858046595082056,0.21951219512195122,0
2022,Proteus spp,Gentamicin,0.17948397395256338,0.31474048882960176,0.25,0
2022,Proteus spp,Levofloxacin,0.1331421999738771,0.26816371070062245,0.2926829268292683,0
2022,Proteus spp,Meropenem,0.1642821752339747,0.26000842370430166,0.2621951219512195,0
2022,Proteus spp,Meropenem vaborbactam,0.26007959538008313,0.22685345803436108,0.10975609756097561,0
2022,Proteus spp,Piperacillin tazobactam,0.2016395547859697,0.40858449470984065,0.32926829268292684,0
2022,Proteus vulgaris,Amikacin,0.3132244388602009,0.4495015893155553,0.25609756097560976,0
2022,Proteus vulgaris,Amoxycillin clavulanate,0.31855411742447404,0.37122536874445194,0.20121951219512196,0
2022,Proteus vulgaris,Ampicillin sulbactam,0.24979572757490953,0.43120374821003915,0.27439024390243905,0
2022,Proteus vulgaris,Aztreonam,0.23009894025684322,0.258959173441706,0.17682926829268292,0
2022,Proteus vulgaris,Cefepime,0.26160939097006125,0.3825044768843623,0.2621951219512195,0
2022,Proteus vulgaris,Cefixime,0.2448999500409607,0.2530145220225368,0.14634146341463414,0
2022,Proteus vulgaris,Cefpodoxime,0.2699302462682626,0.291205794735572,0.15853658536585366,0
2022,Proteus vulgaris,Ceftazidime,0.24090062469391582,0.4425720165592463,0.31097560975609756,0
2022,Proteus vulgaris,Ceftazidime avibactam,0.2416232975986289,0.21461584425171287,0.12804878048780488,0
2022,Proteus vulgaris,Ceftibuten,0.19812263024090737,0.14708900866610622,0.10975609756097561,0
2022,Proteus vulgaris,Ceftolozane tazobactam,0.22875861353152355,0.24198427164916633,0.1524390243902439,0
2022,Proteus vulgaris,Ciprofloxacin,0.20533474512168431,0.3700744326467192,0.21951219512195122,0
2022,Proteus vulgaris,Gentamicin,0.19616671979897657,0.329190775624635,0.25,0
2022,Proteus vulgaris,Levofloxacin,0.15199732929014725,0.29323193992286184,0.2926829268292683,0
2022,Proteus vulgaris,Meropenem,0.19362999446945872,0.29376702339884997,0.2621951219512195,0
2022,Proteus vulgaris,Meropenem vaborbactam,0.22903667335811825,0.17814951160051146,0.10975609756097561,0
2022,Proteus vulgaris,Piperacillin tazobactam,0.23467543908585056,0.44095925903312283,0.32926829268292684,0
2022,Providencia rettgeri,Ampicillin,0.4539081396828328,0.5521438883072693,0.3231707317073171,0
2022,Providencia rettgeri,Aztreonam,0.5820340363704014,0.42972791111225583,0.17682926829268292,0
2022,Providencia rettgeri,Cefepime,0.509539072238724,0.43483893312284766,0.2621951219512195,0
2022,Providencia rettgeri,Ceftaroline,0.6500391502247362,0.5947184837490321,0.23170731707317074,1
2022,Providencia rettgeri,Ceftazidime,0.5215617803358203,0.5616204725743069,0.31097560975609756,0
2022,Providencia rettgeri,Gentamicin,0.3836393307396883,0.35755190019016925,0.25,0
2022,Providencia rettgeri,Levofloxacin,0.21605748815904477,0.2541797905189045,0.2926829268292683,0
2022,Providencia rettgeri,Meropenem,0.35527364487191027,0.3026730646492867,0.2621951219512195,0
2022,Providencia rettgeri,Piperacillin tazobactam,0.4787299852255967,0.5341590553508421,0.32926829268292684,0
2022,Providencia spp,Ampicillin,0.45426834890980683,0.5134566469264016,0.3231707317073171,0
2022,Providencia spp,Aztreonam,0.5792496472026383,0.38368569516975354,0.17682926829268292,0
2022,Providencia spp,Cefepime,0.5377142539955175,0.41596468314923596,0.2621951219512195,0
2022,Providencia spp,Ceftazidime,0.5440419516977171,0.5326059659127164,0.31097560975609756,0
2022,Providencia spp,Ceftibuten,0.6088003862610418,0.27494665038090205,0.10975609756097561,0
2022,Providencia spp,Levofloxacin,0.2298553457046038,0.24971728040639185,0.2926829268292683,1
2022,Providencia spp,Piperacillin tazobactam,0.5098431874685888,0.5158205790593777,0.32926829268292684,0
2022,Providencia spp,Trimethoprim sulfa,0.4921780094724407,0.4656034546869246,0.2865853658536585,0
2022,Providencia stuartii,Ampicillin,0.44054158677458266,0.5330730057965813,0.3231707317073171,0
2022,Providencia stuartii,Ampicillin sulbactam,0.5065243228091123,0.5298133762321325,0.27439024390243905,0
2022,Providencia stuartii,Aztreonam,0.5197543836402826,0.3810076590109848,0.17682926829268292,0
2022,Providencia stuartii,Cefepime,0.47022890303173875,0.3935705677189854,0.2621951219512195,0
2022,Providencia stuartii,Ceftazidime,0.46661538754690324,0.4984575672034148,0.31097560975609756,0
2022,Providencia stuartii,Ceftibuten,0.5669562184256453,0.2818618964973274,0.10975609756097561,0
2022,Providencia stuartii,Imipenem,0.4761200440523737,0.34275830946185865,0.21951219512195122,0
2022,Providencia stuartii,Meropenem,0.3043463631608905,0.2537391446025547,0.2621951219512195,0
2022,Providencia stuartii,Piperacillin tazobactam,0.4227971152897558,0.4720010500847593,0.32926829268292684,0
2022,Pseudomonas aeruginosa,Colistin,0.3736360132923051,0.1879288294110534,0.13414634146341464,0
2022,Serratia marcescens,Amikacin,0.3287533967544561,0.31376875020575046,0.25609756097560976,0
2022,Serratia marcescens,Aztreonam,0.5834279075270493,0.49407434742547557,0.17682926829268292,0
2022,Serratia marcescens,Cefepime,0.3000962990263498,0.30679577048088696,0.2621951219512195,0
2022,Serratia marcescens,Ceftazidime,0.375327915226069,0.4933438053638748,0.31097560975609756,0
2022,Serratia marcescens,Ceftazidime avibactam,0.5231927815317703,0.33811871675615024,0.12804878048780488,0
2022,Serratia marcescens,Ceftibuten,0.6776145212706347,0.39017414659960153,0.10975609756097561,0
2022,Serratia marcescens,Ciprofloxacin,0.2653912767850749,0.34088880755267353,0.21951219512195122,0
2022,Serratia marcescens,Gentamicin,0.17405209443661568,0.21255017957881295,0.25,0
2022,Serratia marcescens,Imipenem,0.2614565053430111,0.22634961986535226,0.21951219512195122,0
2022,Serratia marcescens,Levofloxacin,0.18148988045673414,0.23282819644973327,0.2926829268292683,0
2022,Serratia marcescens,Meropenem,0.14186992526732695,0.14846703803061603,0.2621951219512195,0
2022,Serratia marcescens,Piperacillin tazobactam,0.3933170839853776,0.5201518892688665,0.32926829268292684,0
2022,Serratia marcescens,Tigecycline,0.3787120502156593,0.2062383776564382,0.1524390243902439,1
2022,Serratia marcescens,Trimethoprim sulfa,0.26537718586946485,0.33434084465363173,0.2865853658536585,0
2022,Serratia spp,Amikacin,0.21733609322845548,0.32229814962979336,0.25609756097560976,0
2022,Serratia spp,Aztreonam,0.42003822932711443,0.5184621349741737,0.17682926829268292,0
2022,Serratia spp,Cefepime,0.1882817011773062,0.29655212558818533,0.2621951219512195,0
2022,Serratia spp,Ceftazidime,0.24720507155447374,0.49836749820368836,0.31097560975609756,0
2022,Serratia spp,Ceftazidime avibactam,0.40395192940449876,0.3832238624166809,0.12804878048780488,0
2022,Serratia spp,Ceftibuten,0.4999137738533359,0.41323059426728415,0.10975609756097561,0
2022,Serratia spp,Ciprofloxacin,0.1944803764611328,0.38092409937590593,0.21951219512195122,0
2022,Serratia spp,Gentamicin,0.11544426441208788,0.21904377457365798,0.25,0
2022,Serratia spp,Imipenem,0.19746576701914512,0.2581608831239527,0.21951219512195122,0
2022,Serratia spp,Levofloxacin,0.0945492612020412,0.19109403233220815,0.2926829268292683,0
2022,Serratia spp,Meropenem,0.08956953509000785,0.14762377188045162,0.2621951219512195,0
2022,Serratia spp,Meropenem vaborbactam,0.46795401465494035,0.3997086741439318,0.10975609756097561,0
2022,Serratia spp,Piperacillin tazobactam,0.24915968085222254,0.5043600776403694,0.32926829268292684,0
2022,Serratia spp,Tigecycline,0.3120427157738065,0.25504774397825114,0.1524390243902439,0
2022,Serratia spp,Trimethoprim sulfa,0.18572093383140748,0.3588669514336028,0.2865853658536585,0
2022,Staphylococcus aureus,Ceftaroline,0.02369394034152695,0.03168413452391834,0.23170731707317074,0
2022,Staphylococcus aureus,Daptomycin,0.2235339193638517,0.019837035863882527,0.018292682926829267,0
2022,Staphylococcus aureus,Linezolid,0.4955893840167073,0.21936883286233405,0.06707317073170732,0
2022,Staphylococcus aureus,Teicoplanin,0.3156517982906441,0.04815042992706184,0.024390243902439025,0
2022,Staphylococcus aureus,Tigecycline,0.1391573902412396,0.05096880965908928,0.1524390243902439,0
2022,Staphylococcus aureus,Trimethoprim sulfa,0.2394019479262433,0.32513283231952256,0.2865853658536585,0
2022,Staphylococcus aureus,Vancomycin,0.1933240372914632,0.0429882275412894,0.06097560975609756,0
2022,Staphylococcus epidermidis,Daptomycin,0.3550935566142531,0.04653299098552606,0.018292682926829267,0
2022,Staphylococcus epidermidis,Teicoplanin,0.469266072318076,0.08268683955630181,0.024390243902439025,0
2022,Staphylococcus epidermidis,Tigecycline,0.17042100161270443,0.06097266172196014,0.1524390243902439,0
2022,Staphylococcus epidermidis,Vancomycin,0.2678593995510615,0.07859607381064784,0.06097560975609756,0
2022,Staphylococcus haemolyticus,Daptomycin,0.5359880578335551,0.11590737990545888,0.018292682926829267,0
2022,Staphylococcus haemolyticus,Tigecycline,0.17042100161270443,0.05593328666174973,0.1524390243902439,0
2022,Staphylococcus haemolyticus,Vancomycin,0.3619001183039845,0.14560148387200136,0.06097560975609756,0
2022,Staphylococcus spp,Daptomycin,0.3550935566142531,0.053100422141287365,0.018292682926829267,0
2022,Staphylococcus spp,Teicoplanin,0.439852221256718,0.08476564615853809,0.024390243902439025,1
2022,Staphylococcus spp,Tigecycline,0.17042100161270443,0.06934727234654232,0.1524390243902439,0
2022,Staphylococcus spp,Vancomycin,0.2678593995510615,0.0891705024750971,0.06097560975609756,0
2022,Streptococcus agalactiae,Ceftaroline,0.017069810882527722,0.047946450119424826,0.23170731707317074,0
2022,Streptococcus agalactiae,Ceftriaxone,0.04455906290579136,0.10824706642469833,0.2682926829268293,0
2022,Streptococcus agalactiae,Levofloxacin,0.14735565891226624,0.3624975365842995,0.2926829268292683,1
2022,Streptococcus agalactiae,Linezolid,0.20430851490835475,0.11992418442214335,0.06707317073170732,0
2022,Streptococcus agalactiae,Meropenem,0.0898866425724259,0.1505957054343051,0.2621951219512195,0
2022,Streptococcus agalactiae,Penicillin,0.3656103711733946,0.298134912633336,0.18902439024390244,0
2022,Streptococcus agalactiae,Tigecycline,0.12320513466615021,0.06886539611981526,0.1524390243902439,0
2022,Streptococcus agalactiae,Vancomycin,0.1899944248498722,0.0862435158739825,0.06097560975609756,0
2022,Streptococcus dysgalactiae,Ceftaroline,0.0,0.0,0.23170731707317074,0
2022,Streptococcus dysgalactiae,Ceftriaxone,0.0,0.0,0.2682926829268293,0
2022,Streptococcus dysgalactiae,Levofloxacin,0.07504783301716403,0.2832943156822666,0.2926829268292683,0
2022,Streptococcus dysgalactiae,Linezolid,0.16451386049008926,0.17371153342905035,0.06707317073170732,0
2022,Streptococcus dysgalactiae,Meropenem,0.05997490175334607,0.09424000452651905,0.2621951219512195,0
2022,Streptococcus dysgalactiae,Penicillin,0.28095419541346073,0.2679267835545905,0.18902439024390244,0
2022,Streptococcus dysgalactiae,Tigecycline,0.09913540524281814,0.06386635452545814,0.1524390243902439,0
2022,Streptococcus dysgalactiae,Vancomycin,0.035825035715399245,0.03994935956828325,0.06097560975609756,0
2022,Streptococcus pneumoniae,Ceftaroline,0.07994838645388029,0.11738480678503387,0.23170731707317074,0
2022,Streptococcus pneumoniae,Ceftriaxone,0.1116989118927171,0.15939464956046853,0.2682926829268293,1
2022,Streptococcus pneumoniae,Levofloxacin,0.1818515960221045,0.25747381642392236,0.2926829268292683,0
2022,Streptococcus pneumoniae,Linezolid,0.18568678434471542,0.05826435647398683,0.06707317073170732,0
2022,Streptococcus pneumoniae,Tigecycline,0.17448266172471166,0.06547598925252178,0.1524390243902439,0
2022,Streptococcus pneumoniae,Vancomycin,0.1823396705069874,0.049013285953049046,0.06097560975609756,0
2022,Streptococcus pyogenes,Ceftaroline,0.017069810882527722,0.06105458614038764,0.23170731707317074,0
2022,Streptococcus pyogenes,Ceftriaxone,0.04455906290579136,0.13599649263041363,0.2682926829268293,0
2022,Streptococcus pyogenes,Levofloxacin,0.1284167414372322,0.3487420887486353,0.2926829268292683,0
2022,Streptococcus pyogenes,Linezolid,0.20430851490835475,0.14789816692203833,0.06707317073170732,0
2022,Streptococcus pyogenes,Meropenem,0.06784673459835824,0.09420939972059632,0.2621951219512195,0
2022,Streptococcus pyogenes,Penicillin,0.3375676005592311,0.264586111856611,0.18902439024390244,0
2022,Streptococcus pyogenes,Tigecycline,0.12320513466615021,0.0827262217767562,0.1524390243902439,0
2022,Streptococcus pyogenes,Vancomycin,0.1899944248498722,0.10466374582658516,0.06097560975609756,0
2022,"Streptococcus, Beta Hemolytic",Ceftaroline,0.0,0.0,0.23170731707317074,0
2022,"Streptococcus, Beta Hemolytic",Ceftriaxone,0.0,0.0,0.2682926829268293,0
2022,"Streptococcus, Beta Hemolytic",Levofloxacin,0.07504783301716403,0.2832943156822666,0.2926829268292683,1
2022,"Streptococcus, Beta Hemolytic",Linezolid,0.16451386049008926,0.17371153342905032,0.06707317073170732,0
2022,"Streptococcus, Beta Hemolytic",Meropenem,0.05997490175334607,0.09424000452651904,0.2621951219512195,0
2022,"Streptococcus, Beta Hemolytic",Penicillin,0.28095419541346073,0.2679267835545905,0.18902439024390244,0
2022,"Streptococcus, Beta Hemolytic",Tigecycline,0.09913540524281814,0.06386635452545812,0.1524390243902439,0
2022,"Streptococcus, Beta Hemolytic",Vancomycin,0.035825035715399245,0.039949359568283244,0.06097560975609756,0
2023,Acinetobacter baumannii,Colistin,0.48668346444802146,0.19467172185517193,0.13690476190476192,0
2023,Acinetobacter bereziniae,Levofloxacin,0.27907405743872404,0.34686675209137335,0.27976190476190477,0
2023,Acinetobacter junii,Ampicillin sulbactam,0.4270460135774937,0.44445015625664946,0.2619047619047619,1
2023,Acinetobacter junii,Levofloxacin,0.2938893166611403,0.36240335695106807,0.27976190476190477,0
2023,Acinetobacter lactucae,Colistin,0.41055397820648626,0.2094459228065042,0.13690476190476192,0
2023,Acinetobacter lactucae,Levofloxacin,0.2684092878186708,0.36474725188935153,0.27976190476190477,0
2023,Acinetobacter lwoffii,Ciprofloxacin,0.39615407123658625,0.4708429089223754,0.20238095238095238,0
2023,Acinetobacter lwoffii,Colistin,0.3662147235093981,0.20057513043814162,0.13690476190476192,0
2023,Acinetobacter lwoffii,Gentamicin,0.39688844424719094,0.4986142303596169,0.25595238095238093,0
2023,Acinetobacter lwoffii,Levofloxacin,0.23454683611684393,0.34557151646771217,0.27976190476190477,0
2023,Acinetobacter nosocomialis,Ampicillin sulbactam,0.46193166606851427,0.4099277443337486,0.2619047619047619,0
2023,Acinetobacter nosocomialis,Colistin,0.43974305829019245,0.17480820950902826,0.13690476190476192,0
2023,Acinetobacter pitii,Colistin,0.4907898935336897,0.17916713827018307,0.13690476190476192,0
2023,Acinetobacter radioresistens,Ampicillin sulbactam,0.38270045664810387,0.4267001278238258,0.2619047619047619,1
2023,Acinetobacter radioresistens,Cefepime,0.6181676818467886,0.5916363586326273,0.25595238095238093,1
2023,Acinetobacter radioresistens,Colistin,0.38618301449405795,0.1922027999707102,0.13690476190476192,0
2023,Acinetobacter radioresistens,Levofloxacin,0.3043292754668827,0.3946356932530128,0.27976190476190477,1
2023,Acinetobacter spp,Colistin,0.429834903940768,0.1956057765739512,0.13690476190476192,0
2023,Acinetobacter ursingii,Ampicillin sulbactam,0.3544427734190605,0.44237874885181433,0.2619047619047619,0
2023,Acinetobacter ursingii,Ciprofloxacin,0.41279138824643213,0.4869223405650683,0.20238095238095238,0
2023,Acinetobacter ursingii,Colistin,0.3603254360219294,0.19706475913426127,0.13690476190476192,0
2023,Acinetobacter ursingii,Levofloxacin,0.26151928219769144,0.38174822161187655,0.27976190476190477,0
2023,Citrobacter braakii,Amikacin,0.3302378238338422,0.30873979985095973,0.25,0
2023,Citrobacter braakii,Cefepime,0.35993215670053064,0.3579867880561646,0.25595238095238093,0
2023,Citrobacter braakii,Ceftazidime avibactam,0.577193172891638,0.3735990804753847,0.125,0
2023,Citrobacter braakii,Ciprofloxacin,0.26786078549121717,0.31313759111921635,0.20238095238095238,0
2023,Citrobacter braakii,Colistin,0.5157191422003324,0.2694448973195519,0.13690476190476192,0
2023,Citrobacter braakii,Gentamicin,0.20185654192239966,0.24656265179075376,0.25595238095238093,0
2023,Citrobacter braakii,Imipenem,0.27339912280791934,0.23675594440992995,0.22023809523809523,0
2023,Citrobacter braakii,Levofloxacin,0.15265120763012055,0.19785578819459895,0.27976190476190477,0
2023,Citrobacter braakii,Meropenem,0.18422637964717015,0.18353725963240614,0.2619047619047619,0
2023,Citrobacter braakii,Meropenem vaborbactam,0.6769956722362489,0.4249396141886868,0.11904761904761904,0
2023,Citrobacter braakii,Piperacillin tazobactam,0.41795276421240407,0.5608520778214886,0.3273809523809524,0
2023,Citrobacter braakii,Tigecycline,0.30203338688238834,0.1611579106121827,0.1488095238095238,0
2023,Citrobacter braakii,Trimethoprim sulfa,0.2655438730974985,0.3395248464596866,0.2857142857142857,0
2023,Citrobacter freundii,Amikacin,0.3978635228219712,0.3350825140257824,0.25,0
2023,Citrobacter freundii,Ampicillin,0.5115107411714488,0.6777374689357822,0.31547619047619047,0
2023,Citrobacter freundii,Cefepime,0.44387284872270616,0.3925460693320664,0.25595238095238093,0
2023,Citrobacter freundii,Ciprofloxacin,0.34201232178359964,0.3551134234519411,0.20238095238095238,0
2023,Citrobacter freundii,Colistin,0.5184846186980626,0.25681483168854435,0.13690476190476192,0
2023,Citrobacter freundii,Gentamicin,0.25859333982553506,0.27686377843160903,0.25595238095238093,0
2023,Citrobacter freundii,Imipenem,0.3239031473079229,0.25318854828299725,0.22023809523809523,0
2023,Citrobacter freundii,Levofloxacin,0.15752661375259294,0.190354025016896,0.27976190476190477,0
2023,Citrobacter freundii,Meropenem,0.26714200067052796,0.22700448960552796,0.2619047619047619,0
2023,Citrobacter freundii,Tigecycline,0.3057243625363581,0.1579846804346727,0.1488095238095238,0
2023,Citrobacter freundii,Trimethoprim sulfa,0.32507782090106563,0.372422735634075,0.2857142857142857,0
2023,Citrobacter koseri,Amikacin,0.07499454727900964,0.20505135837472185,0.25,0
2023,Citrobacter koseri,Amoxycillin clavulanate,0.2709116261650689,0.6406122365893988,0.19642857142857142,0
2023,Citrobacter koseri,Ampicillin sulbactam,0.21673261488032336,0.7314873758535936,0.2619047619047619,0
2023,Citrobacter koseri,Aztreonam,0.2667914132589581,0.6716463070074766,0.17261904761904762,0
2023,Citrobacter koseri,Cefepime,0.07797867818391895,0.24379462421633483,0.25595238095238093,0
2023,Citrobacter koseri,Ceftaroline,0.2748578058759639,0.8317653545365957,0.2261904761904762,0
2023,Citrobacter koseri,Ceftazidime,0.13446856296574977,0.5275732906444488,0.30357142857142855,0
2023,Citrobacter koseri,Ceftazidime avibactam,0.19925451447588813,0.3895149086814559,0.125,0
2023,Citrobacter koseri,Ceftolozane tazobactam,0.28462590317224207,0.6421469788720833,0.14285714285714285,0
2023,Citrobacter koseri,Ciprofloxacin,0.07863019347584407,0.28928726530329124,0.20238095238095238,0
2023,Citrobacter koseri,Colistin,0.20443416187340235,0.28952407247188544,0.13690476190476192,0
2023,Citrobacter koseri,Gentamicin,0.04887142568744729,0.2061115553517493,0.25595238095238093,0
2023,Citrobacter koseri,Imipenem,0.06937982338619351,0.1664579249656218,0.22023809523809523,0
2023,Citrobacter koseri,Levofloxacin,0.05478685358977177,0.1814265782369462,0.27976190476190477,0
2023,Citrobacter koseri,Meropenem,0.02252295848096886,0.07402906783856734,0.2619047619047619,0
2023,Citrobacter koseri,Meropenem vaborbactam,0.27285905858612547,0.5162662160708605,0.11904761904761904,0
2023,Citrobacter koseri,Piperacillin tazobactam,0.12235635649112296,0.48505561626860827,0.3273809523809524,0
2023,Citrobacter koseri,Tigecycline,0.12043783538081905,0.16113588501090756,0.1488095238095238,0
2023,Citrobacter koseri,Trimethoprim sulfa,0.07720789957765516,0.2981092327345172,0.2857142857142857,0
2023,Citrobacter spp,Amikacin,0.3681988648764586,0.32687512972458477,0.25,0
2023,Citrobacter spp,Cefepime,0.4134216086498149,0.3852819437149405,0.25595238095238093,0
2023,Citrobacter spp,Ciprofloxacin,0.32341130799732376,0.35506646948937653,0.20238095238095238,0
2023,Citrobacter spp,Colistin,0.5357869815779263,0.2675497521986315,0.13690476190476192,0
2023,Citrobacter spp,Gentamicin,0.2333578037782462,0.26522074173014476,0.25595238095238093,0
2023,Citrobacter spp,Imipenem,0.30185031258602,0.24651669451714,0.22023809523809523,0
2023,Citrobacter spp,Levofloxacin,0.16478658296708865,0.20029253772849345,0.27976190476190477,0
2023,Citrobacter spp,Meropenem,0.23502481739586878,0.21075610831478442,0.2619047619047619,0
2023,Citrobacter spp,Tigecycline,0.33687736183909933,0.17605277854037313,0.1488095238095238,0
2023,Citrobacter spp,Trimethoprim sulfa,0.3023377998293052,0.3662479340929369,0.2857142857142857,0
2023,Clostridioides difficile,Meropenem,0.1517094625772905,0.21642297885287795,0.2619047619047619,0
2023,Clostridioides difficile,Piperacillin tazobactam,0.03813667918735062,0.06704318115215391,0.3273809523809524,0
2023,Clostridioides difficile,Tigecycline,0.1749393673403815,0.1129523700340745,0.1488095238095238,0
2023,Clostridium perfringens,Meropenem,0.10919990594926293,0.15703135425787848,0.2619047619047619,0
2023,Clostridium perfringens,Metronidazole,0.6566538273694077,0.24115112155557603,0.1130952380952381,0
2023,Clostridium perfringens,Piperacillin tazobactam,0.04240353520211242,0.09890061520765343,0.3273809523809524,0
2023,Enterobacter bugandensis,Amikacin,0.36959944766215064,0.3367425215584375,0.25,0
2023,Enterobacter bugandensis,Cefepime,0.38368285365778315,0.361893971553261,0.25595238095238093,0
2023,Enterobacter bugandensis,Ceftazidime avibactam,0.5897772298659556,0.3631875507397456,0.125,0
2023,Enterobacter bugandensis,Ciprofloxacin,0.3000038320326662,0.3340995476467548,0.20238095238095238,0
2023,Enterobacter bugandensis,Gentamicin,0.2347674412418083,0.2691968974206287,0.25595238095238093,0
2023,Enterobacter bugandensis,Imipenem,0.3295812171969147,0.2798457128221873,0.22023809523809523,0
2023,Enterobacter bugandensis,Levofloxacin,0.16137543667424634,0.202538928642338,0.27976190476190477,0
2023,Enterobacter bugandensis,Meropenem,0.2318209854993164,0.2142978883820883,0.2619047619047619,0
2023,Enterobacter bugandensis,Meropenem vaborbactam,0.6684717365279723,0.3970695236409843,0.11904761904761904,0
2023,Enterobacter bugandensis,Tigecycline,0.3667892197880891,0.19520605087205362,0.1488095238095238,0
2023,Enterobacter bugandensis,Trimethoprim sulfa,0.2957565183487405,0.36318587024627064,0.2857142857142857,0
2023,Enterobacter cloacae,Amikacin,0.43065256155090187,0.3286192345090627,0.25,0
2023,Enterobacter cloacae,Ampicillin,0.5726783795629378,0.6771079513055169,0.31547619047619047,0
2023,Enterobacter cloacae,Cefepime,0.4751747259549811,0.3809491539848619,0.25595238095238093,1
2023,Enterobacter cloacae,Ciprofloxacin,0.356487807068509,0.33493525699312615,0.20238095238095238,0
2023,Enterobacter cloacae,Colistin,0.5225910477837308,0.23541634680120696,0.13690476190476192,1
2023,Enterobacter cloacae,Gentamicin,0.2714617760175171,0.2631031227189226,0.25595238095238093,0
2023,Enterobacter cloacae,Imipenem,0.33267151679571627,0.23716696284911393,0.22023809523809523,0
2023,Enterobacter cloacae,Levofloxacin,0.21194667277939075,0.22357761577810262,0.27976190476190477,0
2023,Enterobacter cloacae,Meropenem,0.27482462647600553,0.2134679882825003,0.2619047619047619,0
2023,Enterobacter cloacae,Tigecycline,0.3299347985654395,0.15380241983458287,0.1488095238095238,0
2023,Enterobacter cloacae,Trimethoprim sulfa,0.3429690277586126,0.3540397348142047,0.2857142857142857,0
2023,Enterobacter hormaechi,Amikacin,0.41016570310229683,0.3705016739943506,0.25,0
2023,Enterobacter hormaechi,Ampicillin,0.4609802221475067,0.652804924230276,0.31547619047619047,0
2023,Enterobacter hormaechi,Ciprofloxacin,0.3595608324896278,0.39413898553209953,0.20238095238095238,0
2023,Enterobacter hormaechi,Colistin,0.48146007386776674,0.25595097538882494,0.13690476190476192,0
2023,Enterobacter hormaechi,Gentamicin,0.2732444089944098,0.30806404702688345,0.25595238095238093,0
2023,Enterobacter hormaechi,Imipenem,0.33799596774152263,0.2817433910675964,0.22023809523809523,0
2023,Enterobacter hormaechi,Levofloxacin,0.16424220829532354,0.210980046307257,0.27976190476190477,0
2023,Enterobacter hormaechi,Meropenem,0.28695379014900446,0.2589377568063881,0.2619047619047619,0
2023,Enterobacter hormaechi,Tigecycline,0.30152948050571426,0.16849448531928515,0.1488095238095238,1
2023,Enterobacter hormaechi,Trimethoprim sulfa,0.3322929569796405,0.4060116986290454,0.2857142857142857,0
2023,Enterobacter kobei,Amikacin,0.3302378238338422,0.30873979985095973,0.25,0
2023,Enterobacter kobei,Cefepime,0.35993215670053064,0.3579867880561646,0.25595238095238093,0
2023,Enterobacter kobei,Ceftazidime avibactam,0.577193172891638,0.3735990804753847,0.125,0
2023,Enterobacter kobei,Ciprofloxacin,0.26786078549121717,0.31313759111921635,0.20238095238095238,0
2023,Enterobacter kobei,Colistin,0.5157191422003324,0.2694448973195519,0.13690476190476192,0
2023,Enterobacter kobei,Gentamicin,0.20185654192239966,0.24656265179075376,0.25595238095238093,0
2023,Enterobacter kobei,Imipenem,0.27339912280791934,0.23675594440992995,0.22023809523809523,0
2023,Enterobacter kobei,Levofloxacin,0.15265120763012055,0.19785578819459895,0.27976190476190477,0
2023,Enterobacter kobei,Meropenem,0.18422637964717015,0.18353725963240614,0.2619047619047619,0
2023,Enterobacter kobei,Meropenem vaborbactam,0.6769956722362489,0.4249396141886868,0.11904761904761904,1
2023,Enterobacter kobei,Piperacillin tazobactam,0.41795276421240407,0.5608520778214886,0.3273809523809524,0
2023,Enterobacter kobei,Tigecycline,0.30203338688238834,0.1611579106121827,0.1488095238095238,0
2023,Enterobacter kobei,Trimethoprim sulfa,0.2655438730974985,0.3395248464596866,0.2857142857142857,0
2023,Enterobacter ludwigii,Amikacin,0.24859490240379,0.3092027199966429,0.25,0
2023,Enterobacter ludwigii,Cefepime,0.2577555492079107,0.34929795070510183,0.25595238095238093,0
2023,Enterobacter ludwigii,Ceftazidime,0.32137714422256325,0.5576596645591446,0.30357142857142855,0
2023,Enterobacter ludwigii,Ceftazidime avibactam,0.448615217809858,0.38231634459002595,0.125,0
2023,Enterobacter ludwigii,Ceftolozane tazobactam,0.5256304851221637,0.5148158781190267,0.14285714285714285,0
2023,Enterobacter ludwigii,Ciprofloxacin,0.19585122719180897,0.31399916980029263,0.20238095238095238,0
2023,Enterobacter ludwigii,Colistin,0.4408337452126082,0.2893127643580029,0.13690476190476192,0
2023,Enterobacter ludwigii,Gentamicin,0.14282947346845656,0.2400659274672556,0.25595238095238093,0
2023,Enterobacter ludwigii,Imipenem,0.19606216299056284,0.22621502174737518,0.22023809523809523,0
2023,Enterobacter ludwigii,Levofloxacin,0.11775987309231899,0.2024589899569029,0.27976190476190477,0
2023,Enterobacter ludwigii,Meropenem,0.10809995729500853,0.14959196527454707,0.2619047619047619,0
2023,Enterobacter ludwigii,Meropenem vaborbactam,0.5276147630745517,0.42549015709369337,0.11904761904761904,0
2023,Enterobacter ludwigii,Piperacillin tazobactam,0.30099815158468607,0.5363044944851164,0.3273809523809524,0
2023,Enterobacter ludwigii,Tigecycline,0.27196937814346916,0.18948970720402136,0.1488095238095238,0
2023,Enterobacter ludwigii,Trimethoprim sulfa,0.19904405004637843,0.3430000476354157,0.2857142857142857,0
2023,Enterobacter roggenkampii,Amikacin,0.3814344789792359,0.3287420391236078,0.25,0
2023,Enterobacter roggenkampii,Cefepime,0.4008756807621483,0.35860632706850115,0.25595238095238093,0
2023,Enterobacter roggenkampii,Ceftazidime avibactam,0.6605307181852794,0.38819907859526576,0.125,0
2023,Enterobacter roggenkampii,Ciprofloxacin,0.3203631058103037,0.3384776915048572,0.20238095238095238,0
2023,Enterobacter roggenkampii,Gentamicin,0.2471197706743242,0.2685963939275367,0.25595238095238093,0
2023,Enterobacter roggenkampii,Imipenem,0.3371238834732384,0.2701360826280908,0.22023809523809523,0
2023,Enterobacter roggenkampii,Levofloxacin,0.16678428277957943,0.1983905711587601,0.27976190476190477,0
2023,Enterobacter roggenkampii,Meropenem,0.23927452166780533,0.20945941886675956,0.2619047619047619,0
2023,Enterobacter roggenkampii,Tigecycline,0.379576668297669,0.1917970676930911,0.1488095238095238,0
2023,Enterobacter roggenkampii,Trimethoprim sulfa,0.31478597771806016,0.36658901873164623,0.2857142857142857,0
2023,Enterobacter spp,Amikacin,0.3681988648764586,0.32687512972458477,0.25,0
2023,Enterobacter spp,Cefepime,0.4134216086498149,0.3852819437149405,0.25595238095238093,0
2023,Enterobacter spp,Ciprofloxacin,0.32341130799732376,0.35506646948937653,0.20238095238095238,0
2023,Enterobacter spp,Colistin,0.5357869815779263,0.2675497521986315,0.13690476190476192,0
2023,Enterobacter spp,Gentamicin,0.2333578037782462,0.26522074173014476,0.25595238095238093,0
2023,Enterobacter spp,Imipenem,0.30185031258602,0.24651669451714,0.22023809523809523,0
2023,Enterobacter spp,Levofloxacin,0.16478658296708865,0.20029253772849345,0.27976190476190477,0
2023,Enterobacter spp,Meropenem,0.23502481739586878,0.21075610831478442,0.2619047619047619,0
2023,Enterobacter spp,Tigecycline,0.33687736183909933,0.17605277854037313,0.1488095238095238,0
2023,Enterobacter spp,Trimethoprim sulfa,0.3023377998293052,0.3662479340929369,0.2857142857142857,0
2023,Enterococcus faecalis,Ampicillin,0.25899187929306555,0.5403575176509446,0.31547619047619047,0
2023,Enterococcus faecalis,Tigecycline,0.04913151331577047,0.03284115332150886,0.1488095238095238,0
2023,Enterococcus faecium,Tigecycline,0.12626945983523813,0.05055054955080715,0.1488095238095238,0
2023,Enterococcus spp,Tigecycline,0.08534591280922313,0.050007094576717204,0.1488095238095238,0
2023,Escherichia coli,Amikacin,0.5413943480590208,0.35686918885269286,0.25,0
2023,Escherichia coli,Amoxycillin clavulanate,0.6495999373777276,0.39393702320156043,0.19642857142857142,0
2023,Escherichia coli,Ceftazidime,0.6011329205186733,0.5335149948948006,0.30357142857142855,1
2023,Escherichia coli,Ceftazidime avibactam,0.6547832281055507,0.2956413447470868,0.125,1
2023,Escherichia coli,Ceftolozane tazobactam,0.6957615252512411,0.3753527431679811,0.14285714285714285,0
2023,Escherichia coli,Colistin,0.6027732456057296,0.2204853885917396,0.13690476190476192,0
2023,Escherichia coli,Imipenem,0.48734147373586106,0.2981559605230528,0.22023809523809523,0
2023,Escherichia coli,Meropenem,0.3577094415440138,0.25340340552906204,0.2619047619047619,0
2023,Escherichia coli,Piperacillin tazobactam,0.5449378145691589,0.5064972948232805,0.3273809523809524,0
2023,Escherichia coli,Tigecycline,0.37450329689561657,0.14090884173940288,0.1488095238095238,0
2023,Escherichia spp,Amikacin,0.4944458337883444,0.3903849523564846,0.25,0
2023,Escherichia spp,Amoxycillin clavulanate,0.5545799313233835,0.4018572787150066,0.19642857142857142,0
2023,Escherichia spp,Ampicillin sulbactam,0.5891381831020006,0.581085219916816,0.2619047619047619,1
2023,Escherichia spp,Ceftolozane tazobactam,0.636524059743807,0.40703196364187977,0.14285714285714285,1
2023,Escherichia spp,Colistin,0.5396895383107182,0.23638606153033326,0.13690476190476192,0
2023,Escherichia spp,Imipenem,0.4724913612165822,0.34015104420364284,0.22023809523809523,0
2023,Escherichia spp,Meropenem,0.35103361934362,0.2895909436068227,0.2619047619047619,0
2023,Escherichia spp,Piperacillin tazobactam,0.4789443725860026,0.5276200149111029,0.3273809523809524,0
2023,Escherichia spp,Tigecycline,0.357879914054566,0.16469105574175547,0.1488095238095238,0
2023,Haemophilus influenzae,Amoxycillin clavulanate,0.16827395328453404,0.4124137845713915,0.19642857142857142,0
2023,Haemophilus influenzae,Azithromycin,0.0876501446901578,0.012526868030335744,0.017857142857142856,0
2023,Haemophilus influenzae,Ceftaroline,0.14182608719634063,0.4680762136143593,0.2261904761904762,0
2023,Haemophilus influenzae,Ceftazidime,0.10489901382137046,0.45781045718550883,0.30357142857142855,0
2023,Haemophilus influenzae,Ceftriaxone,0.1444379971308896,0.5000923157578192,0.2619047619047619,0
2023,Haemophilus influenzae,Levofloxacin,0.09759086605071499,0.35464361193637933,0.27976190476190477,0
2023,Haemophilus influenzae,Meropenem,0.04709071708468869,0.18081171969840457,0.2619047619047619,0
2023,Haemophilus influenzae,Piperacillin tazobactam,0.12274748463934723,0.5266422667022774,0.3273809523809524,0
2023,Haemophilus influenzae,Tigecycline,0.09281773048138424,0.14471456705631824,0.1488095238095238,0
2023,Klebsiella aerogenes,Amikacin,0.43279361659896104,0.32316776664447194,0.25,0
2023,Klebsiella aerogenes,Cefepime,0.46314887771764857,0.3658999728468434,0.25595238095238093,0
2023,Klebsiella aerogenes,Ceftazidime avibactam,0.6312713517138757,0.32839503403366027,0.125,0
2023,Klebsiella aerogenes,Ciprofloxacin,0.32141331320967687,0.29757461525845,0.20238095238095238,0
2023,Klebsiella aerogenes,Colistin,0.5486279174405931,0.23494869382067335,0.13690476190476192,0
2023,Klebsiella aerogenes,Gentamicin,0.2501620047639589,0.2416881433369613,0.25595238095238093,0
2023,Klebsiella aerogenes,Imipenem,0.3347138529142368,0.2341908772204631,0.22023809523809523,0
2023,Klebsiella aerogenes,Levofloxacin,0.23173046213926246,0.2376314590331251,0.27976190476190477,0
2023,Klebsiella aerogenes,Meropenem,0.2622869541357607,0.20313232048159705,0.2619047619047619,0
2023,Klebsiella aerogenes,Meropenem vaborbactam,0.728071483984666,0.36879223139354816,0.11904761904761904,0
2023,Klebsiella aerogenes,Tigecycline,0.35099142048028675,0.15205107398231624,0.1488095238095238,0
2023,Klebsiella aerogenes,Trimethoprim sulfa,0.3222024543491829,0.32777272310406913,0.2857142857142857,0
2023,Klebsiella oxytoca,Amikacin,0.3119294160923146,0.2989567605834054,0.25,0
2023,Klebsiella oxytoca,Amoxycillin clavulanate,0.5681756135231293,0.4978786512465402,0.19642857142857142,0
2023,Klebsiella oxytoca,Cefepime,0.33522735875725984,0.3453777916682194,0.25595238095238093,0
2023,Klebsiella oxytoca,Ceftazidime,0.40577374059765536,0.5404662217430467,0.30357142857142855,0
2023,Klebsiella oxytoca,Ceftazidime avibactam,0.4945385104455405,0.328348581208389,0.125,1
2023,Klebsiella oxytoca,Ceftibuten,0.6397198163823191,0.40110900007670003,0.1130952380952381,0
2023,Klebsiella oxytoca,Ciprofloxacin,0.2440196065530421,0.2957222675863991,0.20238095238095238,0
2023,Klebsiella oxytoca,Colistin,0.43411139433562806,0.2320518268162787,0.13690476190476192,0
2023,Klebsiella oxytoca,Gentamicin,0.1905902053691543,0.24079952602009486,0.25595238095238093,0
2023,Klebsiella oxytoca,Imipenem,0.25844570847734105,0.23228731190841123,0.22023809523809523,0
2023,Klebsiella oxytoca,Levofloxacin,0.18258702453685338,0.23370275033738508,0.27976190476190477,0
2023,Klebsiella oxytoca,Meropenem,0.19818258609427503,0.1996284748886386,0.2619047619047619,0
2023,Klebsiella oxytoca,Meropenem vaborbactam,0.5863689590292993,0.3761334967222081,0.11904761904761904,1
2023,Klebsiella oxytoca,Tigecycline,0.268067409087829,0.1446372042622616,0.1488095238095238,0
2023,Klebsiella oxytoca,Trimethoprim sulfa,0.25302892010432027,0.3309279020785558,0.2857142857142857,0
2023,Klebsiella pneumoniae,Amoxycillin clavulanate,0.785820768670185,0.4073614999291673,0.19642857142857142,0
2023,Klebsiella pneumoniae,Ampicillin,0.6203254375144609,0.5454336655574529,0.31547619047619047,0
2023,Klebsiella pneumoniae,Colistin,0.6800448792314373,0.2204327365688497,0.13690476190476192,0
2023,Klebsiella pneumoniae,Imipenem,0.6736116337368139,0.35581293466942265,0.22023809523809523,0
2023,Klebsiella pneumoniae,Levofloxacin,0.36880412110819816,0.2884508484642304,0.27976190476190477,0
2023,Klebsiella pneumoniae,Meropenem,0.5630244830305544,0.33387113924330314,0.2619047619047619,1
2023,Klebsiella pneumoniae,Tigecycline,0.4256875104817619,0.1451601273168067,0.1488095238095238,0
2023,Klebsiella spp,Amoxycillin clavulanate,0.7345593121337434,0.37618918920050937,0.19642857142857142,0
2023,Klebsiella spp,Colistin,0.7715867075487908,0.24131700829317593,0.13690476190476192,0
2023,Klebsiella spp,Levofloxacin,0.3556906802224721,0.2762682821043184,0.27976190476190477,0
2023,Klebsiella spp,Tigecycline,0.48784625101031476,0.1593940576668883,0.1488095238095238,0
2023,Klebsiella variicola,Amikacin,0.5455185078377568,0.3741515128233979,0.25,0
2023,Klebsiella variicola,Amoxycillin clavulanate,0.7236538222037764,0.4490180494775561,0.19642857142857142,0
2023,Klebsiella variicola,Ceftazidime,0.6324564649597665,0.577026712441332,0.30357142857142855,1
2023,Klebsiella variicola,Colistin,0.6033241385006004,0.23178034688817875,0.13690476190476192,0
2023,Klebsiella variicola,Gentamicin,0.39116615623821027,0.33041626735933805,0.25595238095238093,0
2023,Klebsiella variicola,Imipenem,0.4721354480937339,0.30037363387604066,0.22023809523809523,0
2023,Klebsiella variicola,Levofloxacin,0.2889072421536105,0.2693227679121314,0.27976190476190477,0
2023,Klebsiella variicola,Meropenem,0.36800630627912007,0.26453844476894883,0.2619047619047619,0
2023,Klebsiella variicola,Tigecycline,0.397678692534257,0.15991037615010498,0.1488095238095238,1
2023,Morganella morganii,Amikacin,0.3611940345784459,0.43228402965584684,0.25,0
2023,Morganella morganii,Ampicillin sulbactam,0.3240690565132872,0.45975858389247415,0.2619047619047619,0
2023,Morganella morganii,Aztreonam,0.29414743018757816,0.3038533034226928,0.17261904761904762,0
2023,Morganella morganii,Cefepime,0.3071469438134681,0.3731555929807653,0.25595238095238093,0
2023,Morganella morganii,Ceftaroline,0.4146817386067163,0.5193721163114541,0.2261904761904762,0
2023,Morganella morganii,Ceftazidime,0.29890332940403513,0.4622361258443447,0.30357142857142855,0
2023,Morganella morganii,Ceftazidime avibactam,0.3224399553957984,0.25522340656116993,0.125,0
2023,Morganella morganii,Ceftibuten,0.3712200184198319,0.2669120590172779,0.1130952380952381,0
2023,Morganella morganii,Ceftolozane tazobactam,0.32006603435535924,0.2976901506281197,0.14285714285714285,0
2023,Morganella morganii,Gentamicin,0.24447292848571403,0.3500775641791902,0.25595238095238093,0
2023,Morganella morganii,Levofloxacin,0.16651289026177635,0.26744542513920333,0.27976190476190477,0
2023,Morganella morganii,Meropenem,0.20915432324067312,0.2680241528595003,0.2619047619047619,0
2023,Morganella morganii,Meropenem vaborbactam,0.3314119874862487,0.25543689284416027,0.11904761904761904,0
2023,Morganella morganii,Piperacillin tazobactam,0.2739109869575593,0.4444258675725354,0.3273809523809524,0
2023,Prevotella bivia,Meropenem,0.17718836216302472,0.2639462599807492,0.2619047619047619,0
2023,Prevotella bivia,Piperacillin tazobactam,0.05064626477981389,0.09297298424952878,0.3273809523809524,0
2023,Prevotella bivia,Tigecycline,0.2800043997079352,0.21116445192492977,0.1488095238095238,0
2023,Proteus mirabilis,Amoxycillin clavulanate,0.4401094346913067,0.33185942551865083,0.19642857142857142,0
2023,Proteus mirabilis,Ampicillin,0.36691228435544254,0.45814913854183575,0.31547619047619047,0
2023,Proteus mirabilis,Ampicillin sulbactam,0.41466727556734234,0.4302315217710309,0.2619047619047619,0
2023,Proteus mirabilis,Aztreonam,0.3572260017620993,0.2666352269642194,0.17261904761904762,0
2023,Proteus mirabilis,Cefepime,0.49497319898528824,0.4295962908625846,0.25595238095238093,0
2023,Proteus mirabilis,Ceftazidime,0.44680331094670067,0.48901879533452264,0.30357142857142855,0
2023,Proteus mirabilis,Ceftazidime avibactam,0.3958991565324214,0.2240045105249903,0.125,1
2023,Proteus mirabilis,Ceftibuten,0.39811612611360664,0.21149420177588854,0.1130952380952381,0
2023,Proteus mirabilis,Ceftolozane tazobactam,0.3580664460876719,0.24101238574920675,0.14285714285714285,0
2023,Proteus mirabilis,Meropenem,0.3718182904606603,0.3388899094088727,0.2619047619047619,0
2023,Proteus mirabilis,Meropenem vaborbactam,0.38552926816249666,0.21358621049385124,0.11904761904761904,1
2023,Proteus mirabilis,Piperacillin tazobactam,0.40263324462791467,0.4669060994118056,0.3273809523809524,0
2023,Proteus spp,Amikacin,0.2643647322309812,0.3981816264706428,0.25,0
2023,Proteus spp,Amoxycillin clavulanate,0.31262687479174106,0.39045458816861683,0.19642857142857142,0
2023,Proteus spp,Ampicillin sulbactam,0.2590285785101421,0.44585884074397386,0.2619047619047619,0
2023,Proteus spp,Aztreonam,0.23886921010259515,0.29511214063419045,0.17261904761904762,0
2023,Proteus spp,Cefepime,0.21998038652697896,0.33537426166134043,0.25595238095238093,0
2023,Proteus spp,Cefixime,0.3107616843076018,0.350132259319176,0.1488095238095238,0
2023,Proteus spp,Ceftazidime,0.21517933516632387,0.4160513119056193,0.30357142857142855,0
2023,Proteus spp,Ceftazidime avibactam,0.2557674142274973,0.24486995702584025,0.125,0
2023,Proteus spp,Ceftibuten,0.2635042737587218,0.23000540573629705,0.1130952380952381,0
2023,Proteus spp,Ceftolozane tazobactam,0.24748877913023054,0.27787411871738554,0.14285714285714285,0
2023,Proteus spp,Ciprofloxacin,0.20529791865081806,0.36029349702656127,0.20238095238095238,0
2023,Proteus spp,Gentamicin,0.1879446971434422,0.33520028046776235,0.25595238095238093,0
2023,Proteus spp,Levofloxacin,0.13064961420275398,0.2549328876697365,0.27976190476190477,0
2023,Proteus spp,Meropenem,0.16700666643083337,0.26579278335508577,0.2619047619047619,0
2023,Proteus spp,Meropenem vaborbactam,0.2682936573133191,0.24588091198187775,0.11904761904761904,0
2023,Proteus spp,Piperacillin tazobactam,0.2015549730956491,0.4066639769697645,0.3273809523809524,0
2023,Proteus vulgaris,Amikacin,0.3160281456088814,0.4469942303645386,0.25,0
2023,Proteus vulgaris,Amoxycillin clavulanate,0.32084965757440037,0.36726037246019805,0.19642857142857142,0
2023,Proteus vulgaris,Ampicillin sulbactam,0.25327763658425356,0.4133775865423776,0.2619047619047619,0
2023,Proteus vulgaris,Aztreonam,0.22557415560649727,0.2572223611779227,0.17261904761904762,0
2023,Proteus vulgaris,Cefepime,0.2653784726214022,0.382125916606011,0.25595238095238093,0
2023,Proteus vulgaris,Cefixime,0.24970182815482317,0.2620169444183281,0.1488095238095238,0
2023,Proteus vulgaris,Cefpodoxime,0.27867069853486276,0.30122138223371087,0.16071428571428573,0
2023,Proteus vulgaris,Ceftazidime,0.2440502817118509,0.441350096928316,0.30357142857142855,0
2023,Proteus vulgaris,Ceftazidime avibactam,0.2397597460841026,0.21398198890064013,0.125,0
2023,Proteus vulgaris,Ceftibuten,0.2064503978213917,0.16432985007167056,0.1130952380952381,0
2023,Proteus vulgaris,Ceftolozane tazobactam,0.22098127700953057,0.2275547491665371,0.14285714285714285,0
2023,Proteus vulgaris,Ciprofloxacin,0.21313373040106384,0.356880347553149,0.20238095238095238,0
2023,Proteus vulgaris,Gentamicin,0.20264620099394454,0.34690735570831666,0.25595238095238093,0
2023,Proteus vulgaris,Levofloxacin,0.14851248714906282,0.278288909448983,0.27976190476190477,0
2023,Proteus vulgaris,Meropenem,0.19618500755849774,0.3005208707717195,0.2619047619047619,0
2023,Proteus vulgaris,Meropenem vaborbactam,0.23531022271318325,0.19665326674735034,0.11904761904761904,0
2023,Proteus vulgaris,Piperacillin tazobactam,0.23567110308700603,0.4440782313264635,0.3273809523809524,0
2023,Providencia rettgeri,Ampicillin,0.4156803551466581,0.5459181199392378,0.31547619047619047,0
2023,Providencia rettgeri,Ampicillin sulbactam,0.5091611542026898,0.5568143724958148,0.2619047619047619,0
2023,Providencia rettgeri,Aztreonam,0.524325009562129,0.42577330531983204,0.17261904761904762,0
2023,Providencia rettgeri,Cefepime,0.46311551831252495,0.4248112045462894,0.25595238095238093,0
2023,Providencia rettgeri,Ceftaroline,0.599078343887566,0.5925347113506632,0.2261904761904762,0
2023,Providencia rettgeri,Ceftazidime,0.47250574798648326,0.5468651911832904,0.30357142857142855,0
2023,Providencia rettgeri,Gentamicin,0.35848553344649364,0.3792677771265396,0.25595238095238093,0
2023,Providencia rettgeri,Levofloxacin,0.20206278964959856,0.25166935061923257,0.27976190476190477,0
2023,Providencia rettgeri,Meropenem,0.32147498051468204,0.30394919117467106,0.2619047619047619,0
2023,Providencia rettgeri,Piperacillin tazobactam,0.4293620687271748,0.5235559978365879,0.3273809523809524,0
2023,Providencia stuartii,Ampicillin,0.4751178738707209,0.5423444453721855,0.31547619047619047,0
2023,Providencia stuartii,Ampicillin sulbactam,0.5545163201907378,0.5219849551068309,0.2619047619047619,0
2023,Providencia stuartii,Aztreonam,0.5867587779725166,0.40656154276720646,0.17261904761904762,0
2023,Providencia stuartii,Cefepime,0.48363495159626,0.37828369763422254,0.25595238095238093,0
2023,Providencia stuartii,Ceftazidime,0.4972409833282649,0.49713413430894215,0.30357142857142855,0
2023,Providencia stuartii,Imipenem,0.4849264551820837,0.339779610254214,0.22023809523809523,1
2023,Providencia stuartii,Meropenem,0.3055417877456439,0.24443164704397652,0.2619047619047619,0
2023,Providencia stuartii,Piperacillin tazobactam,0.4428537294359236,0.46805669270181666,0.3273809523809524,0
2023,Pseudomonas aeruginosa,Colistin,0.35763409205042096,0.1859410405984489,0.13690476190476192,0
2023,Serratia marcescens,Amikacin,0.3238294385490836,0.30377613308886525,0.25,0
2023,Serratia marcescens,Aztreonam,0.5912323553575974,0.4964723610600949,0.17261904761904762,0
2023,Serratia marcescens,Cefepime,0.29654843372560385,0.296787629618738,0.25595238095238093,0
2023,Serratia marcescens,Ceftazidime,0.37541790914609013,0.48312829562331283,0.30357142857142855,0
2023,Serratia marcescens,Ceftazidime avibactam,0.5233679642302811,0.33352307762553635,0.125,0
2023,Serratia marcescens,Ceftibuten,0.6707753914983222,0.3986256154036518,0.1130952380952381,0
2023,Serratia marcescens,Ciprofloxacin,0.24276648401193643,0.28780348287391083,0.20238095238095238,0
2023,Serratia marcescens,Gentamicin,0.18830903044957142,0.2299955028027733,0.25595238095238093,0
2023,Serratia marcescens,Imipenem,0.26176431917594073,0.23336757140414585,0.22023809523809523,0
2023,Serratia marcescens,Levofloxacin,0.17848220819053365,0.22111930235319646,0.27976190476190477,0
2023,Serratia marcescens,Meropenem,0.13790974749648902,0.14769412530412923,0.2619047619047619,0
2023,Serratia marcescens,Piperacillin tazobactam,0.3752937529081109,0.49368111501498485,0.3273809523809524,0
2023,Serratia marcescens,Tigecycline,0.3747041322775891,0.19890136888323914,0.1488095238095238,1
2023,Serratia marcescens,Trimethoprim sulfa,0.2582855038810641,0.32506245087713903,0.2857142857142857,0
2023,Serratia spp,Amikacin,0.19900107242726386,0.3207299512666654,0.25,0
2023,Serratia spp,Aztreonam,0.35542296214505464,0.4807347192342644,0.17261904761904762,0
2023,Serratia spp,Cefepime,0.16857188723110247,0.2878445481433576,0.25595238095238093,0
2023,Serratia spp,Ceftazidime,0.2147244215837038,0.4702756951188916,0.30357142857142855,0
2023,Serratia spp,Ceftazidime avibactam,0.32267144618541316,0.3344478399797597,0.125,0
2023,Serratia spp,Ceftibuten,0.4315399086004346,0.40762242042767477,0.1130952380952381,0
2023,Serratia spp,Ceftolozane tazobactam,0.38536286003247616,0.46523784060736656,0.14285714285714285,0
2023,Serratia spp,Ciprofloxacin,0.15496426213556347,0.3135783793276508,0.20238095238095238,0
2023,Serratia spp,Gentamicin,0.12120342423496185,0.24968239025342945,0.25595238095238093,0
2023,Serratia spp,Imipenem,0.1871338617439209,0.27930978560843506,0.22023809523809523,0
2023,Serratia spp,Levofloxacin,0.08848184569137003,0.19188867106040042,0.27976190476190477,0
2023,Serratia spp,Meropenem,0.07443969008496663,0.1397434721053815,0.2619047619047619,0
2023,Serratia spp,Meropenem vaborbactam,0.3910369290810466,0.3874899475768428,0.11904761904761904,0
2023,Serratia spp,Piperacillin tazobactam,0.21052142025127402,0.4695813503323611,0.3273809523809524,0
2023,Serratia spp,Tigecycline,0.2968309860197013,0.2614236495548927,0.1488095238095238,1
2023,Serratia spp,Trimethoprim sulfa,0.1626372450536758,0.34820834241781307,0.2857142857142857,0
2023,Staphylococcus aureus,Ceftaroline,0.024964960264740425,0.03257753367888277,0.2261904761904762,0
2023,Staphylococcus aureus,Daptomycin,0.22364063603551682,0.019685666401721886,0.017857142857142856,0
2023,Staphylococcus aureus,Linezolid,0.49549308707538486,0.21531488216718153,0.06547619047619048,0
2023,Staphylococcus aureus,Teicoplanin,0.31568835877673845,0.04743234831519541,0.023809523809523808,0
2023,Staphylococcus aureus,Tigecycline,0.13692010405022562,0.0488437762668626,0.1488095238095238,0
2023,Staphylococcus aureus,Trimethoprim sulfa,0.23640746544644156,0.3191275758782862,0.2857142857142857,0
2023,Staphylococcus aureus,Vancomycin,0.19378983808222816,0.04295857001566134,0.05952380952380952,0
2023,Staphylococcus epidermidis,Daptomycin,0.3551821918694044,0.04598403465271016,0.017857142857142856,0
2023,Staphylococcus epidermidis,Teicoplanin,0.4692640917462243,0.08145090087080945,0.023809523809523808,0
2023,Staphylococcus epidermidis,Tigecycline,0.16813899930859078,0.05854455759700355,0.1488095238095238,0
2023,Staphylococcus epidermidis,Vancomycin,0.2682821612129997,0.07800446026868046,0.05952380952380952,0
2023,Staphylococcus haemolyticus,Daptomycin,0.536051831141,0.1143736644446478,0.017857142857142856,0
2023,Staphylococcus haemolyticus,Tigecycline,0.16813899930859078,0.053709506115874904,0.1488095238095238,0
2023,Staphylococcus haemolyticus,Vancomycin,0.36226857781340516,0.1440431616934231,0.05952380952380952,0
2023,Staphylococcus spp,Daptomycin,0.3551821918694044,0.05252172474586641,0.017857142857142856,0
2023,Staphylococcus spp,Teicoplanin,0.43985013091942193,0.08357268301045503,0.023809523809523808,0
2023,Staphylococcus spp,Tigecycline,0.16813899930859078,0.0666772297021589,0.1488095238095238,0
2023,Staphylococcus spp,Vancomycin,0.2682821612129997,0.08857548852153763,0.05952380952380952,0
2023,Streptococcus agalactiae,Ceftaroline,0.016881526594508218,0.047221802438589394,0.2261904761904762,0
2023,Streptococcus agalactiae,Ceftriaxone,0.04442319992187363,0.1067985530319472,0.2619047619047619,0
2023,Streptococcus agalactiae,Levofloxacin,0.14988418749054444,0.35706197507225396,0.27976190476190477,1
2023,Streptococcus agalactiae,Linezolid,0.20421749697224456,0.11791045660793634,0.06547619047619048,0
2023,Streptococcus agalactiae,Meropenem,0.08919265018048156,0.15032304126785534,0.2619047619047619,0
2023,Streptococcus agalactiae,Penicillin,0.3716868494036748,0.29292393156480695,0.18452380952380953,0
2023,Streptococcus agalactiae,Tigecycline,0.12137414755158989,0.066591565115821,0.1488095238095238,0
2023,Streptococcus agalactiae,Vancomycin,0.189884715924074,0.08520822423284594,0.05952380952380952,0
2023,Streptococcus dysgalactiae,Ceftaroline,0.0,0.0,0.2261904761904762,0
2023,Streptococcus dysgalactiae,Ceftriaxone,0.0,0.0,0.2619047619047619,0
2023,Streptococcus dysgalactiae,Levofloxacin,0.07629996315852278,0.2775556559748754,0.27976190476190477,0
2023,Streptococcus dysgalactiae,Linezolid,0.16439743189959788,0.17031385663666235,0.06547619047619048,0
2023,Streptococcus dysgalactiae,Meropenem,0.059810454186073454,0.09608424240600266,0.2619047619047619,0
2023,Streptococcus dysgalactiae,Penicillin,0.2862960361982581,0.26113815317405886,0.18452380952380953,0
2023,Streptococcus dysgalactiae,Tigecycline,0.09716371152250845,0.06087236128688893,0.1488095238095238,0
2023,Streptococcus dysgalactiae,Vancomycin,0.03580434918110685,0.03940920251798554,0.05952380952380952,0
2023,Streptococcus pneumoniae,Ceftaroline,0.0802866524219026,0.11681970736872091,0.2261904761904762,0
2023,Streptococcus pneumoniae,Ceftriaxone,0.11158754837370466,0.15582315037748226,0.2619047619047619,1
2023,Streptococcus pneumoniae,Levofloxacin,0.18086033072812963,0.2470465926994805,0.27976190476190477,0
2023,Streptococcus pneumoniae,Linezolid,0.18558387560653022,0.05732797524432876,0.06547619047619048,0
2023,Streptococcus pneumoniae,Tigecycline,0.18125864846209605,0.06636203919278881,0.1488095238095238,0
2023,Streptococcus pneumoniae,Vancomycin,0.18223438168392045,0.04848420793238297,0.05952380952380952,0
2023,Streptococcus pyogenes,Ceftaroline,0.016881526594508218,0.06016089114042292,0.2261904761904762,0
2023,Streptococcus pyogenes,Ceftriaxone,0.04442319992187363,0.1341907867750458,0.2619047619047619,0
2023,Streptococcus pyogenes,Levofloxacin,0.1307200221853206,0.34318458844804717,0.27976190476190477,0
2023,Streptococcus pyogenes,Linezolid,0.20421749697224456,0.14539098292343397,0.06547619047619048,0
2023,Streptococcus pyogenes,Meropenem,0.06749307999155105,0.09505008077634236,0.2619047619047619,0
2023,Streptococcus pyogenes,Penicillin,0.3434007265569857,0.25929919361669523,0.18452380952380953,0
2023,Streptococcus pyogenes,Tigecycline,0.12137414755158989,0.0800934485873822,0.1488095238095238,0
2023,Streptococcus pyogenes,Vancomycin,0.189884715924074,0.10339003293573817,0.05952380952380952,0
2023,"Streptococcus, Beta Hemolytic",Ceftaroline,0.0,0.0,0.2261904761904762,0
2023,"Streptococcus, Beta Hemolytic",Ceftriaxone,0.0,0.0,0.2619047619047619,0
2023,"Streptococcus, Beta Hemolytic",Levofloxacin,0.07629996315852278,0.2775556559748753,0.27976190476190477,0
2023,"Streptococcus, Beta Hemolytic",Linezolid,0.16439743189959788,0.1703138566366623,0.06547619047619048,0
2023,"Streptococcus, Beta Hemolytic",Meropenem,0.059810454186073454,0.09608424240600263,0.2619047619047619,0
2023,"Streptococcus, Beta Hemolytic",Penicillin,0.2862960361982581,0.2611381531740588,0.18452380952380953,0
2023,"Streptococcus, Beta Hemolytic",Tigecycline,0.09716371152250845,0.06087236128688891,0.1488095238095238,0
2023,"Streptococcus, Beta Hemolytic",Vancomycin,0.03580434918110685,0.03940920251798553,0.05952380952380952,0
